sequence,key,current,newValue,before_json,before_ui,after_json,after_ui,repo_status,crowdin_status,crowdin_verified,verification_status
1,buttons.autoplayAriaOff,{label} (automātiski izslēgts),{label} (automatesch ausgeschalt),{label} (automatesch ausgeschalt),{label} (automatesch ausgeschalt),{label} (automatesch ausgeschalt),{label} (automatesch ausgeschalt),already_applied,already_applied,YES,already_pass
2,buttons.autoplayAriaOn,{label} (automātiski ieslēgts),{label} (automatesch ageschalt),{label} (automatesch ageschalt),{label} (automatesch ageschalt),{label} (automatesch ageschalt),{label} (automatesch ageschalt),already_applied,already_applied,YES,already_pass
3,buttons.autoplayLabel,Automātiska izruna,Automatesch Aussprooch,Automatesch Aussprooch,Automatesch Aussprooch,Automatesch Aussprooch,Automatesch Aussprooch,already_applied,already_applied,YES,already_pass
4,buttons.autoplayOff,Automātiska izruna izslēgta,Automatesch Aussprooch ausgeschalt,Automatesch Aussprooch ausgeschalt,Automatesch Aussprooch ausgeschalt,Automatesch Aussprooch ausgeschalt,Automatesch Aussprooch ausgeschalt,already_applied,already_applied,YES,already_pass
5,buttons.autoplayOn,Automātiska izruna ieslēgta,Automatesch Aussprooch ageschalt,Automatesch Aussprooch ageschalt,Automatesch Aussprooch ageschalt,Automatesch Aussprooch ageschalt,Automatesch Aussprooch ageschalt,already_applied,already_applied,YES,already_pass
6,buttons.cancel,Atcelt,Ofbriechen,Ofbriechen,Ofbriechen,Ofbriechen,Ofbriechen,already_applied,already_applied,YES,already_pass
7,buttons.check,Pārbaudīt,Iwwerpréiwen,Iwwerpréiwen,Iwwerpréiwen,Iwwerpréiwen,Iwwerpréiwen,already_applied,already_applied,YES,already_pass
8,buttons.chooseAnotherGroup,Izvēlēties citu grupu,Eng aner Grupp auswielen,Eng aner Grupp auswielen,Eng aner Grupp auswielen,Eng aner Grupp auswielen,Eng aner Grupp auswielen,already_applied,already_applied,YES,already_pass
9,buttons.close,Aizvērt,Zoumaachen,Zoumaachen,Zoumaachen,Zoumaachen,Zoumaachen,already_applied,already_applied,YES,already_pass
10,buttons.continue,Turpināt,Weider,Weider,Weider,Weider,Weider,already_applied,already_applied,YES,already_pass
11,buttons.delete,Dzēst,Läschen,Läschen,Läschen,Läschen,Läschen,already_applied,already_applied,YES,already_pass
12,buttons.disableAutoplay,Izslēgt automātisko izrunu,Automatesch Aussprooch ausschalten,Automatesch Aussprooch ausschalten,Automatesch Aussprooch ausschalten,Automatesch Aussprooch ausschalten,Automatesch Aussprooch ausschalten,already_applied,already_applied,YES,already_pass
13,buttons.enableAutoplay,Ieslēgt automātisko izrunu,Automatesch Aussprooch aschalten,Automatesch Aussprooch aschalten,Automatesch Aussprooch aschalten,Automatesch Aussprooch aschalten,Automatesch Aussprooch aschalten,already_applied,already_applied,YES,already_pass
14,buttons.known,Zinu pareizi,Ech weess et,Ech weess et,Ech weess et,Ech weess et,Ech weess et,already_applied,already_applied,YES,already_pass
15,buttons.knownWithCount,Zināmi ({count}),Bekannt ({count}),Bekannt ({count}),Bekannt ({count}),Bekannt ({count}),Bekannt ({count}),already_applied,already_applied,YES,already_pass
16,buttons.knownWords,Zināmi,Bekannt,Bekannt,Bekannt,Bekannt,Bekannt,already_applied,already_applied,YES,already_pass
17,buttons.listen,Klausīties,Lauschteren,Lauschteren,Lauschteren,Lauschteren,Lauschteren,already_applied,already_applied,YES,already_pass
18,buttons.listenPlural,Klausīties daudzskaitli,D'Méizuel lauschteren,D'Méizuel lauschteren,D'Méizuel lauschteren,D'Méizuel lauschteren,D'Méizuel lauschteren,already_applied,already_applied,YES,already_pass
19,buttons.listenWithWord,Klausīties: {word},Lauschteren: {word},Lauschteren: {word},Lauschteren: {word},Lauschteren: {word},Lauschteren: {word},already_applied,already_applied,YES,already_pass
20,buttons.markMastered,100% zinu,Ech kann et zu 100 %,Ech kann et zu 100 %,Ech kann et zu 100 %,Ech kann et zu 100 %,Ech kann et zu 100 %,already_applied,already_applied,YES,already_pass
21,buttons.markSessionLearned,🏅 Atzīmēt sesiju kā iemācītu,🏅 Sessioun als geléiert markéieren,🏅 Sessioun als geléiert markéieren,🏅 Sessioun als geléiert markéieren,🏅 Sessioun als geléiert markéieren,🏅 Sessioun als geléiert markéieren,already_applied,already_applied,YES,already_pass
22,buttons.markUnwanted,Atzīmēt kā nevajadzīgu,Als net gebraucht markéieren,Als net gebraucht markéieren,Als net gebraucht markéieren,Als net gebraucht markéieren,Als net gebraucht markéieren,already_applied,already_applied,YES,already_pass
23,buttons.masteredWords,100% zināmi,Zu 100 % bekannt,Zu 100 % bekannt,Zu 100 % bekannt,Zu 100 % bekannt,Zu 100 % bekannt,already_applied,already_applied,YES,already_pass
24,buttons.monthlyReview,Mēneša pārskats,Mountsiwwersiicht,Mountsiwwersiicht,Mountsiwwersiicht,Mountsiwwersiicht,Mountsiwwersiicht,already_applied,already_applied,YES,already_pass
25,buttons.restartSession,🔄 Pārskatīt sesiju no jauna,🔄 D'Sessioun nach eng Kéier iwwerpréiwen,🔄 D'Sessioun nach eng Kéier iwwerpréiwen,🔄 D'Sessioun nach eng Kéier iwwerpréiwen,🔄 D'Sessioun nach eng Kéier iwwerpréiwen,🔄 D'Sessioun nach eng Kéier iwwerpréiwen,already_applied,already_applied,YES,already_pass
26,buttons.shuffleVerbs,Jaukt darbības vārdus,Verbe mëschen,Verbe mëschen,Verbe mëschen,Verbe mëschen,Verbe mëschen,already_applied,already_applied,YES,already_pass
27,buttons.unknown,Nezinu,Ech weess et net,Ech weess et net,Ech weess et net,Ech weess et net,Ech weess et net,already_applied,already_applied,YES,already_pass
28,buttons.unwantedWords,Nevajadzīgie vārdi,Net gebraucht Wierder,Net gebraucht Wierder,Net gebraucht Wierder,Net gebraucht Wierder,Net gebraucht Wierder,already_applied,already_applied,YES,already_pass
29,buttons.weeklyReview,Nedēļas pārskats,Wocheniwwersiicht,Wocheniwwersiicht,Wocheniwwersiicht,Wocheniwwersiicht,Wocheniwwersiicht,already_applied,already_applied,YES,already_pass
30,card.cardNotFound,Kartīte netika atrasta,Kaart net fonnt,Kaart net fonnt,Kaart net fonnt,Kaart net fonnt,Kaart net fonnt,already_applied,already_applied,YES,already_pass
31,card.lastSessionLabel,Pēdējā sesija,Lescht Sessioun,Lescht Sessioun,Lescht Sessioun,Lescht Sessioun,Lescht Sessioun,already_applied,already_applied,YES,already_pass
32,card.levelCompleteDesc,Tu esi apguvis visus šīs grupas vārdus. Laiks spert nākamo soli!,Du hues all d'Wierder aus dëser Grupp geléiert. Zäit fir den nächste Schrëtt!,Du hues all d'Wierder aus dëser Grupp geléiert. Zäit fir den nächste Schrëtt!,Du hues all d'Wierder aus dëser Grupp geléiert. Zäit fir den nächste Schrëtt!,Du hues all d'Wierder aus dëser Grupp geléiert. Zäit fir den nächste Schrëtt!,Du hues all d'Wierder aus dëser Grupp geléiert. Zäit fir den nächste Schrëtt!,already_applied,already_applied,YES,already_pass
33,card.levelCompleteTitle,Izcili! {label} līmenis ir pabeigts! 🎉,Exzellent! Niveau {label} ass ofgeschloss! 🎉,Exzellent! Niveau {label} ass ofgeschloss! 🎉,Exzellent! Niveau {label} ass ofgeschloss! 🎉,Exzellent! Niveau {label} ass ofgeschloss! 🎉,Exzellent! Niveau {label} ass ofgeschloss! 🎉,already_applied,already_applied,YES,already_pass
34,card.noActiveWords,Šajā grupā nav aktīvu vārdu.,Et gëtt keng aktiv Wierder an dëser Grupp.,Et gëtt keng aktiv Wierder an dëser Grupp.,Et gëtt keng aktiv Wierder an dëser Grupp.,Et gëtt keng aktiv Wierder an dëser Grupp.,Et gëtt keng aktiv Wierder an dëser Grupp.,already_applied,already_applied,YES,already_pass
35,card.noCardsInSession,Šajā sesijā nav kartīšu.,Et gëtt keng Kaarten an dëser Sessioun.,Et gëtt keng Kaarten an dëser Sessioun.,Et gëtt keng Kaarten an dëser Sessioun.,Et gëtt keng Kaarten an dëser Sessioun.,Et gëtt keng Kaarten an dëser Sessioun.,already_applied,already_applied,YES,already_pass
36,card.problemLabel,Problemātiskie,Problemwierder,Problemwierder,Problemwierder,Problemwierder,Problemwierder,already_applied,already_applied,YES,already_pass
37,card.spelling,Pareizrakstība,Rechtschreiwung,Rechtschreiwung,Rechtschreiwung,Rechtschreiwung,Rechtschreiwung,already_applied,already_applied,YES,already_pass
38,card.spellingVerbs,Pareizrakstība · Darbības vārdi,Rechtschreiwung · Verben,Rechtschreiwung · Verben,Rechtschreiwung · Verben,Rechtschreiwung · Verben,Rechtschreiwung · Verben,already_applied,already_applied,YES,already_pass
39,card.verbsShuffleTraining,Darbības vārdi · Jaukts treniņš,Verben · Gemëschten Training,Verben · Gemëschten Training,Verben · Gemëschten Training,Verben · Gemëschten Training,Verben · Gemëschten Training,already_applied,already_applied,YES,already_pass
40,extra.settings,Iestatījumi,Astellungen,Astellungen,Astellungen,Astellungen,Astellungen,already_applied,already_applied,YES,already_pass
41,extra.wordManagement,Vārdu pārvaldība,Wierder verwalten,Wierder verwalten,Wierder verwalten,Wierder verwalten,Wierder verwalten,already_applied,already_applied,YES,already_pass
42,groups.sentences,Teikumi,Sätz,Sätz,Sätz,Sätz,Sätz,already_applied,already_applied,YES,already_pass
43,hints.chooseModeOrReturn,Izvēlies citu režīmu vai atgriezies vēlāk pārskatīšanai.,Wiel en anere Modus oder komm méi spéit fir d'Iwwerpréiwung zeréck.,Wiel en anere Modus oder komm méi spéit fir d'Iwwerpréiwung zeréck.,Wiel en anere Modus oder komm méi spéit fir d'Iwwerpréiwung zeréck.,Wiel en anere Modus oder komm méi spéit fir d'Iwwerpréiwung zeréck.,Wiel en anere Modus oder komm méi spéit fir d'Iwwerpréiwung zeréck.,already_applied,already_applied,YES,already_pass
44,hints.chooseNextStep,"Izvēlies, ko darīt tālāk.","Wiel, wat s du als Nächst maache wëlls.","Wiel, wat s du als Nächst maache wëlls.","Wiel, wat s du als Nächst maache wëlls.","Wiel, wat s du als Nächst maache wëlls.","Wiel, wat s du als Nächst maache wëlls.",already_applied,already_applied,YES,already_pass
45,hints.tapToReveal,"Klikšķini uz kartītes, lai redzētu tulkojumu.","Klick op d'Kaart, fir d'Iwwersetzung ze gesinn.","Klick op d'Kaart, fir d'Iwwersetzung ze gesinn.","Klick op d'Kaart, fir d'Iwwersetzung ze gesinn.","Klick op d'Kaart, fir d'Iwwersetzung ze gesinn.","Klick op d'Kaart, fir d'Iwwersetzung ze gesinn.",already_applied,already_applied,YES,already_pass
46,hints.trainingCard,{title} vingrinājuma kartīte,Übungskaart: {title},Übungskaart: {title},Übungskaart: {title},Übungskaart: {title},Übungskaart: {title},already_applied,already_applied,YES,already_pass
47,info.answersBody,<strong>Zinu pareizi</strong> — zini atbildi. <strong>Nezinu</strong> — palīdz atcerēties un pievieno problemātiskajiem. <strong>Nākamais vārds</strong> — izlaiž bez vērtējuma.,<strong>Ech weess et</strong> — du kenns d'Äntwert. <strong>Ech weess et net</strong> — hëlleft beim Erënneren a füügt d'Wuert bei d'Problemwierder derbäi. <strong>Nächst Wuert</strong> — iwwerspréngt ouni Bewäertung.,<strong>Ech weess et</strong> — du kenns d'Äntwert. <strong>Ech weess et net</strong> — hëlleft beim Erënneren a füügt d'Wuert bei d'Problemwierder derbäi. <strong>Nächst Wuert</strong> — iwwerspréngt ouni Bewäertung.,<strong>Ech weess et</strong> — du kenns d'Äntwert. <strong>Ech weess et net</strong> — hëlleft beim Erënneren a füügt d'Wuert bei d'Problemwierder derbäi. <strong>Nächst Wuert</strong> — iwwerspréngt ouni Bewäertung.,<strong>Ech weess et</strong> — du kenns d'Äntwert. <strong>Ech weess et net</strong> — hëlleft beim Erënneren a füügt d'Wuert bei d'Problemwierder derbäi. <strong>Nächst Wuert</strong> — iwwerspréngt ouni Bewäertung.,<strong>Ech weess et</strong> — du kenns d'Äntwert. <strong>Ech weess et net</strong> — hëlleft beim Erënneren a füügt d'Wuert bei d'Problemwierder derbäi. <strong>Nächst Wuert</strong> — iwwerspréngt ouni Bewäertung.,already_applied,already_applied,YES,already_pass
48,info.directionBody,"Nospied, lai pārslēgtu starp <strong>DE→{code}</strong> un <strong>{code}→DE</strong>.","Klick, fir tëscht <strong>DE→{code}</strong> an <strong>{code}→DE</strong> ze wiesselen.","Klick, fir tëscht <strong>DE→{code}</strong> an <strong>{code}→DE</strong> ze wiesselen.","Klick, fir tëscht <strong>DE→{code}</strong> an <strong>{code}→DE</strong> ze wiesselen.","Klick, fir tëscht <strong>DE→{code}</strong> an <strong>{code}→DE</strong> ze wiesselen.","Klick, fir tëscht <strong>DE→{code}</strong> an <strong>{code}→DE</strong> ze wiesselen.",already_applied,already_applied,YES,already_pass
49,info.extraBody,"Atver <strong>Papildu opcijas</strong>, lai skatītu nedēļas un mēneša pārskatu, Zināmos vārdus un atgrieztu paslēptos.","Maach <strong>Zousätzlech Optiounen</strong> op, fir d'Wochen- a Mountsiwwersiicht, déi bekannt Wierder an déi verstoppte Wierder ze gesinn.","Maach <strong>Zousätzlech Optiounen</strong> op, fir d'Wochen- a Mountsiwwersiicht, déi bekannt Wierder an déi verstoppte Wierder ze gesinn.","Maach <strong>Zousätzlech Optiounen</strong> op, fir d'Wochen- a Mountsiwwersiicht, déi bekannt Wierder an déi verstoppte Wierder ze gesinn.","Maach <strong>Zousätzlech Optiounen</strong> op, fir d'Wochen- a Mountsiwwersiicht, déi bekannt Wierder an déi verstoppte Wierder ze gesinn.","Maach <strong>Zousätzlech Optiounen</strong> op, fir d'Wochen- a Mountsiwwersiicht, déi bekannt Wierder an déi verstoppte Wierder ze gesinn.",already_applied,already_applied,YES,already_pass
50,info.intensityBody,"Izvēlies, cik vārdu mācīties vienā sesijā: <strong>Viegls · 10</strong>, <strong>Normāls · 20</strong> vai <strong>Intensīvs · 30</strong>.","Wiel, wéi vill Wierder s du an enger Sessioun léiere wëlls: <strong>Liicht · 10</strong>, <strong>Normal · 20</strong> oder <strong>Intensiv · 30</strong>.","Wiel, wéi vill Wierder s du an enger Sessioun léiere wëlls: <strong>Liicht · 10</strong>, <strong>Normal · 20</strong> oder <strong>Intensiv · 30</strong>.","Wiel, wéi vill Wierder s du an enger Sessioun léiere wëlls: <strong>Liicht · 10</strong>, <strong>Normal · 20</strong> oder <strong>Intensiv · 30</strong>.","Wiel, wéi vill Wierder s du an enger Sessioun léiere wëlls: <strong>Liicht · 10</strong>, <strong>Normal · 20</strong> oder <strong>Intensiv · 30</strong>.","Wiel, wéi vill Wierder s du an enger Sessioun léiere wëlls: <strong>Liicht · 10</strong>, <strong>Normal · 20</strong> oder <strong>Intensiv · 30</strong>.",already_applied,already_applied,YES,already_pass
51,info.intensityTitle,Sesijas intensitāte,Intensitéit vun der Sessioun,Intensitéit vun der Sessioun,Intensitéit vun der Sessioun,Intensitéit vun der Sessioun,Intensitéit vun der Sessioun,already_applied,already_applied,YES,already_pass
52,info.listeningBody,"Nospied skaļruņa ikonu kartītē, lai noklausītos izrunu.","Klick op d'Lautsprecher-Symbol op der Kaart, fir d'Aussprooch ze lauschteren.","Klick op d'Lautsprecher-Symbol op der Kaart, fir d'Aussprooch ze lauschteren.","Klick op d'Lautsprecher-Symbol op der Kaart, fir d'Aussprooch ze lauschteren.","Klick op d'Lautsprecher-Symbol op der Kaart, fir d'Aussprooch ze lauschteren.","Klick op d'Lautsprecher-Symbol op der Kaart, fir d'Aussprooch ze lauschteren.",already_applied,already_applied,YES,already_pass
53,info.listeningTitle,Klausīšanās,Lauschteren,Lauschteren,Lauschteren,Lauschteren,Lauschteren,already_applied,already_applied,YES,already_pass
54,info.problemBody,"Nospied <strong>Probl.</strong>, lai mācītos vārdus, ar kuriem esi kļūdījies. Parastajā plūsmā «Nezinu» pievieno vārdu šeit; šeit «Zinu pareizi» samazina kļūdu pakāpi.","Klick op <strong>Probl.</strong>, fir Wierder ze léieren, bei deenen s du Feeler gemaach hues. Am normale Modus füügt «Ech weess et net» d'Wuert hei derbäi; hei reduzéiert «Ech weess et» de Feelergrad.","Klick op <strong>Probl.</strong>, fir Wierder ze léieren, bei deenen s du Feeler gemaach hues. Am normale Modus füügt «Ech weess et net» d'Wuert hei derbäi; hei reduzéiert «Ech weess et» de Feelergrad.","Klick op <strong>Probl.</strong>, fir Wierder ze léieren, bei deenen s du Feeler gemaach hues. Am normale Modus füügt «Ech weess et net» d'Wuert hei derbäi; hei reduzéiert «Ech weess et» de Feelergrad.","Klick op <strong>Probl.</strong>, fir Wierder ze léieren, bei deenen s du Feeler gemaach hues. Am normale Modus füügt «Ech weess et net» d'Wuert hei derbäi; hei reduzéiert «Ech weess et» de Feelergrad.","Klick op <strong>Probl.</strong>, fir Wierder ze léieren, bei deenen s du Feeler gemaach hues. Am normale Modus füügt «Ech weess et net» d'Wuert hei derbäi; hei reduzéiert «Ech weess et» de Feelergrad.",already_applied,already_applied,YES,already_pass
55,info.problemTitle,Problemātiskie vārdi,Problemwierder,Problemwierder,Problemwierder,Problemwierder,Problemwierder,already_applied,already_applied,YES,already_pass
56,info.spellingBody,"Nospied <strong>Rakst.</strong>, lai pirms atbildes jāieraksta vārds ar roku.","Klick op <strong>Schreiwen</strong>, fir d'Wuert virun der Äntwert selwer anzeginn.","Klick op <strong>Schreiwen</strong>, fir d'Wuert virun der Äntwert selwer anzeginn.","Klick op <strong>Schreiwen</strong>, fir d'Wuert virun der Äntwert selwer anzeginn.","Klick op <strong>Schreiwen</strong>, fir d'Wuert virun der Äntwert selwer anzeginn.","Klick op <strong>Schreiwen</strong>, fir d'Wuert virun der Äntwert selwer anzeginn.",already_applied,already_applied,YES,already_pass
57,info.spellingTitle,Pareizrakstība,Rechtschreiwung,Rechtschreiwung,Rechtschreiwung,Rechtschreiwung,Rechtschreiwung,already_applied,already_applied,YES,already_pass
58,info.title,Kā tas strādā?,Wéi funktionéiert et?,Wéi funktionéiert et?,Wéi funktionéiert et?,Wéi funktionéiert et?,Wéi funktionéiert et?,already_applied,already_applied,YES,already_pass
59,info.unwantedBody,Nospied pārsvītroto aci kartītes stūrī — vārds pazudīs no plūsmas. Atgriezt vari sadaļā Papildu opcijas.,Klick op dat duerchgestrachent A am Eck vun der Kaart — d'Wuert verschwënnt aus dem Léierlaf. Du kanns et ënner Zousätzlech Optiounen zerécksetzen.,Klick op dat duerchgestrachent A am Eck vun der Kaart — d'Wuert verschwënnt aus dem Léierlaf. Du kanns et ënner Zousätzlech Optiounen zerécksetzen.,Klick op dat duerchgestrachent A am Eck vun der Kaart — d'Wuert verschwënnt aus dem Léierlaf. Du kanns et ënner Zousätzlech Optiounen zerécksetzen.,Klick op dat duerchgestrachent A am Eck vun der Kaart — d'Wuert verschwënnt aus dem Léierlaf. Du kanns et ënner Zousätzlech Optiounen zerécksetzen.,Klick op dat duerchgestrachent A am Eck vun der Kaart — d'Wuert verschwënnt aus dem Léierlaf. Du kanns et ënner Zousätzlech Optiounen zerécksetzen.,already_applied,already_applied,YES,already_pass
60,info.unwantedTitle,Nevajadzīgie vārdi,Net gebraucht Wierder,Net gebraucht Wierder,Net gebraucht Wierder,Net gebraucht Wierder,Net gebraucht Wierder,already_applied,already_applied,YES,already_pass
61,kurss.articlesDesc,"Der, die, das un lietojuma pamati.","Grondlage vum Gebrauch vun der, die an das.","Grondlage vum Gebrauch vun der, die an das.","Grondlage vum Gebrauch vun der, die an das.","Grondlage vum Gebrauch vun der, die an das.","Grondlage vum Gebrauch vun der, die an das.",already_applied,already_applied,YES,already_pass
62,kurss.articlesSubtitle,"Der, die, das un lietojuma pamati.","Grondlage vum Gebrauch vun der, die an das.","Grondlage vum Gebrauch vun der, die an das.","Grondlage vum Gebrauch vun der, die an das.","Grondlage vum Gebrauch vun der, die an das.","Grondlage vum Gebrauch vun der, die an das.",already_applied,already_applied,YES,already_pass
63,kurss.backToMain,Atgriezties uz galveno ekrānu,Zeréck op den Haaptbildschierm,Zeréck op den Haaptbildschierm,Zeréck op den Haaptbildschierm,Zeréck op den Haaptbildschierm,Zeréck op den Haaptbildschierm,already_applied,already_applied,YES,already_pass
64,kurss.closeCourse,Aizvērt kursu,Cours zoumaachen,Cours zoumaachen,Cours zoumaachen,Cours zoumaachen,Cours zoumaachen,already_applied,already_applied,YES,already_pass
65,kurss.consonantsDesc,Svarīgākās līdzskaņu skaņas iesācējam.,Déi wichtegst Konsonantelaute fir Ufänger.,Déi wichtegst Konsonantelaute fir Ufänger.,Déi wichtegst Konsonantelaute fir Ufänger.,Déi wichtegst Konsonantelaute fir Ufänger.,Déi wichtegst Konsonantelaute fir Ufänger.,already_applied,already_applied,YES,already_pass
66,kurss.consonantsSubtitle,Līdzskaņi un burtu savienojumi,Konsonanten a Buschtawekombinatiounen,Konsonanten a Buschtawekombinatiounen,Konsonanten a Buschtawekombinatiounen,Konsonanten a Buschtawekombinatiounen,Konsonanten a Buschtawekombinatiounen,already_applied,already_applied,YES,already_pass
67,kurss.consonantsTitle,Līdzskaņi un burtu savienojumi,Konsonanten a Buschtawekombinatiounen,Konsonanten a Buschtawekombinatiounen,Konsonanten a Buschtawekombinatiounen,Konsonanten a Buschtawekombinatiounen,Konsonanten a Buschtawekombinatiounen,already_applied,already_applied,YES,already_pass
68,kurss.cta.tapContinue,Pieskaries turpināt,Klick op Weider,Klick op Weider,Klick op Weider,Klick op Weider,Klick op Weider,already_applied,already_applied,YES,already_pass
69,kurss.cta.tapNextCard,Pieskaries nākamajai kartītei,Klick op déi nächst Kaart,Klick op déi nächst Kaart,Klick op déi nächst Kaart,Klick op déi nächst Kaart,Klick op déi nächst Kaart,already_applied,already_applied,YES,already_pass
70,kurss.cta.tapToRevealAnswer,"Pieskaries, lai redzētu atbildi","Klick, fir d'Äntwert ze gesinn","Klick, fir d'Äntwert ze gesinn","Klick, fir d'Äntwert ze gesinn","Klick, fir d'Äntwert ze gesinn","Klick, fir d'Äntwert ze gesinn",already_applied,already_applied,YES,already_pass
71,kurss.cta.transformFirstPlural,Pārveido teikumu 1. personā daudzskaitlī.,Form de Saz an déi 1. Persoun Méizuel ëm.,Form de Saz an déi 1. Persoun Méizuel ëm.,Form de Saz an déi 1. Persoun Méizuel ëm.,Form de Saz an déi 1. Persoun Méizuel ëm.,Form de Saz an déi 1. Persoun Méizuel ëm.,already_applied,already_applied,YES,already_pass
72,kurss.cta.transformSentence,Pārveido teikumu.,Form de Saz ëm.,Form de Saz ëm.,Form de Saz ëm.,Form de Saz ëm.,Form de Saz ëm.,already_applied,already_applied,YES,already_pass
73,kurss.cta.transformThirdSingular,Pārveido teikumu 3. personā vienskaitlī.,Form de Saz an déi 3. Persoun Eenzuel ëm.,Form de Saz an déi 3. Persoun Eenzuel ëm.,Form de Saz an déi 3. Persoun Eenzuel ëm.,Form de Saz an déi 3. Persoun Eenzuel ëm.,Form de Saz an déi 3. Persoun Eenzuel ëm.,already_applied,already_applied,YES,already_pass
74,kurss.exerciseMeta.answerPlural,Tagad atbildi daudzskaitlī.,Äntwert elo an der Méizuel.,Äntwert elo an der Méizuel.,Äntwert elo an der Méizuel.,Äntwert elo an der Méizuel.,Äntwert elo an der Méizuel.,already_applied,already_applied,YES,already_pass
75,kurss.exerciseMeta.chooseCasePlural,Liec pareizo locījumu un darini daudzskaitli!,Setz de richtege Kasus a bild d'Méizuel!,Setz de richtege Kasus a bild d'Méizuel!,Setz de richtege Kasus a bild d'Méizuel!,Setz de richtege Kasus a bild d'Méizuel!,Setz de richtege Kasus a bild d'Méizuel!,already_applied,already_applied,YES,already_pass
76,kurss.exerciseMeta.fillCase,Übung I — lieto pareizo locījumu,Übung I — benotz de richtege Kasus,Übung I — benotz de richtege Kasus,Übung I — benotz de richtege Kasus,Übung I — benotz de richtege Kasus,Übung I — benotz de richtege Kasus,already_applied,already_applied,YES,already_pass
77,kurss.exerciseMeta.formIhr,Forma 2/3: Jūs (daudzskaitlis),Form 2/3: dir (Méizuel),Form 2/3: dir (Méizuel),Form 2/3: dir (Méizuel),Form 2/3: dir (Méizuel),Form 2/3: dir (Méizuel),already_applied,already_applied,YES,already_pass
78,kurss.exerciseMeta.formSie,Forma 3/3: Sie (pieklājīgā forma),Form 3/3: Sie (Héiflechkeetsform),Form 3/3: Sie (Héiflechkeetsform),Form 3/3: Sie (Héiflechkeetsform),Form 3/3: Sie (Héiflechkeetsform),Form 3/3: Sie (Héiflechkeetsform),already_applied,already_applied,YES,already_pass
79,kurss.exerciseProgress,Lekcija {lesson} · Vingrinājums,Lektioun {lesson} · Übung,Lektioun {lesson} · Übung,Lektioun {lesson} · Übung,Lektioun {lesson} · Übung,Lektioun {lesson} · Übung,already_applied,already_applied,YES,already_pass
80,kurss.hints.exerciseCardAria,{title} vingrinājuma kartīte,Übungskaart: {title},Übungskaart: {title},Übungskaart: {title},Übungskaart: {title},Übungskaart: {title},already_applied,already_applied,YES,already_pass
81,kurss.hints.tapNextStep,"Pieskaries kartītei, lai pārietu uz nākamo soli.","Klick op d'Kaart, fir bei den nächste Schrëtt ze goen.","Klick op d'Kaart, fir bei den nächste Schrëtt ze goen.","Klick op d'Kaart, fir bei den nächste Schrëtt ze goen.","Klick op d'Kaart, fir bei den nächste Schrëtt ze goen.","Klick op d'Kaart, fir bei den nächste Schrëtt ze goen.",already_applied,already_applied,YES,already_pass
82,kurss.hints.tapToContinue,"Pieskaries kartītei, lai turpinātu.","Klick op d'Kaart, fir weiderzefueren.","Klick op d'Kaart, fir weiderzefueren.","Klick op d'Kaart, fir weiderzefueren.","Klick op d'Kaart, fir weiderzefueren.","Klick op d'Kaart, fir weiderzefueren.",already_applied,already_applied,YES,already_pass
83,kurss.hints.tapToRevealAnswer,"Pieskaries kartītei, lai redzētu atbildi.","Klick op d'Kaart, fir d'Äntwert ze gesinn.","Klick op d'Kaart, fir d'Äntwert ze gesinn.","Klick op d'Kaart, fir d'Äntwert ze gesinn.","Klick op d'Kaart, fir d'Äntwert ze gesinn.","Klick op d'Kaart, fir d'Äntwert ze gesinn.",already_applied,already_applied,YES,already_pass
84,kurss.hints.tapToRevealGerman,"Pieskaries kartītei, lai redzētu vācu tulkojumu.","Klick op d'Kaart, fir déi däitsch Iwwersetzung ze gesinn.","Klick op d'Kaart, fir déi däitsch Iwwersetzung ze gesinn.","Klick op d'Kaart, fir déi däitsch Iwwersetzung ze gesinn.","Klick op d'Kaart, fir déi däitsch Iwwersetzung ze gesinn.","Klick op d'Kaart, fir déi däitsch Iwwersetzung ze gesinn.",already_applied,already_applied,YES,already_pass
85,kurss.lessonProgress,Lekcija {lesson} · Pārtulko: {current} / {total},Lektioun {lesson} · Iwwersat: {current} / {total},Lektioun {lesson} · Iwwersat: {current} / {total},Lektioun {lesson} · Iwwersat: {current} / {total},Lektioun {lesson} · Iwwersat: {current} / {total},Lektioun {lesson} · Iwwersat: {current} / {total},already_applied,already_applied,YES,already_pass
86,kurss.lessonsDesc,Mācību lekcijas secīgā kārtībā no 1 līdz 21.,Léierlektionen an der Reiefolleg vun 1 bis 21.,Léierlektionen an der Reiefolleg vun 1 bis 21.,Léierlektionen an der Reiefolleg vun 1 bis 21.,Léierlektionen an der Reiefolleg vun 1 bis 21.,Léierlektionen an der Reiefolleg vun 1 bis 21.,already_applied,already_applied,YES,already_pass
87,kurss.lessonsSubtitle,Mācību lekcijas secīgā kārtībā no 1 līdz 21.,Léierlektionen an der Reiefolleg vun 1 bis 21.,Léierlektionen an der Reiefolleg vun 1 bis 21.,Léierlektionen an der Reiefolleg vun 1 bis 21.,Léierlektionen an der Reiefolleg vun 1 bis 21.,Léierlektionen an der Reiefolleg vun 1 bis 21.,already_applied,already_applied,YES,already_pass
88,kurss.pronouns,Vietniekvārdi,Pronomen,Pronomen,Pronomen,Pronomen,Pronomen,already_applied,already_applied,YES,already_pass
89,kurss.pronounsDesc,"Nominativ, Akkusativ un Dativ formas.","Nominativ-, Akkusativ- an Dativformen.","Nominativ-, Akkusativ- an Dativformen.","Nominativ-, Akkusativ- an Dativformen.","Nominativ-, Akkusativ- an Dativformen.","Nominativ-, Akkusativ- an Dativformen.",already_applied,already_applied,YES,already_pass
90,kurss.pronounsSubtitle,"Nominativ, Akkusativ un Dativ — vietniekvārdu formas.","Nominativ, Akkusativ an Dativ — Pronomeformen.","Nominativ, Akkusativ an Dativ — Pronomeformen.","Nominativ, Akkusativ an Dativ — Pronomeformen.","Nominativ, Akkusativ an Dativ — Pronomeformen.","Nominativ, Akkusativ an Dativ — Pronomeformen.",already_applied,already_applied,YES,already_pass
91,kurss.pronunciationDesc,Vācu valodas skaņas un izrunas pamati.,Däitsch Lauter an d'Grondlage vun der Aussprooch.,Däitsch Lauter an d'Grondlage vun der Aussprooch.,Däitsch Lauter an d'Grondlage vun der Aussprooch.,Däitsch Lauter an d'Grondlage vun der Aussprooch.,Däitsch Lauter an d'Grondlage vun der Aussprooch.,already_applied,already_applied,YES,already_pass
92,kurss.pronunciationSubtitle,Vācu valodas skaņas un izrunas pamati,Däitsch Lauter an d'Grondlage vun der Aussprooch,Däitsch Lauter an d'Grondlage vun der Aussprooch,Däitsch Lauter an d'Grondlage vun der Aussprooch,Däitsch Lauter an d'Grondlage vun der Aussprooch,Däitsch Lauter an d'Grondlage vun der Aussprooch,already_applied,already_applied,YES,already_pass
93,kurss.sections.exercise,Vingrinājums,Übung,Übung,Übung,Übung,Übung,already_applied,already_applied,YES,already_pass
94,kurss.sections.exerciseCombined,Übung / Vingrinājums,Übung / Übung,Übung / Übung,Übung / Übung,Übung / Übung,Übung / Übung,already_applied,already_applied,YES,already_pass
95,kurss.sections.translate,Pārtulko,Iwwersetzen,Iwwersetzen,Iwwersetzen,Iwwersetzen,Iwwersetzen,already_applied,already_applied,YES,already_pass
96,kurss.sentenceStructure,Teikumu uzbūve,Sazstruktur,Sazstruktur,Sazstruktur,Sazstruktur,Sazstruktur,already_applied,already_applied,YES,already_pass
97,kurss.sentenceStructureDesc,Vienkārša vārdu secība vācu teikumos.,Einfach Wuertstellung an däitsche Sätz.,Einfach Wuertstellung an däitsche Sätz.,Einfach Wuertstellung an däitsche Sätz.,Einfach Wuertstellung an däitsche Sätz.,Einfach Wuertstellung an däitsche Sätz.,already_applied,already_applied,YES,already_pass
98,kurss.subtitle,Vācu valodas pamati soli pa solim,"Grondlage vun der däitscher Sprooch, Schrëtt fir Schrëtt","Grondlage vun der däitscher Sprooch, Schrëtt fir Schrëtt","Grondlage vun der däitscher Sprooch, Schrëtt fir Schrëtt","Grondlage vun der däitscher Sprooch, Schrëtt fir Schrëtt","Grondlage vun der däitscher Sprooch, Schrëtt fir Schrëtt",already_applied,already_applied,YES,already_pass
99,kurss.tipBody,"Klausies, atkārto un salīdzini. Tava auss ir labākais skolotājs!","Lauschter, widderhuel a vergläich. Däin Ouer ass dee beschte Léiermeeschter!","Lauschter, widderhuel a vergläich. Däin Ouer ass dee beschte Léiermeeschter!","Lauschter, widderhuel a vergläich. Däin Ouer ass dee beschte Léiermeeschter!","Lauschter, widderhuel a vergläich. Däin Ouer ass dee beschte Léiermeeschter!","Lauschter, widderhuel a vergläich. Däin Ouer ass dee beschte Léiermeeschter!",already_applied,already_applied,YES,already_pass
100,kurss.verbBasics,Darbības vārdu pamati,Grondlage vun de Verben,Grondlage vun de Verben,Grondlage vun de Verben,Grondlage vun de Verben,Grondlage vun de Verben,already_applied,already_applied,YES,already_pass
101,kurss.verbBasicsDesc,"Personas, formas un biežākie darbības vārdi.","Persounen, Formen an déi heefegst Verben.","Persounen, Formen an déi heefegst Verben.","Persounen, Formen an déi heefegst Verben.","Persounen, Formen an déi heefegst Verben.","Persounen, Formen an déi heefegst Verben.",already_applied,already_applied,YES,already_pass
102,kurss.vowelsDesc,Garie un īsie patskaņi ar piemēriem.,Laang a kuerz Vokaler mat Beispiller.,Laang a kuerz Vokaler mat Beispiller.,Laang a kuerz Vokaler mat Beispiller.,Laang a kuerz Vokaler mat Beispiller.,Laang a kuerz Vokaler mat Beispiller.,already_applied,already_applied,YES,already_pass
103,kurss.vowelsSubtitle,Patskaņi — garš un īss,Vokaler — laang a kuerz,Vokaler — laang a kuerz,Vokaler — laang a kuerz,Vokaler — laang a kuerz,Vokaler — laang a kuerz,already_applied,already_applied,YES,already_pass
104,kurss.vowelsTitle,Patskaņi — garš un īss,Vokaler — laang a kuerz,Vokaler — laang a kuerz,Vokaler — laang a kuerz,Vokaler — laang a kuerz,Vokaler — laang a kuerz,already_applied,already_applied,YES,already_pass
105,lists.noLearned,Nav iemācīto vārdu.,Et gëtt keng geléiert Wierder.,Et gëtt keng geléiert Wierder.,Et gëtt keng geléiert Wierder.,Et gëtt keng geléiert Wierder.,Et gëtt keng geléiert Wierder.,already_applied,already_applied,YES,already_pass
106,lists.noMastered,Nav 100% zināmo vārdu.,Et gëtt keng zu 100 % bekannte Wierder.,Et gëtt keng zu 100 % bekannte Wierder.,Et gëtt keng zu 100 % bekannte Wierder.,Et gëtt keng zu 100 % bekannte Wierder.,Et gëtt keng zu 100 % bekannte Wierder.,already_applied,already_applied,YES,already_pass
107,lists.noUnwanted,Nav nevajadzīgo vārdu.,Et gëtt keng net gebraucht Wierder.,Et gëtt keng net gebraucht Wierder.,Et gëtt keng net gebraucht Wierder.,Et gëtt keng net gebraucht Wierder.,Et gëtt keng net gebraucht Wierder.,already_applied,already_applied,YES,already_pass
108,menu.chooseGroup,Izvēlies grupu,Wiel eng Grupp,Wiel eng Grupp,Wiel eng Grupp,Wiel eng Grupp,Wiel eng Grupp,already_applied,already_applied,YES,already_pass
109,menu.mainNav,Galvenā izvēlne,Haaptmenü,Haaptmenü,Haaptmenü,Haaptmenü,Haaptmenü,already_applied,already_applied,YES,already_pass
110,menu.sentences,Teikumi,Sätz,Sätz,Sätz,Sätz,Sätz,already_applied,already_applied,YES,already_pass
111,menu.verbs,Darbības vārdi,Verben,Verben,Verben,Verben,Verben,already_applied,already_applied,YES,already_pass
112,modes.intense,Intensīvs,Intensiv,Intensiv,Intensiv,Intensiv,Intensiv,already_applied,already_applied,YES,already_pass
113,modes.normal,Normāls,Normal,Normal,Normal,Normal,Normal,already_applied,already_applied,YES,already_pass
114,nav.backHome,Atgriezties galvenajā izvēlnē,Zeréck an den Haaptmenü,Zeréck an den Haaptmenü,Zeréck an den Haaptmenü,Zeréck an den Haaptmenü,Zeréck an den Haaptmenü,already_applied,already_applied,YES,already_pass
115,nav.changeLanguage,Mainīt dzimto valodu,Mammesprooch änneren,Mammesprooch änneren,Mammesprooch änneren,Mammesprooch änneren,Mammesprooch änneren,already_applied,already_applied,YES,already_pass
116,nav.howItWorks,Kā tas strādā?,Wéi funktionéiert et?,Wéi funktionéiert et?,Wéi funktionéiert et?,Wéi funktionéiert et?,Wéi funktionéiert et?,already_applied,already_applied,YES,already_pass
117,nav.quickTools,Ātrie rīki,Schnellwierkzeugen,Schnellwierkzeugen,Schnellwierkzeugen,Schnellwierkzeugen,Schnellwierkzeugen,already_applied,already_applied,YES,already_pass
118,notices.addedMastered,Vārds pievienots 100% zināmajiem.,D'Wuert gouf bei déi zu 100 % bekannte Wierder derbäigesat.,D'Wuert gouf bei déi zu 100 % bekannte Wierder derbäigesat.,D'Wuert gouf bei déi zu 100 % bekannte Wierder derbäigesat.,D'Wuert gouf bei déi zu 100 % bekannte Wierder derbäigesat.,D'Wuert gouf bei déi zu 100 % bekannte Wierder derbäigesat.,already_applied,already_applied,YES,already_pass
119,notices.alreadyMastered,Vārds jau ir 100% zināmo sarakstā.,D'Wuert ass schonn an der Lëscht vun de zu 100 % bekannte Wierder.,D'Wuert ass schonn an der Lëscht vun de zu 100 % bekannte Wierder.,D'Wuert ass schonn an der Lëscht vun de zu 100 % bekannte Wierder.,D'Wuert ass schonn an der Lëscht vun de zu 100 % bekannte Wierder.,D'Wuert ass schonn an der Lëscht vun de zu 100 % bekannte Wierder.,already_applied,already_applied,YES,already_pass
120,notices.answerRevealed,Atbilde atklāta. Vārds paliek sesijā.,Äntwert ugewisen. D'Wuert bleift an der Sessioun.,Äntwert ugewisen. D'Wuert bleift an der Sessioun.,Äntwert ugewisen. D'Wuert bleift an der Sessioun.,Äntwert ugewisen. D'Wuert bleift an der Sessioun.,Äntwert ugewisen. D'Wuert bleift an der Sessioun.,already_applied,already_applied,YES,already_pass
121,notices.chooseNextGroup,Izvēlies nākamo grupu galvenajā izvēlnē.,Wiel déi nächst Grupp am Haaptmenü.,Wiel déi nächst Grupp am Haaptmenü.,Wiel déi nächst Grupp am Haaptmenü.,Wiel déi nächst Grupp am Haaptmenü.,Wiel déi nächst Grupp am Haaptmenü.,already_applied,already_applied,YES,already_pass
122,notices.continueKnownReview,Turpinām zināmo vārdu pārskatīšanu.,Mir fuere mat der Iwwerpréiwung vun de bekannte Wierder weider.,Mir fuere mat der Iwwerpréiwung vun de bekannte Wierder weider.,Mir fuere mat der Iwwerpréiwung vun de bekannte Wierder weider.,Mir fuere mat der Iwwerpréiwung vun de bekannte Wierder weider.,Mir fuere mat der Iwwerpréiwung vun de bekannte Wierder weider.,already_applied,already_applied,YES,already_pass
123,notices.continueLastSession,Turpinām pēdējās sesijas pārskatīšanu.,Mir fuere mat der Iwwerpréiwung vun der leschter Sessioun weider.,Mir fuere mat der Iwwerpréiwung vun der leschter Sessioun weider.,Mir fuere mat der Iwwerpréiwung vun der leschter Sessioun weider.,Mir fuere mat der Iwwerpréiwung vun der leschter Sessioun weider.,Mir fuere mat der Iwwerpréiwung vun der leschter Sessioun weider.,already_applied,already_applied,YES,already_pass
124,notices.continueTimeReview,Turpinām: {label}.,Mir fuere weider: {label}.,Mir fuere weider: {label}.,Mir fuere weider: {label}.,Mir fuere weider: {label}.,Mir fuere weider: {label}.,already_applied,already_applied,YES,already_pass
125,notices.enterAnswerFirst,Vispirms ievadi pareizu atbildi un nospied Pārbaudīt.,Gëff fir d'éischt déi richteg Äntwert an a klick op Iwwerpréiwen.,Gëff fir d'éischt déi richteg Äntwert an a klick op Iwwerpréiwen.,Gëff fir d'éischt déi richteg Äntwert an a klick op Iwwerpréiwen.,Gëff fir d'éischt déi richteg Äntwert an a klick op Iwwerpréiwen.,Gëff fir d'éischt déi richteg Äntwert an a klick op Iwwerpréiwen.,already_applied,already_applied,YES,already_pass
126,notices.errorLevelReduced,Kļūdu pakāpe samazināta.,De Feelergrad gouf reduzéiert.,De Feelergrad gouf reduzéiert.,De Feelergrad gouf reduzéiert.,De Feelergrad gouf reduzéiert.,De Feelergrad gouf reduzéiert.,already_applied,already_applied,YES,already_pass
127,notices.knownReviewDone,Zināmo vārdu pārskatīšana pabeigta.,D'Iwwerpréiwung vun de bekannte Wierder ass ofgeschloss.,D'Iwwerpréiwung vun de bekannte Wierder ass ofgeschloss.,D'Iwwerpréiwung vun de bekannte Wierder ass ofgeschloss.,D'Iwwerpréiwung vun de bekannte Wierder ass ofgeschloss.,D'Iwwerpréiwung vun de bekannte Wierder ass ofgeschloss.,already_applied,already_applied,YES,already_pass
128,notices.lastSessionDone,Pēdējās sesijas pārskatīšana pabeigta.,D'Iwwerpréiwung vun der leschter Sessioun ass ofgeschloss.,D'Iwwerpréiwung vun der leschter Sessioun ass ofgeschloss.,D'Iwwerpréiwung vun der leschter Sessioun ass ofgeschloss.,D'Iwwerpréiwung vun der leschter Sessioun ass ofgeschloss.,D'Iwwerpréiwung vun der leschter Sessioun ass ofgeschloss.,already_applied,already_applied,YES,already_pass
129,notices.leftForReview,Atstāts pārskatīšanai.,Fir d'Iwwerpréiwung gelooss.,Fir d'Iwwerpréiwung gelooss.,Fir d'Iwwerpréiwung gelooss.,Fir d'Iwwerpréiwung gelooss.,Fir d'Iwwerpréiwung gelooss.,already_applied,already_applied,YES,already_pass
130,notices.leftInProblems,Atstāts problemātiskajā grupā.,An der Grupp vun de Problemwierder gelooss.,An der Grupp vun de Problemwierder gelooss.,An der Grupp vun de Problemwierder gelooss.,An der Grupp vun de Problemwierder gelooss.,An der Grupp vun de Problemwierder gelooss.,already_applied,already_applied,YES,already_pass
131,notices.loadFailed,"Neizdevās ielādēt kartītes. Pārlādē lapu vai pārbaudi, vai visi datu faili ir pieejami.","D'Kaarte konnten net geluede ginn. Luet d'Säit nei oder kontrolléier, ob all Dateie verfügbar sinn.","D'Kaarte konnten net geluede ginn. Luet d'Säit nei oder kontrolléier, ob all Dateie verfügbar sinn.","D'Kaarte konnten net geluede ginn. Luet d'Säit nei oder kontrolléier, ob all Dateie verfügbar sinn.","D'Kaarte konnten net geluede ginn. Luet d'Säit nei oder kontrolléier, ob all Dateie verfügbar sinn.","D'Kaarte konnten net geluede ginn. Luet d'Säit nei oder kontrolléier, ob all Dateie verfügbar sinn.",already_applied,already_applied,YES,already_pass
132,notices.markedKnown,Atzīmēts kā zināms.,Als bekannt markéiert.,Als bekannt markéiert.,Als bekannt markéiert.,Als bekannt markéiert.,Als bekannt markéiert.,already_applied,already_applied,YES,already_pass
133,notices.markedUnwanted,Vārds atzīmēts kā nevajadzīgs.,D'Wuert gouf als net gebraucht markéiert.,D'Wuert gouf als net gebraucht markéiert.,D'Wuert gouf als net gebraucht markéiert.,D'Wuert gouf als net gebraucht markéiert.,D'Wuert gouf als net gebraucht markéiert.,already_applied,already_applied,YES,already_pass
134,notices.movedToKnown,Vārds pārvietots uz Zināmi!,D'Wuert gouf bei Bekannt geréckelt!,D'Wuert gouf bei Bekannt geréckelt!,D'Wuert gouf bei Bekannt geréckelt!,D'Wuert gouf bei Bekannt geréckelt!,D'Wuert gouf bei Bekannt geréckelt!,already_applied,already_applied,YES,already_pass
135,notices.noCard,"Nav kartītes, ko atzīmēt.",Et gëtt keng Kaart fir ze markéieren.,Et gëtt keng Kaart fir ze markéieren.,Et gëtt keng Kaart fir ze markéieren.,Et gëtt keng Kaart fir ze markéieren.,Et gëtt keng Kaart fir ze markéieren.,already_applied,already_applied,YES,already_pass
136,notices.noCardForMastered,"Nav kartītes, ko pievienot 100% zināmajiem.",Et gëtt keng Kaart fir bei déi zu 100 % bekannte Wierder derbäizesetzen.,Et gëtt keng Kaart fir bei déi zu 100 % bekannte Wierder derbäizesetzen.,Et gëtt keng Kaart fir bei déi zu 100 % bekannte Wierder derbäizesetzen.,Et gëtt keng Kaart fir bei déi zu 100 % bekannte Wierder derbäizesetzen.,Et gëtt keng Kaart fir bei déi zu 100 % bekannte Wierder derbäizesetzen.,already_applied,already_applied,YES,already_pass
137,notices.noCardForUnwanted,"Nav kartītes, ko atzīmēt kā nevajadzīgu.",Et gëtt keng Kaart fir als net gebraucht ze markéieren.,Et gëtt keng Kaart fir als net gebraucht ze markéieren.,Et gëtt keng Kaart fir als net gebraucht ze markéieren.,Et gëtt keng Kaart fir als net gebraucht ze markéieren.,Et gëtt keng Kaart fir als net gebraucht ze markéieren.,already_applied,already_applied,YES,already_pass
138,notices.noCardToMark,"Nav kartīšu, ko atzīmēt.",Et gëtt keng Kaarte fir ze markéieren.,Et gëtt keng Kaarte fir ze markéieren.,Et gëtt keng Kaarte fir ze markéieren.,Et gëtt keng Kaarte fir ze markéieren.,Et gëtt keng Kaarte fir ze markéieren.,already_applied,already_applied,YES,already_pass
139,notices.noCompletedSession,"Nav pabeigtas sesijas, ko pārskatīt.",Et gëtt keng ofgeschloss Sessioun fir z'iwwerpréiwen.,Et gëtt keng ofgeschloss Sessioun fir z'iwwerpréiwen.,Et gëtt keng ofgeschloss Sessioun fir z'iwwerpréiwen.,Et gëtt keng ofgeschloss Sessioun fir z'iwwerpréiwen.,Et gëtt keng ofgeschloss Sessioun fir z'iwwerpréiwen.,already_applied,already_applied,YES,already_pass
140,notices.noProblems,Nav problemātisko vārdu.,Et gëtt keng Problemwierder.,Et gëtt keng Problemwierder.,Et gëtt keng Problemwierder.,Et gëtt keng Problemwierder.,Et gëtt keng Problemwierder.,already_applied,already_applied,YES,already_pass
141,notices.noVerbToMark,"Nav darbības vārdu, ko atzīmēt.",Et gëtt kee Verb fir ze markéieren.,Et gëtt kee Verb fir ze markéieren.,Et gëtt kee Verb fir ze markéieren.,Et gëtt kee Verb fir ze markéieren.,Et gëtt kee Verb fir ze markéieren.,already_applied,already_applied,YES,already_pass
142,notices.problemModeOff,Problemātisko vārdu režīms izslēgts.,De Modus fir Problemwierder ass ausgeschalt.,De Modus fir Problemwierder ass ausgeschalt.,De Modus fir Problemwierder ass ausgeschalt.,De Modus fir Problemwierder ass ausgeschalt.,De Modus fir Problemwierder ass ausgeschalt.,already_applied,already_applied,YES,already_pass
143,notices.problemsFinishedMoved,Problemātiskie vārdi izmācīti. Vārds pārvietots uz Zināmi!,D'Problemwierder si geléiert. D'Wuert gouf bei Bekannt geréckelt!,D'Problemwierder si geléiert. D'Wuert gouf bei Bekannt geréckelt!,D'Problemwierder si geléiert. D'Wuert gouf bei Bekannt geréckelt!,D'Problemwierder si geléiert. D'Wuert gouf bei Bekannt geréckelt!,D'Problemwierder si geléiert. D'Wuert gouf bei Bekannt geréckelt!,already_applied,already_applied,YES,already_pass
144,notices.returnedToStudy,Atgriezts mācīšanās režīmā.,Zeréck an de Léiermodus gesat.,Zeréck an de Léiermodus gesat.,Zeréck an de Léiermodus gesat.,Zeréck an de Léiermodus gesat.,Zeréck an de Léiermodus gesat.,already_applied,already_applied,YES,already_pass
145,notices.sessionArchived,Pēdējā sesija atzīmēta kā iemācīta.,Déi lescht Sessioun gouf als geléiert markéiert.,Déi lescht Sessioun gouf als geléiert markéiert.,Déi lescht Sessioun gouf als geléiert markéiert.,Déi lescht Sessioun gouf als geléiert markéiert.,Déi lescht Sessioun gouf als geléiert markéiert.,already_applied,already_applied,YES,already_pass
146,notices.sessionArchivedNext,Pēdējā sesija atzīmēta kā iemācīta. Ielādēta nākamā sesija.,Déi lescht Sessioun gouf als geléiert markéiert. Déi nächst Sessioun gouf gelueden.,Déi lescht Sessioun gouf als geléiert markéiert. Déi nächst Sessioun gouf gelueden.,Déi lescht Sessioun gouf als geléiert markéiert. Déi nächst Sessioun gouf gelueden.,Déi lescht Sessioun gouf als geléiert markéiert. Déi nächst Sessioun gouf gelueden.,Déi lescht Sessioun gouf als geléiert markéiert. Déi nächst Sessioun gouf gelueden.,already_applied,already_applied,YES,already_pass
147,notices.sessionMovedToKnown,Sesijas vārdi pārvietoti uz zināmajiem.,D'Wierder aus der Sessioun goufen bei déi bekannt Wierder geréckelt.,D'Wierder aus der Sessioun goufen bei déi bekannt Wierder geréckelt.,D'Wierder aus der Sessioun goufen bei déi bekannt Wierder geréckelt.,D'Wierder aus der Sessioun goufen bei déi bekannt Wierder geréckelt.,D'Wierder aus der Sessioun goufen bei déi bekannt Wierder geréckelt.,already_applied,already_applied,YES,already_pass
148,notices.sessionReloaded,Sesija ielādēta no jauna ar jauktu secību.,D'Sessioun gouf an enger gemëschter Reiefolleg nei gelueden.,D'Sessioun gouf an enger gemëschter Reiefolleg nei gelueden.,D'Sessioun gouf an enger gemëschter Reiefolleg nei gelueden.,D'Sessioun gouf an enger gemëschter Reiefolleg nei gelueden.,D'Sessioun gouf an enger gemëschter Reiefolleg nei gelueden.,already_applied,already_applied,YES,already_pass
149,notices.showingKnown,Rādām zināmās kartītes.,Déi bekannt Kaarte ginn ugewisen.,Déi bekannt Kaarte ginn ugewisen.,Déi bekannt Kaarte ginn ugewisen.,Déi bekannt Kaarte ginn ugewisen.,Déi bekannt Kaarte ginn ugewisen.,already_applied,already_applied,YES,already_pass
150,notices.showingLastSession,Rādām pēdējo pabeigto sesiju.,Déi lescht ofgeschloss Sessioun gëtt ugewisen.,Déi lescht ofgeschloss Sessioun gëtt ugewisen.,Déi lescht ofgeschloss Sessioun gëtt ugewisen.,Déi lescht ofgeschloss Sessioun gëtt ugewisen.,Déi lescht ofgeschloss Sessioun gëtt ugewisen.,already_applied,already_applied,YES,already_pass
151,notices.showingProblems,Rādām problemātiskos vārdus.,D'Problemwierder ginn ugewisen.,D'Problemwierder ginn ugewisen.,D'Problemwierder ginn ugewisen.,D'Problemwierder ginn ugewisen.,D'Problemwierder ginn ugewisen.,already_applied,already_applied,YES,already_pass
152,notices.showingTimeReview,Rādām: {label}.,Ugewisen: {label}.,Ugewisen: {label}.,Ugewisen: {label}.,Ugewisen: {label}.,Ugewisen: {label}.,already_applied,already_applied,YES,already_pass
153,notices.spellingOff,Pareizrakstības režīms izslēgts.,De Rechtschreiwungsmodus ass ausgeschalt.,De Rechtschreiwungsmodus ass ausgeschalt.,De Rechtschreiwungsmodus ass ausgeschalt.,De Rechtschreiwungsmodus ass ausgeschalt.,De Rechtschreiwungsmodus ass ausgeschalt.,already_applied,already_applied,YES,already_pass
154,notices.spellingOn,Pareizrakstības režīms ieslēgts.,De Rechtschreiwungsmodus ass ageschalt.,De Rechtschreiwungsmodus ass ageschalt.,De Rechtschreiwungsmodus ass ageschalt.,De Rechtschreiwungsmodus ass ageschalt.,De Rechtschreiwungsmodus ass ageschalt.,already_applied,already_applied,YES,already_pass
155,notices.verbMarkedKnown,Darbības vārds atzīmēts kā zināms.,D'Verb gouf als bekannt markéiert.,D'Verb gouf als bekannt markéiert.,D'Verb gouf als bekannt markéiert.,D'Verb gouf als bekannt markéiert.,D'Verb gouf als bekannt markéiert.,already_applied,already_applied,YES,already_pass
156,notices.verbShuffleOff,Darbības vārdu jaukšana izslēgta.,D'Mësche vun de Verben ass ausgeschalt.,D'Mësche vun de Verben ass ausgeschalt.,D'Mësche vun de Verben ass ausgeschalt.,D'Mësche vun de Verben ass ausgeschalt.,D'Mësche vun de Verben ass ausgeschalt.,already_applied,already_applied,YES,already_pass
157,notices.verbShuffleOn,Darbības vārdu jaukšana ieslēgta.,D'Mësche vun de Verben ass ageschalt.,D'Mësche vun de Verben ass ageschalt.,D'Mësche vun de Verben ass ageschalt.,D'Mësche vun de Verben ass ageschalt.,D'Mësche vun de Verben ass ageschalt.,already_applied,already_applied,YES,already_pass
158,plural.wordOne,vārds,Wuert,Wuert,Wuert,Wuert,Wuert,already_applied,already_applied,YES,already_pass
159,plural.wordsFew,vārdi,Wierder,Wierder,Wierder,Wierder,Wierder,already_applied,already_applied,YES,already_pass
160,plural.wordsMany,vārdi,Wierder,Wierder,Wierder,Wierder,Wierder,already_applied,already_applied,YES,already_pass
161,progress.verbsHeading,Darbības vārdi,Verben,Verben,Verben,Verben,Verben,already_applied,already_applied,YES,already_pass
162,restore.ariaLabel,Apstiprināt visu progressa dzēšanu,D'Läsche vum ganze Fortschrëtt bestätegen,D'Läsche vum ganze Fortschrëtt bestätegen,D'Läsche vum ganze Fortschrëtt bestätegen,D'Läsche vum ganze Fortschrëtt bestätegen,D'Läsche vum ganze Fortschrëtt bestätegen,already_applied,already_applied,YES,already_pass
163,restore.warning,Uzmanību! Viss iemācītais progress un vārdu vēsture tiks pilnībā nodzēsta pa nullēm.,Opgepasst! De ganze Léierfortschrëtt an d'Geschicht vun de Wierder ginn definitiv geläscht an op null zeréckgesat.,Opgepasst! De ganze Léierfortschrëtt an d'Geschicht vun de Wierder ginn definitiv geläscht an op null zeréckgesat.,Opgepasst! De ganze Léierfortschrëtt an d'Geschicht vun de Wierder ginn definitiv geläscht an op null zeréckgesat.,Opgepasst! De ganze Léierfortschrëtt an d'Geschicht vun de Wierder ginn definitiv geläscht an op null zeréckgesat.,Opgepasst! De ganze Léierfortschrëtt an d'Geschicht vun de Wierder ginn definitiv geläscht an op null zeréckgesat.,already_applied,already_applied,YES,already_pass
164,review.knownReviewDone,Zināmo vārdu pārskatīšana pabeigta.,D'Iwwerpréiwung vun de bekannte Wierder ass ofgeschloss.,D'Iwwerpréiwung vun de bekannte Wierder ass ofgeschloss.,D'Iwwerpréiwung vun de bekannte Wierder ass ofgeschloss.,D'Iwwerpréiwung vun de bekannte Wierder ass ofgeschloss.,D'Iwwerpréiwung vun de bekannte Wierder ass ofgeschloss.,already_applied,already_applied,YES,already_pass
165,review.monthCount,Šomēnes iemācīti: {count} {words},Dëse Mount geléiert: {count} {words},Dëse Mount geléiert: {count} {words},Dëse Mount geléiert: {count} {words},Dëse Mount geléiert: {count} {words},Dëse Mount geléiert: {count} {words},already_applied,already_applied,YES,already_pass
166,review.monthDone,Mēneša pārskats pabeigts.,D'Mountsiwwersiicht ass ofgeschloss.,D'Mountsiwwersiicht ass ofgeschloss.,D'Mountsiwwersiicht ass ofgeschloss.,D'Mountsiwwersiicht ass ofgeschloss.,D'Mountsiwwersiicht ass ofgeschloss.,already_applied,already_applied,YES,already_pass
167,review.monthEmpty,Nav iemācītu vārdu mēneša pārskatam.,Et gëtt keng geléiert Wierder fir d'Mountsiwwersiicht.,Et gëtt keng geléiert Wierder fir d'Mountsiwwersiicht.,Et gëtt keng geléiert Wierder fir d'Mountsiwwersiicht.,Et gëtt keng geléiert Wierder fir d'Mountsiwwersiicht.,Et gëtt keng geléiert Wierder fir d'Mountsiwwersiicht.,already_applied,already_applied,YES,already_pass
168,review.monthLabel,Mēneša pārskats,Mountsiwwersiicht,Mountsiwwersiicht,Mountsiwwersiicht,Mountsiwwersiicht,Mountsiwwersiicht,already_applied,already_applied,YES,already_pass
169,review.weekCount,Šonedēļ iemācīti: {count} {words},Dës Woch geléiert: {count} {words},Dës Woch geléiert: {count} {words},Dës Woch geléiert: {count} {words},Dës Woch geléiert: {count} {words},Dës Woch geléiert: {count} {words},already_applied,already_applied,YES,already_pass
170,review.weekDone,Nedēļas pārskats pabeigts.,D'Wocheniwwersiicht ass ofgeschloss.,D'Wocheniwwersiicht ass ofgeschloss.,D'Wocheniwwersiicht ass ofgeschloss.,D'Wocheniwwersiicht ass ofgeschloss.,D'Wocheniwwersiicht ass ofgeschloss.,already_applied,already_applied,YES,already_pass
171,review.weekEmpty,Nav iemācītu vārdu nedēļas pārskatam.,Et gëtt keng geléiert Wierder fir d'Wocheniwwersiicht.,Et gëtt keng geléiert Wierder fir d'Wocheniwwersiicht.,Et gëtt keng geléiert Wierder fir d'Wocheniwwersiicht.,Et gëtt keng geléiert Wierder fir d'Wocheniwwersiicht.,Et gëtt keng geléiert Wierder fir d'Wocheniwwersiicht.,already_applied,already_applied,YES,already_pass
172,review.weekLabel,Nedēļas pārskats,Wocheniwwersiicht,Wocheniwwersiicht,Wocheniwwersiicht,Wocheniwwersiicht,Wocheniwwersiicht,already_applied,already_applied,YES,already_pass
173,spelling.missingChar,trūkst: {char},feelt: {char},feelt: {char},feelt: {char},feelt: {char},feelt: {char},already_applied,already_applied,YES,already_pass
174,spelling.noVerbTask,Šim darbības vārdam nav pareizrakstības uzdevuma.,Et gëtt keng Rechtschreiwungsübung fir dëst Verb.,Et gëtt keng Rechtschreiwungsübung fir dëst Verb.,Et gëtt keng Rechtschreiwungsübung fir dëst Verb.,Et gëtt keng Rechtschreiwungsübung fir dëst Verb.,Et gëtt keng Rechtschreiwungsübung fir dëst Verb.,already_applied,already_applied,YES,already_pass
175,study.hints.tapToOpenExplanation,"Klikšķini uz kartītes, lai atvērtu skaidrojumu.","Klick op d'Kaart, fir d'Erklärung opzemaachen.","Klick op d'Kaart, fir d'Erklärung opzemaachen.","Klick op d'Kaart, fir d'Erklärung opzemaachen.","Klick op d'Kaart, fir d'Erklärung opzemaachen.","Klick op d'Kaart, fir d'Erklärung opzemaachen.",already_applied,already_applied,YES,already_pass
176,study.hints.tapToRevealGerman,"Klikšķini uz kartītes, lai redzētu vācu vārdu.","Klick op d'Kaart, fir dat däitscht Wuert ze gesinn.","Klick op d'Kaart, fir dat däitscht Wuert ze gesinn.","Klick op d'Kaart, fir dat däitscht Wuert ze gesinn.","Klick op d'Kaart, fir dat däitscht Wuert ze gesinn.","Klick op d'Kaart, fir dat däitscht Wuert ze gesinn.",already_applied,already_applied,YES,already_pass
177,study.minimal.noteLabel,Norāde:,Hiweis:,Hiweis:,Hiweis:,Hiweis:,Hiweis:,already_applied,already_applied,YES,already_pass
178,study.sections.comparison,Salīdzinājums,Verglach,Verglach,Verglach,Verglach,Verglach,already_applied,already_applied,YES,already_pass
179,study.sections.comparisonBadge,SALĪDZINĀJUMA KARTĪTE,VERGLÄICHSKAART,VERGLÄICHSKAART,VERGLÄICHSKAART,VERGLÄICHSKAART,VERGLÄICHSKAART,already_applied,already_applied,YES,already_pass
180,study.sections.comparisonFocus,Svarīgs salīdzinājums,Wichtege Verglach,Wichtege Verglach,Wichtege Verglach,Wichtege Verglach,Wichtege Verglach,already_applied,already_applied,YES,already_pass
181,study.sections.examples,Piemēri,Beispiller,Beispiller,Beispiller,Beispiller,Beispiller,already_applied,already_applied,YES,already_pass
182,study.sections.important,Svarīgi,Wichteg,Wichteg,Wichteg,Wichteg,Wichteg,already_applied,already_applied,YES,already_pass
183,study.sections.mainIdea,Galvenā doma,Haaptiddi,Haaptiddi,Haaptiddi,Haaptiddi,Haaptiddi,already_applied,already_applied,YES,already_pass
184,study.sections.mistakes,Tipiskās kļūdas,Typesch Feeler,Typesch Feeler,Typesch Feeler,Typesch Feeler,Typesch Feeler,already_applied,already_applied,YES,already_pass
185,study.table.example,Piemērs,Beispill,Beispill,Beispill,Beispill,Beispill,already_applied,already_applied,YES,already_pass
186,study.table.mainMeaning,Galvenā nozīme,Haaptbedeitung,Haaptbedeitung,Haaptbedeitung,Haaptbedeitung,Haaptbedeitung,already_applied,already_applied,YES,already_pass
187,study.table.meaning,Nozīme,Bedeitung,Bedeitung,Bedeitung,Bedeitung,Bedeitung,already_applied,already_applied,YES,already_pass
188,study.table.word,Vārds,Wuert,Wuert,Wuert,Wuert,Wuert,already_applied,already_applied,YES,already_pass
189,tools.problemFull,Problemātiskie vārdi,Problemwierder,Problemwierder,Problemwierder,Problemwierder,Problemwierder,already_applied,already_applied,YES,already_pass
190,tools.problemWithCount,Problemātiskie vārdi ({count}),Problemwierder ({count}),Problemwierder ({count}),Problemwierder ({count}),Problemwierder ({count}),Problemwierder ({count}),already_applied,already_applied,YES,already_pass
191,tools.spellingFull,Pareizrakstība,Rechtschreiwung,Rechtschreiwung,Rechtschreiwung,Rechtschreiwung,Rechtschreiwung,already_applied,already_applied,YES,already_pass
192,verb.guessInfinitive,Uzmini infinitīvu,Erréit den Infinitiv,Erréit den Infinitiv,Erréit den Infinitiv,Erréit den Infinitiv,Erréit den Infinitiv,already_applied,already_applied,YES,already_pass
193,verb.guessPastParticiple,Uzmini pagātnes divdabi,Erréit de Partizip II,Erréit de Partizip II,Erréit de Partizip II,Erréit de Partizip II,Erréit de Partizip II,already_applied,already_applied,YES,already_pass
194,verb.hintTapAnswer,"Klikšķini uz kartītes, lai redzētu atbildi.","Klick op d'Kaart, fir d'Äntwert ze gesinn.","Klick op d'Kaart, fir d'Äntwert ze gesinn.","Klick op d'Kaart, fir d'Äntwert ze gesinn.","Klick op d'Kaart, fir d'Äntwert ze gesinn.","Klick op d'Kaart, fir d'Äntwert ze gesinn.",already_applied,already_applied,YES,already_pass
195,verb.hintTapSwitch,"Klikšķini uz kartītes, lai pārslēgtu formu.","Klick op d'Kaart, fir d'Form ze wiesselen.","Klick op d'Kaart, fir d'Form ze wiesselen.","Klick op d'Kaart, fir d'Form ze wiesselen.","Klick op d'Kaart, fir d'Form ze wiesselen.","Klick op d'Kaart, fir d'Form ze wiesselen.",already_applied,already_applied,YES,already_pass
196,verb.imperfectIndicative,Imperfekts - Indikatīvs,Imperfekt – Indikativ,Imperfekt – Indikativ,Imperfekt – Indikativ,Imperfekt – Indikativ,Imperfekt – Indikativ,already_applied,already_applied,YES,already_pass
197,verb.imperfectSubjunctive,Imperfekts - Konjunktīvs,Imperfekt – Konjunktiv,Imperfekt – Konjunktiv,Imperfekt – Konjunktiv,Imperfekt – Konjunktiv,Imperfekt – Konjunktiv,already_applied,already_applied,YES,already_pass
198,verb.infinitive,Infinitīvs,Infinitiv,Infinitiv,Infinitiv,Infinitiv,Infinitiv,already_applied,already_applied,YES,already_pass
199,verb.noShuffleForms,Šim darbības vārdam nav pietiekami daudz formu jaukšanai.,Dëst Verb huet net genuch Forme fir ze mëschen.,Dëst Verb huet net genuch Forme fir ze mëschen.,Dëst Verb huet net genuch Forme fir ze mëschen.,Dëst Verb huet net genuch Forme fir ze mëschen.,Dëst Verb huet net genuch Forme fir ze mëschen.,already_applied,already_applied,YES,already_pass
200,verb.pastParticiple,Pagātnes divdabis,Partizip II,Partizip II,Partizip II,Partizip II,Partizip II,already_applied,already_applied,YES,already_pass
201,verb.writeInfinitive,Uzraksti infinitīvu,Schreif den Infinitiv,Schreif den Infinitiv,Schreif den Infinitiv,Schreif den Infinitiv,Schreif den Infinitiv,already_applied,already_applied,YES,already_pass
202,verb.writePastParticiple,Uzraksti pagātnes divdabi,Schreif de Partizip II,Schreif de Partizip II,Schreif de Partizip II,Schreif de Partizip II,Schreif de Partizip II,already_applied,already_applied,YES,already_pass
