sequence,language,key,lvSource,current,ownerStatus,newValue,reason
"1","lb","buttons.autoplayAriaOff","{label} (automātiski izslēgts)","{label} (automātiski izslēgts)","LABOT","{label} (automatesch ausgeschalt)","REAL_UNTRANSLATED"
"2","lb","buttons.autoplayAriaOn","{label} (automātiski ieslēgts)","{label} (automātiski ieslēgts)","LABOT","{label} (automatesch ageschalt)","REAL_UNTRANSLATED"
"3","lb","buttons.autoplayLabel","Automātiska izruna","Automātiska izruna","LABOT","Automatesch Aussprooch","REAL_UNTRANSLATED"
"4","lb","buttons.autoplayOff","Automātiska izruna izslēgta","Automātiska izruna izslēgta","LABOT","Automatesch Aussprooch ausgeschalt","REAL_UNTRANSLATED"
"5","lb","buttons.autoplayOn","Automātiska izruna ieslēgta","Automātiska izruna ieslēgta","LABOT","Automatesch Aussprooch ageschalt","REAL_UNTRANSLATED"
"6","lb","buttons.cancel","Atcelt","Atcelt","LABOT","Ofbriechen","REAL_UNTRANSLATED"
"7","lb","buttons.check","Pārbaudīt","Pārbaudīt","LABOT","Iwwerpréiwen","REAL_UNTRANSLATED"
"8","lb","buttons.chooseAnotherGroup","Izvēlēties citu grupu","Izvēlēties citu grupu","LABOT","Eng aner Grupp auswielen","REAL_UNTRANSLATED"
"9","lb","buttons.close","Aizvērt","Aizvērt","LABOT","Zoumaachen","REAL_UNTRANSLATED"
"10","lb","buttons.continue","Turpināt","Turpināt","LABOT","Weider","REAL_UNTRANSLATED"
"11","lb","buttons.delete","Dzēst","Dzēst","LABOT","Läschen","REAL_UNTRANSLATED"
"12","lb","buttons.disableAutoplay","Izslēgt automātisko izrunu","Izslēgt automātisko izrunu","LABOT","Automatesch Aussprooch ausschalten","REAL_UNTRANSLATED"
"13","lb","buttons.enableAutoplay","Ieslēgt automātisko izrunu","Ieslēgt automātisko izrunu","LABOT","Automatesch Aussprooch aschalten","REAL_UNTRANSLATED"
"14","lb","buttons.known","Zinu pareizi","Zinu pareizi","LABOT","Ech weess et","REAL_UNTRANSLATED"
"15","lb","buttons.knownWithCount","Zināmi ({count})","Zināmi ({count})","LABOT","Bekannt ({count})","REAL_UNTRANSLATED"
"16","lb","buttons.knownWords","Zināmi","Zināmi","LABOT","Bekannt","REAL_UNTRANSLATED"
"17","lb","buttons.listen","Klausīties","Klausīties","LABOT","Lauschteren","REAL_UNTRANSLATED"
"18","lb","buttons.listenPlural","Klausīties daudzskaitli","Klausīties daudzskaitli","LABOT","D'Méizuel lauschteren","REAL_UNTRANSLATED"
"19","lb","buttons.listenWithWord","Klausīties: {word}","Klausīties: {word}","LABOT","Lauschteren: {word}","REAL_UNTRANSLATED"
"20","lb","buttons.markMastered","100% zinu","100% zinu","LABOT","Ech kann et zu 100 %","REAL_UNTRANSLATED"
"21","lb","buttons.markSessionLearned","🏅 Atzīmēt sesiju kā iemācītu","🏅 Atzīmēt sesiju kā iemācītu","LABOT","🏅 Sessioun als geléiert markéieren","REAL_UNTRANSLATED"
"22","lb","buttons.markUnwanted","Atzīmēt kā nevajadzīgu","Atzīmēt kā nevajadzīgu","LABOT","Als net gebraucht markéieren","REAL_UNTRANSLATED"
"23","lb","buttons.masteredWords","100% zināmi","100% zināmi","LABOT","Zu 100 % bekannt","REAL_UNTRANSLATED"
"24","lb","buttons.monthlyReview","Mēneša pārskats","Mēneša pārskats","LABOT","Mountsiwwersiicht","REAL_UNTRANSLATED"
"25","lb","buttons.restartSession","🔄 Pārskatīt sesiju no jauna","🔄 Pārskatīt sesiju no jauna","LABOT","🔄 D'Sessioun nach eng Kéier iwwerpréiwen","REAL_UNTRANSLATED"
"26","lb","buttons.shuffleVerbs","Jaukt darbības vārdus","Jaukt darbības vārdus","LABOT","Verbe mëschen","REAL_UNTRANSLATED"
"27","lb","buttons.unknown","Nezinu","Nezinu","LABOT","Ech weess et net","REAL_UNTRANSLATED"
"28","lb","buttons.unwantedWords","Nevajadzīgie vārdi","Nevajadzīgie vārdi","LABOT","Net gebraucht Wierder","REAL_UNTRANSLATED"
"29","lb","buttons.weeklyReview","Nedēļas pārskats","Nedēļas pārskats","LABOT","Wocheniwwersiicht","REAL_UNTRANSLATED"
"30","lb","card.cardNotFound","Kartīte netika atrasta","Kartīte netika atrasta","LABOT","Kaart net fonnt","REAL_UNTRANSLATED"
"31","lb","card.lastSessionLabel","Pēdējā sesija","Pēdējā sesija","LABOT","Lescht Sessioun","REAL_UNTRANSLATED"
"32","lb","card.levelCompleteDesc","Tu esi apguvis visus šīs grupas vārdus. Laiks spert nākamo soli!","Tu esi apguvis visus šīs grupas vārdus. Laiks spert nākamo soli!","LABOT","Du hues all d'Wierder aus dëser Grupp geléiert. Zäit fir den nächste Schrëtt!","REAL_UNTRANSLATED"
"33","lb","card.levelCompleteTitle","Izcili! {label} līmenis ir pabeigts! 🎉","Izcili! {label} līmenis ir pabeigts! 🎉","LABOT","Exzellent! Niveau {label} ass ofgeschloss! 🎉","REAL_UNTRANSLATED"
"34","lb","card.noActiveWords","Šajā grupā nav aktīvu vārdu.","Šajā grupā nav aktīvu vārdu.","LABOT","Et gëtt keng aktiv Wierder an dëser Grupp.","REAL_UNTRANSLATED"
"35","lb","card.noCardsInSession","Šajā sesijā nav kartīšu.","Šajā sesijā nav kartīšu.","LABOT","Et gëtt keng Kaarten an dëser Sessioun.","REAL_UNTRANSLATED"
"36","lb","card.problemLabel","Problemātiskie","Problemātiskie","LABOT","Problemwierder","REAL_UNTRANSLATED"
"37","lb","card.spelling","Pareizrakstība","Pareizrakstība","LABOT","Rechtschreiwung","REAL_UNTRANSLATED"
"38","lb","card.spellingVerbs","Pareizrakstība · Darbības vārdi","Pareizrakstība · Darbības vārdi","LABOT","Rechtschreiwung · Verben","REAL_UNTRANSLATED"
"39","lb","card.verbsShuffleTraining","Darbības vārdi · Jaukts treniņš","Darbības vārdi · Jaukts treniņš","LABOT","Verben · Gemëschten Training","REAL_UNTRANSLATED"
"40","lb","extra.settings","Iestatījumi","Iestatījumi","LABOT","Astellungen","REAL_UNTRANSLATED"
"41","lb","extra.wordManagement","Vārdu pārvaldība","Vārdu pārvaldība","LABOT","Wierder verwalten","REAL_UNTRANSLATED"
"42","lb","groups.sentences","Teikumi","Teikumi","LABOT","Sätz","REAL_UNTRANSLATED"
"43","lb","hints.chooseModeOrReturn","Izvēlies citu režīmu vai atgriezies vēlāk pārskatīšanai.","Izvēlies citu režīmu vai atgriezies vēlāk pārskatīšanai.","LABOT","Wiel en anere Modus oder komm méi spéit fir d'Iwwerpréiwung zeréck.","REAL_UNTRANSLATED"
"44","lb","hints.chooseNextStep","Izvēlies, ko darīt tālāk.","Izvēlies, ko darīt tālāk.","LABOT","Wiel, wat s du als Nächst maache wëlls.","REAL_UNTRANSLATED"
"45","lb","hints.tapToReveal","Klikšķini uz kartītes, lai redzētu tulkojumu.","Klikšķini uz kartītes, lai redzētu tulkojumu.","LABOT","Klick op d'Kaart, fir d'Iwwersetzung ze gesinn.","REAL_UNTRANSLATED"
"46","lb","hints.trainingCard","{title} vingrinājuma kartīte","{title} vingrinājuma kartīte","LABOT","Übungskaart: {title}","REAL_UNTRANSLATED"
"47","lb","info.answersBody","<strong>Zinu pareizi</strong> — zini atbildi. <strong>Nezinu</strong> — palīdz atcerēties un pievieno problemātiskajiem. <strong>Nākamais vārds</strong> — izlaiž bez vērtējuma.","<strong>Zinu pareizi</strong> — zini atbildi. <strong>Nezinu</strong> — palīdz atcerēties un pievieno problemātiskajiem. <strong>Nākamais vārds</strong> — izlaiž bez vērtējuma.","LABOT","<strong>Ech weess et</strong> — du kenns d'Äntwert. <strong>Ech weess et net</strong> — hëlleft beim Erënneren a füügt d'Wuert bei d'Problemwierder derbäi. <strong>Nächst Wuert</strong> — iwwerspréngt ouni Bewäertung.","REAL_UNTRANSLATED"
"48","lb","info.directionBody","Nospied, lai pārslēgtu starp <strong>DE→{code}</strong> un <strong>{code}→DE</strong>.","Nospied, lai pārslēgtu starp <strong>DE→{code}</strong> un <strong>{code}→DE</strong>.","LABOT","Klick, fir tëscht <strong>DE→{code}</strong> an <strong>{code}→DE</strong> ze wiesselen.","REAL_UNTRANSLATED"
"49","lb","info.extraBody","Atver <strong>Papildu opcijas</strong>, lai skatītu nedēļas un mēneša pārskatu, Zināmos vārdus un atgrieztu paslēptos.","Atver <strong>Papildu opcijas</strong>, lai skatītu nedēļas un mēneša pārskatu, Zināmos vārdus un atgrieztu paslēptos.","LABOT","Maach <strong>Zousätzlech Optiounen</strong> op, fir d'Wochen- a Mountsiwwersiicht, déi bekannt Wierder an déi verstoppte Wierder ze gesinn.","REAL_UNTRANSLATED"
"50","lb","info.intensityBody","Izvēlies, cik vārdu mācīties vienā sesijā: <strong>Viegls · 10</strong>, <strong>Normāls · 20</strong> vai <strong>Intensīvs · 30</strong>.","Izvēlies, cik vārdu mācīties vienā sesijā: <strong>Viegls · 10</strong>, <strong>Normāls · 20</strong> vai <strong>Intensīvs · 30</strong>.","LABOT","Wiel, wéi vill Wierder s du an enger Sessioun léiere wëlls: <strong>Liicht · 10</strong>, <strong>Normal · 20</strong> oder <strong>Intensiv · 30</strong>.","REAL_UNTRANSLATED"
"51","lb","info.intensityTitle","Sesijas intensitāte","Sesijas intensitāte","LABOT","Intensitéit vun der Sessioun","REAL_UNTRANSLATED"
"52","lb","info.listeningBody","Nospied skaļruņa ikonu kartītē, lai noklausītos izrunu.","Nospied skaļruņa ikonu kartītē, lai noklausītos izrunu.","LABOT","Klick op d'Lautsprecher-Symbol op der Kaart, fir d'Aussprooch ze lauschteren.","REAL_UNTRANSLATED"
"53","lb","info.listeningTitle","Klausīšanās","Klausīšanās","LABOT","Lauschteren","REAL_UNTRANSLATED"
"54","lb","info.problemBody","Nospied <strong>Probl.</strong>, lai mācītos vārdus, ar kuriem esi kļūdījies. Parastajā plūsmā «Nezinu» pievieno vārdu šeit; šeit «Zinu pareizi» samazina kļūdu pakāpi.","Nospied <strong>Probl.</strong>, lai mācītos vārdus, ar kuriem esi kļūdījies. Parastajā plūsmā «Nezinu» pievieno vārdu šeit; šeit «Zinu pareizi» samazina kļūdu pakāpi.","LABOT","Klick op <strong>Probl.</strong>, fir Wierder ze léieren, bei deenen s du Feeler gemaach hues. Am normale Modus füügt «Ech weess et net» d'Wuert hei derbäi; hei reduzéiert «Ech weess et» de Feelergrad.","REAL_UNTRANSLATED"
"55","lb","info.problemTitle","Problemātiskie vārdi","Problemātiskie vārdi","LABOT","Problemwierder","REAL_UNTRANSLATED"
"56","lb","info.spellingBody","Nospied <strong>Rakst.</strong>, lai pirms atbildes jāieraksta vārds ar roku.","Nospied <strong>Rakst.</strong>, lai pirms atbildes jāieraksta vārds ar roku.","LABOT","Klick op <strong>Schreiwen</strong>, fir d'Wuert virun der Äntwert selwer anzeginn.","REAL_UNTRANSLATED"
"57","lb","info.spellingTitle","Pareizrakstība","Pareizrakstība","LABOT","Rechtschreiwung","REAL_UNTRANSLATED"
"58","lb","info.title","Kā tas strādā?","Kā tas strādā?","LABOT","Wéi funktionéiert et?","REAL_UNTRANSLATED"
"59","lb","info.unwantedBody","Nospied pārsvītroto aci kartītes stūrī — vārds pazudīs no plūsmas. Atgriezt vari sadaļā Papildu opcijas.","Nospied pārsvītroto aci kartītes stūrī — vārds pazudīs no plūsmas. Atgriezt vari sadaļā Papildu opcijas.","LABOT","Klick op dat duerchgestrachent A am Eck vun der Kaart — d'Wuert verschwënnt aus dem Léierlaf. Du kanns et ënner Zousätzlech Optiounen zerécksetzen.","REAL_UNTRANSLATED"
"60","lb","info.unwantedTitle","Nevajadzīgie vārdi","Nevajadzīgie vārdi","LABOT","Net gebraucht Wierder","REAL_UNTRANSLATED"
"61","lb","kurss.articlesDesc","Der, die, das un lietojuma pamati.","Der, die, das un lietojuma pamati.","LABOT","Grondlage vum Gebrauch vun der, die an das.","REAL_UNTRANSLATED"
"62","lb","kurss.articlesSubtitle","Der, die, das un lietojuma pamati.","Der, die, das un lietojuma pamati.","LABOT","Grondlage vum Gebrauch vun der, die an das.","REAL_UNTRANSLATED"
"63","lb","kurss.backToMain","Atgriezties uz galveno ekrānu","Atgriezties uz galveno ekrānu","LABOT","Zeréck op den Haaptbildschierm","REAL_UNTRANSLATED"
"64","lb","kurss.closeCourse","Aizvērt kursu","Aizvērt kursu","LABOT","Cours zoumaachen","REAL_UNTRANSLATED"
"65","lb","kurss.consonantsDesc","Svarīgākās līdzskaņu skaņas iesācējam.","Svarīgākās līdzskaņu skaņas iesācējam.","LABOT","Déi wichtegst Konsonantelaute fir Ufänger.","REAL_UNTRANSLATED"
"66","lb","kurss.consonantsSubtitle","Līdzskaņi un burtu savienojumi","Līdzskaņi un burtu savienojumi","LABOT","Konsonanten a Buschtawekombinatiounen","REAL_UNTRANSLATED"
"67","lb","kurss.consonantsTitle","Līdzskaņi un burtu savienojumi","Līdzskaņi un burtu savienojumi","LABOT","Konsonanten a Buschtawekombinatiounen","REAL_UNTRANSLATED"
"68","lb","kurss.cta.tapContinue","Pieskaries turpināt","Pieskaries turpināt","LABOT","Klick op Weider","REAL_UNTRANSLATED"
"69","lb","kurss.cta.tapNextCard","Pieskaries nākamajai kartītei","Pieskaries nākamajai kartītei","LABOT","Klick op déi nächst Kaart","REAL_UNTRANSLATED"
"70","lb","kurss.cta.tapToRevealAnswer","Pieskaries, lai redzētu atbildi","Pieskaries, lai redzētu atbildi","LABOT","Klick, fir d'Äntwert ze gesinn","REAL_UNTRANSLATED"
"71","lb","kurss.cta.transformFirstPlural","Pārveido teikumu 1. personā daudzskaitlī.","Pārveido teikumu 1. personā daudzskaitlī.","LABOT","Form de Saz an déi 1. Persoun Méizuel ëm.","REAL_UNTRANSLATED"
"72","lb","kurss.cta.transformSentence","Pārveido teikumu.","Pārveido teikumu.","LABOT","Form de Saz ëm.","REAL_UNTRANSLATED"
"73","lb","kurss.cta.transformThirdSingular","Pārveido teikumu 3. personā vienskaitlī.","Pārveido teikumu 3. personā vienskaitlī.","LABOT","Form de Saz an déi 3. Persoun Eenzuel ëm.","REAL_UNTRANSLATED"
"74","lb","kurss.exerciseMeta.answerPlural","Tagad atbildi daudzskaitlī.","Tagad atbildi daudzskaitlī.","LABOT","Äntwert elo an der Méizuel.","REAL_UNTRANSLATED"
"75","lb","kurss.exerciseMeta.chooseCasePlural","Liec pareizo locījumu un darini daudzskaitli!","Liec pareizo locījumu un darini daudzskaitli!","LABOT","Setz de richtege Kasus a bild d'Méizuel!","REAL_UNTRANSLATED"
"76","lb","kurss.exerciseMeta.fillCase","Übung I — lieto pareizo locījumu","Übung I — lieto pareizo locījumu","LABOT","Übung I — benotz de richtege Kasus","REAL_UNTRANSLATED"
"77","lb","kurss.exerciseMeta.formIhr","Forma 2/3: Jūs (daudzskaitlis)","Forma 2/3: Jūs (daudzskaitlis)","LABOT","Form 2/3: dir (Méizuel)","REAL_UNTRANSLATED"
"78","lb","kurss.exerciseMeta.formSie","Forma 3/3: Sie (pieklājīgā forma)","Forma 3/3: Sie (pieklājīgā forma)","LABOT","Form 3/3: Sie (Héiflechkeetsform)","REAL_UNTRANSLATED"
"79","lb","kurss.exerciseProgress","Lekcija {lesson} · Vingrinājums","Lekcija {lesson} · Vingrinājums","LABOT","Lektioun {lesson} · Übung","REAL_UNTRANSLATED"
"80","lb","kurss.hints.exerciseCardAria","{title} vingrinājuma kartīte","{title} vingrinājuma kartīte","LABOT","Übungskaart: {title}","REAL_UNTRANSLATED"
"81","lb","kurss.hints.tapNextStep","Pieskaries kartītei, lai pārietu uz nākamo soli.","Pieskaries kartītei, lai pārietu uz nākamo soli.","LABOT","Klick op d'Kaart, fir bei den nächste Schrëtt ze goen.","REAL_UNTRANSLATED"
"82","lb","kurss.hints.tapToContinue","Pieskaries kartītei, lai turpinātu.","Pieskaries kartītei, lai turpinātu.","LABOT","Klick op d'Kaart, fir weiderzefueren.","REAL_UNTRANSLATED"
"83","lb","kurss.hints.tapToRevealAnswer","Pieskaries kartītei, lai redzētu atbildi.","Pieskaries kartītei, lai redzētu atbildi.","LABOT","Klick op d'Kaart, fir d'Äntwert ze gesinn.","REAL_UNTRANSLATED"
"84","lb","kurss.hints.tapToRevealGerman","Pieskaries kartītei, lai redzētu vācu tulkojumu.","Pieskaries kartītei, lai redzētu vācu tulkojumu.","LABOT","Klick op d'Kaart, fir déi däitsch Iwwersetzung ze gesinn.","REAL_UNTRANSLATED"
"85","lb","kurss.lessonProgress","Lekcija {lesson} · Pārtulko: {current} / {total}","Lekcija {lesson} · Pārtulko: {current} / {total}","LABOT","Lektioun {lesson} · Iwwersat: {current} / {total}","REAL_UNTRANSLATED"
"86","lb","kurss.lessonsDesc","Mācību lekcijas secīgā kārtībā no 1 līdz 21.","Mācību lekcijas secīgā kārtībā no 1 līdz 21.","LABOT","Léierlektionen an der Reiefolleg vun 1 bis 21.","REAL_UNTRANSLATED"
"87","lb","kurss.lessonsSubtitle","Mācību lekcijas secīgā kārtībā no 1 līdz 21.","Mācību lekcijas secīgā kārtībā no 1 līdz 21.","LABOT","Léierlektionen an der Reiefolleg vun 1 bis 21.","REAL_UNTRANSLATED"
"88","lb","kurss.pronouns","Vietniekvārdi","Vietniekvārdi","LABOT","Pronomen","REAL_UNTRANSLATED"
"89","lb","kurss.pronounsDesc","Nominativ, Akkusativ un Dativ formas.","Nominativ, Akkusativ un Dativ formas.","LABOT","Nominativ-, Akkusativ- an Dativformen.","REAL_UNTRANSLATED"
"90","lb","kurss.pronounsSubtitle","Nominativ, Akkusativ un Dativ — vietniekvārdu formas.","Nominativ, Akkusativ un Dativ — vietniekvārdu formas.","LABOT","Nominativ, Akkusativ an Dativ — Pronomeformen.","REAL_UNTRANSLATED"
"91","lb","kurss.pronunciationDesc","Vācu valodas skaņas un izrunas pamati.","Vācu valodas skaņas un izrunas pamati.","LABOT","Däitsch Lauter an d'Grondlage vun der Aussprooch.","REAL_UNTRANSLATED"
"92","lb","kurss.pronunciationSubtitle","Vācu valodas skaņas un izrunas pamati","Vācu valodas skaņas un izrunas pamati","LABOT","Däitsch Lauter an d'Grondlage vun der Aussprooch","REAL_UNTRANSLATED"
"93","lb","kurss.sections.exercise","Vingrinājums","Vingrinājums","LABOT","Übung","REAL_UNTRANSLATED"
"94","lb","kurss.sections.exerciseCombined","Übung / Vingrinājums","Übung / Vingrinājums","LABOT","Übung / Übung","REAL_UNTRANSLATED"
"95","lb","kurss.sections.translate","Pārtulko","Pārtulko","LABOT","Iwwersetzen","REAL_UNTRANSLATED"
"96","lb","kurss.sentenceStructure","Teikumu uzbūve","Teikumu uzbūve","LABOT","Sazstruktur","REAL_UNTRANSLATED"
"97","lb","kurss.sentenceStructureDesc","Vienkārša vārdu secība vācu teikumos.","Vienkārša vārdu secība vācu teikumos.","LABOT","Einfach Wuertstellung an däitsche Sätz.","REAL_UNTRANSLATED"
"98","lb","kurss.subtitle","Vācu valodas pamati soli pa solim","Vācu valodas pamati soli pa solim","LABOT","Grondlage vun der däitscher Sprooch, Schrëtt fir Schrëtt","REAL_UNTRANSLATED"
"99","lb","kurss.tipBody","Klausies, atkārto un salīdzini. Tava auss ir labākais skolotājs!","Klausies, atkārto un salīdzini. Tava auss ir labākais skolotājs!","LABOT","Lauschter, widderhuel a vergläich. Däin Ouer ass dee beschte Léiermeeschter!","REAL_UNTRANSLATED"
"100","lb","kurss.verbBasics","Darbības vārdu pamati","Darbības vārdu pamati","LABOT","Grondlage vun de Verben","REAL_UNTRANSLATED"
"101","lb","kurss.verbBasicsDesc","Personas, formas un biežākie darbības vārdi.","Personas, formas un biežākie darbības vārdi.","LABOT","Persounen, Formen an déi heefegst Verben.","REAL_UNTRANSLATED"
"102","lb","kurss.vowelsDesc","Garie un īsie patskaņi ar piemēriem.","Garie un īsie patskaņi ar piemēriem.","LABOT","Laang a kuerz Vokaler mat Beispiller.","REAL_UNTRANSLATED"
"103","lb","kurss.vowelsSubtitle","Patskaņi — garš un īss","Patskaņi — garš un īss","LABOT","Vokaler — laang a kuerz","REAL_UNTRANSLATED"
"104","lb","kurss.vowelsTitle","Patskaņi — garš un īss","Patskaņi — garš un īss","LABOT","Vokaler — laang a kuerz","REAL_UNTRANSLATED"
"105","lb","lists.noLearned","Nav iemācīto vārdu.","Nav iemācīto vārdu.","LABOT","Et gëtt keng geléiert Wierder.","REAL_UNTRANSLATED"
"106","lb","lists.noMastered","Nav 100% zināmo vārdu.","Nav 100% zināmo vārdu.","LABOT","Et gëtt keng zu 100 % bekannte Wierder.","REAL_UNTRANSLATED"
"107","lb","lists.noUnwanted","Nav nevajadzīgo vārdu.","Nav nevajadzīgo vārdu.","LABOT","Et gëtt keng net gebraucht Wierder.","REAL_UNTRANSLATED"
"108","lb","menu.chooseGroup","Izvēlies grupu","Izvēlies grupu","LABOT","Wiel eng Grupp","REAL_UNTRANSLATED"
"109","lb","menu.mainNav","Galvenā izvēlne","Galvenā izvēlne","LABOT","Haaptmenü","REAL_UNTRANSLATED"
"110","lb","menu.sentences","Teikumi","Teikumi","LABOT","Sätz","REAL_UNTRANSLATED"
"111","lb","menu.verbs","Darbības vārdi","Darbības vārdi","LABOT","Verben","REAL_UNTRANSLATED"
"112","lb","modes.intense","Intensīvs","Intensīvs","LABOT","Intensiv","REAL_UNTRANSLATED"
"113","lb","modes.normal","Normāls","Normāls","LABOT","Normal","REAL_UNTRANSLATED"
"114","lb","nav.backHome","Atgriezties galvenajā izvēlnē","Atgriezties galvenajā izvēlnē","LABOT","Zeréck an den Haaptmenü","REAL_UNTRANSLATED"
"115","lb","nav.changeLanguage","Mainīt dzimto valodu","Mainīt dzimto valodu","LABOT","Mammesprooch änneren","REAL_UNTRANSLATED"
"116","lb","nav.howItWorks","Kā tas strādā?","Kā tas strādā?","LABOT","Wéi funktionéiert et?","REAL_UNTRANSLATED"
"117","lb","nav.quickTools","Ātrie rīki","Ātrie rīki","LABOT","Schnellwierkzeugen","REAL_UNTRANSLATED"
"118","lb","notices.addedMastered","Vārds pievienots 100% zināmajiem.","Vārds pievienots 100% zināmajiem.","LABOT","D'Wuert gouf bei déi zu 100 % bekannte Wierder derbäigesat.","REAL_UNTRANSLATED"
"119","lb","notices.alreadyMastered","Vārds jau ir 100% zināmo sarakstā.","Vārds jau ir 100% zināmo sarakstā.","LABOT","D'Wuert ass schonn an der Lëscht vun de zu 100 % bekannte Wierder.","REAL_UNTRANSLATED"
"120","lb","notices.answerRevealed","Atbilde atklāta. Vārds paliek sesijā.","Atbilde atklāta. Vārds paliek sesijā.","LABOT","Äntwert ugewisen. D'Wuert bleift an der Sessioun.","REAL_UNTRANSLATED"
"121","lb","notices.chooseNextGroup","Izvēlies nākamo grupu galvenajā izvēlnē.","Izvēlies nākamo grupu galvenajā izvēlnē.","LABOT","Wiel déi nächst Grupp am Haaptmenü.","REAL_UNTRANSLATED"
"122","lb","notices.continueKnownReview","Turpinām zināmo vārdu pārskatīšanu.","Turpinām zināmo vārdu pārskatīšanu.","LABOT","Mir fuere mat der Iwwerpréiwung vun de bekannte Wierder weider.","REAL_UNTRANSLATED"
"123","lb","notices.continueLastSession","Turpinām pēdējās sesijas pārskatīšanu.","Turpinām pēdējās sesijas pārskatīšanu.","LABOT","Mir fuere mat der Iwwerpréiwung vun der leschter Sessioun weider.","REAL_UNTRANSLATED"
"124","lb","notices.continueTimeReview","Turpinām: {label}.","Turpinām: {label}.","LABOT","Mir fuere weider: {label}.","REAL_UNTRANSLATED"
"125","lb","notices.enterAnswerFirst","Vispirms ievadi pareizu atbildi un nospied Pārbaudīt.","Vispirms ievadi pareizu atbildi un nospied Pārbaudīt.","LABOT","Gëff fir d'éischt déi richteg Äntwert an a klick op Iwwerpréiwen.","REAL_UNTRANSLATED"
"126","lb","notices.errorLevelReduced","Kļūdu pakāpe samazināta.","Kļūdu pakāpe samazināta.","LABOT","De Feelergrad gouf reduzéiert.","REAL_UNTRANSLATED"
"127","lb","notices.knownReviewDone","Zināmo vārdu pārskatīšana pabeigta.","Zināmo vārdu pārskatīšana pabeigta.","LABOT","D'Iwwerpréiwung vun de bekannte Wierder ass ofgeschloss.","REAL_UNTRANSLATED"
"128","lb","notices.lastSessionDone","Pēdējās sesijas pārskatīšana pabeigta.","Pēdējās sesijas pārskatīšana pabeigta.","LABOT","D'Iwwerpréiwung vun der leschter Sessioun ass ofgeschloss.","REAL_UNTRANSLATED"
"129","lb","notices.leftForReview","Atstāts pārskatīšanai.","Atstāts pārskatīšanai.","LABOT","Fir d'Iwwerpréiwung gelooss.","REAL_UNTRANSLATED"
"130","lb","notices.leftInProblems","Atstāts problemātiskajā grupā.","Atstāts problemātiskajā grupā.","LABOT","An der Grupp vun de Problemwierder gelooss.","REAL_UNTRANSLATED"
"131","lb","notices.loadFailed","Neizdevās ielādēt kartītes. Pārlādē lapu vai pārbaudi, vai visi datu faili ir pieejami.","Neizdevās ielādēt kartītes. Pārlādē lapu vai pārbaudi, vai visi datu faili ir pieejami.","LABOT","D'Kaarte konnten net geluede ginn. Luet d'Säit nei oder kontrolléier, ob all Dateie verfügbar sinn.","REAL_UNTRANSLATED"
"132","lb","notices.markedKnown","Atzīmēts kā zināms.","Atzīmēts kā zināms.","LABOT","Als bekannt markéiert.","REAL_UNTRANSLATED"
"133","lb","notices.markedUnwanted","Vārds atzīmēts kā nevajadzīgs.","Vārds atzīmēts kā nevajadzīgs.","LABOT","D'Wuert gouf als net gebraucht markéiert.","REAL_UNTRANSLATED"
"134","lb","notices.movedToKnown","Vārds pārvietots uz Zināmi!","Vārds pārvietots uz Zināmi!","LABOT","D'Wuert gouf bei Bekannt geréckelt!","REAL_UNTRANSLATED"
"135","lb","notices.noCard","Nav kartītes, ko atzīmēt.","Nav kartītes, ko atzīmēt.","LABOT","Et gëtt keng Kaart fir ze markéieren.","REAL_UNTRANSLATED"
"136","lb","notices.noCardForMastered","Nav kartītes, ko pievienot 100% zināmajiem.","Nav kartītes, ko pievienot 100% zināmajiem.","LABOT","Et gëtt keng Kaart fir bei déi zu 100 % bekannte Wierder derbäizesetzen.","REAL_UNTRANSLATED"
"137","lb","notices.noCardForUnwanted","Nav kartītes, ko atzīmēt kā nevajadzīgu.","Nav kartītes, ko atzīmēt kā nevajadzīgu.","LABOT","Et gëtt keng Kaart fir als net gebraucht ze markéieren.","REAL_UNTRANSLATED"
"138","lb","notices.noCardToMark","Nav kartīšu, ko atzīmēt.","Nav kartīšu, ko atzīmēt.","LABOT","Et gëtt keng Kaarte fir ze markéieren.","REAL_UNTRANSLATED"
"139","lb","notices.noCompletedSession","Nav pabeigtas sesijas, ko pārskatīt.","Nav pabeigtas sesijas, ko pārskatīt.","LABOT","Et gëtt keng ofgeschloss Sessioun fir z'iwwerpréiwen.","REAL_UNTRANSLATED"
"140","lb","notices.noProblems","Nav problemātisko vārdu.","Nav problemātisko vārdu.","LABOT","Et gëtt keng Problemwierder.","REAL_UNTRANSLATED"
"141","lb","notices.noVerbToMark","Nav darbības vārdu, ko atzīmēt.","Nav darbības vārdu, ko atzīmēt.","LABOT","Et gëtt kee Verb fir ze markéieren.","REAL_UNTRANSLATED"
"142","lb","notices.problemModeOff","Problemātisko vārdu režīms izslēgts.","Problemātisko vārdu režīms izslēgts.","LABOT","De Modus fir Problemwierder ass ausgeschalt.","REAL_UNTRANSLATED"
"143","lb","notices.problemsFinishedMoved","Problemātiskie vārdi izmācīti. Vārds pārvietots uz Zināmi!","Problemātiskie vārdi izmācīti. Vārds pārvietots uz Zināmi!","LABOT","D'Problemwierder si geléiert. D'Wuert gouf bei Bekannt geréckelt!","REAL_UNTRANSLATED"
"144","lb","notices.returnedToStudy","Atgriezts mācīšanās režīmā.","Atgriezts mācīšanās režīmā.","LABOT","Zeréck an de Léiermodus gesat.","REAL_UNTRANSLATED"
"145","lb","notices.sessionArchived","Pēdējā sesija atzīmēta kā iemācīta.","Pēdējā sesija atzīmēta kā iemācīta.","LABOT","Déi lescht Sessioun gouf als geléiert markéiert.","REAL_UNTRANSLATED"
"146","lb","notices.sessionArchivedNext","Pēdējā sesija atzīmēta kā iemācīta. Ielādēta nākamā sesija.","Pēdējā sesija atzīmēta kā iemācīta. Ielādēta nākamā sesija.","LABOT","Déi lescht Sessioun gouf als geléiert markéiert. Déi nächst Sessioun gouf gelueden.","REAL_UNTRANSLATED"
"147","lb","notices.sessionMovedToKnown","Sesijas vārdi pārvietoti uz zināmajiem.","Sesijas vārdi pārvietoti uz zināmajiem.","LABOT","D'Wierder aus der Sessioun goufen bei déi bekannt Wierder geréckelt.","REAL_UNTRANSLATED"
"148","lb","notices.sessionReloaded","Sesija ielādēta no jauna ar jauktu secību.","Sesija ielādēta no jauna ar jauktu secību.","LABOT","D'Sessioun gouf an enger gemëschter Reiefolleg nei gelueden.","REAL_UNTRANSLATED"
"149","lb","notices.showingKnown","Rādām zināmās kartītes.","Rādām zināmās kartītes.","LABOT","Déi bekannt Kaarte ginn ugewisen.","REAL_UNTRANSLATED"
"150","lb","notices.showingLastSession","Rādām pēdējo pabeigto sesiju.","Rādām pēdējo pabeigto sesiju.","LABOT","Déi lescht ofgeschloss Sessioun gëtt ugewisen.","REAL_UNTRANSLATED"
"151","lb","notices.showingProblems","Rādām problemātiskos vārdus.","Rādām problemātiskos vārdus.","LABOT","D'Problemwierder ginn ugewisen.","REAL_UNTRANSLATED"
"152","lb","notices.showingTimeReview","Rādām: {label}.","Rādām: {label}.","LABOT","Ugewisen: {label}.","REAL_UNTRANSLATED"
"153","lb","notices.spellingOff","Pareizrakstības režīms izslēgts.","Pareizrakstības režīms izslēgts.","LABOT","De Rechtschreiwungsmodus ass ausgeschalt.","REAL_UNTRANSLATED"
"154","lb","notices.spellingOn","Pareizrakstības režīms ieslēgts.","Pareizrakstības režīms ieslēgts.","LABOT","De Rechtschreiwungsmodus ass ageschalt.","REAL_UNTRANSLATED"
"155","lb","notices.verbMarkedKnown","Darbības vārds atzīmēts kā zināms.","Darbības vārds atzīmēts kā zināms.","LABOT","D'Verb gouf als bekannt markéiert.","REAL_UNTRANSLATED"
"156","lb","notices.verbShuffleOff","Darbības vārdu jaukšana izslēgta.","Darbības vārdu jaukšana izslēgta.","LABOT","D'Mësche vun de Verben ass ausgeschalt.","REAL_UNTRANSLATED"
"157","lb","notices.verbShuffleOn","Darbības vārdu jaukšana ieslēgta.","Darbības vārdu jaukšana ieslēgta.","LABOT","D'Mësche vun de Verben ass ageschalt.","REAL_UNTRANSLATED"
"158","lb","plural.wordOne","vārds","vārds","LABOT","Wuert","REAL_UNTRANSLATED"
"159","lb","plural.wordsFew","vārdi","vārdi","LABOT","Wierder","REAL_UNTRANSLATED"
"160","lb","plural.wordsMany","vārdi","vārdi","LABOT","Wierder","REAL_UNTRANSLATED"
"161","lb","progress.verbsHeading","Darbības vārdi","Darbības vārdi","LABOT","Verben","REAL_UNTRANSLATED"
"162","lb","restore.ariaLabel","Apstiprināt visu progressa dzēšanu","Apstiprināt visu progressa dzēšanu","LABOT","D'Läsche vum ganze Fortschrëtt bestätegen","REAL_UNTRANSLATED"
"163","lb","restore.warning","Uzmanību! Viss iemācītais progress un vārdu vēsture tiks pilnībā nodzēsta pa nullēm.","Uzmanību! Viss iemācītais progress un vārdu vēsture tiks pilnībā nodzēsta pa nullēm.","LABOT","Opgepasst! De ganze Léierfortschrëtt an d'Geschicht vun de Wierder ginn definitiv geläscht an op null zeréckgesat.","REAL_UNTRANSLATED"
"164","lb","review.knownReviewDone","Zināmo vārdu pārskatīšana pabeigta.","Zināmo vārdu pārskatīšana pabeigta.","LABOT","D'Iwwerpréiwung vun de bekannte Wierder ass ofgeschloss.","REAL_UNTRANSLATED"
"165","lb","review.monthCount","Šomēnes iemācīti: {count} {words}","Šomēnes iemācīti: {count} {words}","LABOT","Dëse Mount geléiert: {count} {words}","REAL_UNTRANSLATED"
"166","lb","review.monthDone","Mēneša pārskats pabeigts.","Mēneša pārskats pabeigts.","LABOT","D'Mountsiwwersiicht ass ofgeschloss.","REAL_UNTRANSLATED"
"167","lb","review.monthEmpty","Nav iemācītu vārdu mēneša pārskatam.","Nav iemācītu vārdu mēneša pārskatam.","LABOT","Et gëtt keng geléiert Wierder fir d'Mountsiwwersiicht.","REAL_UNTRANSLATED"
"168","lb","review.monthLabel","Mēneša pārskats","Mēneša pārskats","LABOT","Mountsiwwersiicht","REAL_UNTRANSLATED"
"169","lb","review.weekCount","Šonedēļ iemācīti: {count} {words}","Šonedēļ iemācīti: {count} {words}","LABOT","Dës Woch geléiert: {count} {words}","REAL_UNTRANSLATED"
"170","lb","review.weekDone","Nedēļas pārskats pabeigts.","Nedēļas pārskats pabeigts.","LABOT","D'Wocheniwwersiicht ass ofgeschloss.","REAL_UNTRANSLATED"
"171","lb","review.weekEmpty","Nav iemācītu vārdu nedēļas pārskatam.","Nav iemācītu vārdu nedēļas pārskatam.","LABOT","Et gëtt keng geléiert Wierder fir d'Wocheniwwersiicht.","REAL_UNTRANSLATED"
"172","lb","review.weekLabel","Nedēļas pārskats","Nedēļas pārskats","LABOT","Wocheniwwersiicht","REAL_UNTRANSLATED"
"173","lb","spelling.missingChar","trūkst: {char}","trūkst: {char}","LABOT","feelt: {char}","REAL_UNTRANSLATED"
"174","lb","spelling.noVerbTask","Šim darbības vārdam nav pareizrakstības uzdevuma.","Šim darbības vārdam nav pareizrakstības uzdevuma.","LABOT","Et gëtt keng Rechtschreiwungsübung fir dëst Verb.","REAL_UNTRANSLATED"
"175","lb","study.hints.tapToOpenExplanation","Klikšķini uz kartītes, lai atvērtu skaidrojumu.","Klikšķini uz kartītes, lai atvērtu skaidrojumu.","LABOT","Klick op d'Kaart, fir d'Erklärung opzemaachen.","REAL_UNTRANSLATED"
"176","lb","study.hints.tapToRevealGerman","Klikšķini uz kartītes, lai redzētu vācu vārdu.","Klikšķini uz kartītes, lai redzētu vācu vārdu.","LABOT","Klick op d'Kaart, fir dat däitscht Wuert ze gesinn.","REAL_UNTRANSLATED"
"177","lb","study.minimal.noteLabel","Norāde:","Norāde:","LABOT","Hiweis:","REAL_UNTRANSLATED"
"178","lb","study.sections.comparison","Salīdzinājums","Salīdzinājums","LABOT","Verglach","REAL_UNTRANSLATED"
"179","lb","study.sections.comparisonBadge","SALĪDZINĀJUMA KARTĪTE","SALĪDZINĀJUMA KARTĪTE","LABOT","VERGLÄICHSKAART","REAL_UNTRANSLATED"
"180","lb","study.sections.comparisonFocus","Svarīgs salīdzinājums","Svarīgs salīdzinājums","LABOT","Wichtege Verglach","REAL_UNTRANSLATED"
"181","lb","study.sections.examples","Piemēri","Piemēri","LABOT","Beispiller","REAL_UNTRANSLATED"
"182","lb","study.sections.important","Svarīgi","Svarīgi","LABOT","Wichteg","REAL_UNTRANSLATED"
"183","lb","study.sections.mainIdea","Galvenā doma","Galvenā doma","LABOT","Haaptiddi","REAL_UNTRANSLATED"
"184","lb","study.sections.mistakes","Tipiskās kļūdas","Tipiskās kļūdas","LABOT","Typesch Feeler","REAL_UNTRANSLATED"
"185","lb","study.table.example","Piemērs","Piemērs","LABOT","Beispill","REAL_UNTRANSLATED"
"186","lb","study.table.mainMeaning","Galvenā nozīme","Galvenā nozīme","LABOT","Haaptbedeitung","REAL_UNTRANSLATED"
"187","lb","study.table.meaning","Nozīme","Nozīme","LABOT","Bedeitung","REAL_UNTRANSLATED"
"188","lb","study.table.word","Vārds","Vārds","LABOT","Wuert","REAL_UNTRANSLATED"
"189","lb","tools.problemFull","Problemātiskie vārdi","Problemātiskie vārdi","LABOT","Problemwierder","REAL_UNTRANSLATED"
"190","lb","tools.problemWithCount","Problemātiskie vārdi ({count})","Problemātiskie vārdi ({count})","LABOT","Problemwierder ({count})","REAL_UNTRANSLATED"
"191","lb","tools.spellingFull","Pareizrakstība","Pareizrakstība","LABOT","Rechtschreiwung","REAL_UNTRANSLATED"
"192","lb","verb.guessInfinitive","Uzmini infinitīvu","Uzmini infinitīvu","LABOT","Erréit den Infinitiv","REAL_UNTRANSLATED"
"193","lb","verb.guessPastParticiple","Uzmini pagātnes divdabi","Uzmini pagātnes divdabi","LABOT","Erréit de Partizip II","REAL_UNTRANSLATED"
"194","lb","verb.hintTapAnswer","Klikšķini uz kartītes, lai redzētu atbildi.","Klikšķini uz kartītes, lai redzētu atbildi.","LABOT","Klick op d'Kaart, fir d'Äntwert ze gesinn.","REAL_UNTRANSLATED"
"195","lb","verb.hintTapSwitch","Klikšķini uz kartītes, lai pārslēgtu formu.","Klikšķini uz kartītes, lai pārslēgtu formu.","LABOT","Klick op d'Kaart, fir d'Form ze wiesselen.","REAL_UNTRANSLATED"
"196","lb","verb.imperfectIndicative","Imperfekts - Indikatīvs","Imperfekts - Indikatīvs","LABOT","Imperfekt – Indikativ","REAL_UNTRANSLATED"
"197","lb","verb.imperfectSubjunctive","Imperfekts - Konjunktīvs","Imperfekts - Konjunktīvs","LABOT","Imperfekt – Konjunktiv","REAL_UNTRANSLATED"
"198","lb","verb.infinitive","Infinitīvs","Infinitīvs","LABOT","Infinitiv","REAL_UNTRANSLATED"
"199","lb","verb.noShuffleForms","Šim darbības vārdam nav pietiekami daudz formu jaukšanai.","Šim darbības vārdam nav pietiekami daudz formu jaukšanai.","LABOT","Dëst Verb huet net genuch Forme fir ze mëschen.","REAL_UNTRANSLATED"
"200","lb","verb.pastParticiple","Pagātnes divdabis","Pagātnes divdabis","LABOT","Partizip II","REAL_UNTRANSLATED"
"201","lb","verb.writeInfinitive","Uzraksti infinitīvu","Uzraksti infinitīvu","LABOT","Schreif den Infinitiv","REAL_UNTRANSLATED"
"202","lb","verb.writePastParticiple","Uzraksti pagātnes divdabi","Uzraksti pagātnes divdabi","LABOT","Schreif de Partizip II","REAL_UNTRANSLATED"
