source_batch_id,review_group_id,decision_target_key,finding_member_ids,finding_stable_ids,languages,source_cluster_id,production_file,card_object_id,field_path,lv_source,de_reference,discovery_current,production_current,production_current_mirror,primary_www_parity,proposed,raw_category,canonical_bucket,reason,severity,conflict_status,post_crowdin_state,mapping_resolution,owner_status,owner_decision,owner_new,owner_note,unresolved_category,provenance_type
"BATCH-200","7c9ca7f6000f9c08","7c9ca7f6000f9c080a8db3275f6fab8d6390bf9ce13a8f7262484e0e991a6d32","G2A1P3-FI-0016","g2/a1/fi|a1-da|a1.card.a1-da.study.comparison[0].meaning|MULTI_TRANSLATION|deterministic/multi-translation","fi","","crowdin-staging/g2/fi-a1.json","a1-da","a1.card.a1-da.study.comparison[0].meaning","tur • te • šeit (vispārīgi)","da","Seal • Siin • Siinsamas (üldiselt)","Seal • Siin • Siinsamas (üldiselt)","Seal • Siin • Siinsamas (üldiselt)","PASS","","MULTI_TRANSLATION","MULTI_TRANSLATION_REVIEW_REQUIRED","","MEDIUM","NONE","UNCHANGED_SINCE_DISCOVERY","EXACT_FIELD","DECIDED","LABOT","Siellä • Täällä • Tuossa (yleisesti)","FI da micro-repair: ET Seal/Siin/Siinsamas → FI Siellä/Täällä/Tuossa for tur • te • šeit. DE untouched.","MULTI_TRANSLATION_SCALAR_DECISION_REQUIRED","INDIVIDUAL_LINGUISTIC"
"BATCH-200","344a6268e326bf6c","344a6268e326bf6c81746bb3bc0f7e4192fe939578047f27051021be8f2f3820","G2A1P3-FI-0017","g2/a1/fi|a1-das|a1.card.a1-das.study.comparison[2].meaning|MULTI_TRANSLATION|deterministic/multi-translation","fi","","crowdin-staging/g2/fi-a1.json","a1-das","a1.card.a1-das.study.comparison[2].meaning","kurš • kura • kuru","das","Mis • Mille • Mida","Mis • Mille • Mida","Mis • Mille • Mida","PASS","","MULTI_TRANSLATION","MULTI_TRANSLATION_REVIEW_REQUIRED","","MEDIUM","NONE","UNCHANGED_SINCE_DISCOVERY","EXACT_FIELD","DECIDED","LABOT","Mikä • Jonka • Mitä","FI das micro-repair: ET Mis/Mille/Mida → FI Mikä/Jonka/Mitä relative pronoun kurš • kura • kuru. DE untouched.","MULTI_TRANSLATION_SCALAR_DECISION_REQUIRED","INDIVIDUAL_LINGUISTIC"
"BATCH-200","13ad436b4a7a7dee","13ad436b4a7a7dee86409be4abee632a839975ba779a526e330a7debfba5b6e6","G2A1P3-FI-0018","g2/a1/fi|a1-dass|a1.card.a1-dass.study.comparison[1].meaning|MULTI_TRANSLATION|deterministic/multi-translation","fi","","crowdin-staging/g2/fi-a1.json","a1-dass","a1.card.a1-dass.study.comparison[1].meaning","jo • tāpēc ka","dass","Sest • Sellepärast et","Sest • Sellepärast et","Sest • Sellepärast et","PASS","","MULTI_TRANSLATION","MULTI_TRANSLATION_REVIEW_REQUIRED","","MEDIUM","NONE","UNCHANGED_SINCE_DISCOVERY","EXACT_FIELD","DECIDED","LABOT","Koska • Siksi että","FI dass micro-repair: ET Sest/Sellepärast et → FI Koska/Siksi että for jo • tāpēc ka causal. DE untouched.","MULTI_TRANSLATION_SCALAR_DECISION_REQUIRED","INDIVIDUAL_LINGUISTIC"
"BATCH-200","4534be53ccd574ef","4534be53ccd574efe80d3c789f74189584f2de342d38377aec8459c03e4534bf","G2A1P3-FI-0019","g2/a1/fi|a1-ein|a1.card.a1-ein.native|MULTI_TRANSLATION|deterministic/multi-translation","fi","","crowdin-staging/g2/fi-a1.json","a1-ein","a1.card.a1-ein.native","nenoteiktais artikuls","ein","Umbmäärane artikkel • Üks • Mingi","Umbmäärane artikkel • Üks • Mingi","Umbmäärane artikkel • Üks • Mingi","PASS","","MULTI_TRANSLATION","MULTI_TRANSLATION_REVIEW_REQUIRED","","MEDIUM","NONE","UNCHANGED_SINCE_DISCOVERY","EXACT_FIELD","DECIDED","LABOT","Epämääräinen artikkeli • Yksi • Jokin","FI ein native micro-repair: ET Umbmäärane artikkel/Üks/Mingi → FI Epämääräinen artikkeli/Yksi/Jokin. DE untouched.","MULTI_TRANSLATION_SCALAR_DECISION_REQUIRED","INDIVIDUAL_LINGUISTIC"
"BATCH-200","d96538f369f9bc8f","d96538f369f9bc8fea30c01d7ef00646ae5a68e0c7d38f54c1d13834a3f399fc","G2A1P3-FI-0020","g2/a1/fi|a1-ein|a1.card.a1-ein.study.translation|MULTI_TRANSLATION|deterministic/multi-translation","fi","","crowdin-staging/g2/fi-a1.json","a1-ein","a1.card.a1-ein.study.translation","nenoteiktais artikuls","ein","Umbmäärane artikkel • Üks • Mingi","Umbmäärane artikkel • Üks • Mingi","Umbmäärane artikkel • Üks • Mingi","PASS","","MULTI_TRANSLATION","MULTI_TRANSLATION_REVIEW_REQUIRED","","MEDIUM","NONE","UNCHANGED_SINCE_DISCOVERY","EXACT_FIELD","DECIDED","LABOT","Epämääräinen artikkeli • Yksi • Jokin","FI ein study.translation micro-repair: ET → FI indefinite article gloss mirrors native repair. DE untouched.","MULTI_TRANSLATION_SCALAR_DECISION_REQUIRED","INDIVIDUAL_LINGUISTIC"
"BATCH-200","e3831a6b2e748068","e3831a6b2e748068d520222cd387595520519a694a93f5494ffe46fd72b03042","G2A1P3-FI-0021","g2/a1/fi|a1-einmal|a1.card.a1-einmal.native|MULTI_TRANSLATION|deterministic/multi-translation","fi","","crowdin-staging/g2/fi-a1.json","a1-einmal","a1.card.a1-einmal.native","vienreiz • reiz","einmal","Üks kord • Kord","Üks kord • Kord","Üks kord • Kord","PASS","","MULTI_TRANSLATION","MULTI_TRANSLATION_REVIEW_REQUIRED","","MEDIUM","NONE","UNCHANGED_SINCE_DISCOVERY","EXACT_FIELD","DECIDED","LABOT","Kerran • Kerta","FI einmal native micro-repair: Kerran/Kerran → Kerran/Kerta; kerran=vienreiz, kerta=reize for LV vienreiz • reiz. DE untouched.","MULTI_TRANSLATION_SCALAR_DECISION_REQUIRED","INDIVIDUAL_LINGUISTIC"
"BATCH-200","89763e27302e0c71","89763e27302e0c713c863a16e8b242a9be083363e874d8eb9123e181f9fc4fc3","G2A1P3-FI-0022","g2/a1/fi|a1-einmal|a1.card.a1-einmal.study.translation|MULTI_TRANSLATION|deterministic/multi-translation","fi","","crowdin-staging/g2/fi-a1.json","a1-einmal","a1.card.a1-einmal.study.translation","vienreiz • reiz","einmal","Üks kord • Kord","Üks kord • Kord","Üks kord • Kord","PASS","","MULTI_TRANSLATION","MULTI_TRANSLATION_REVIEW_REQUIRED","","MEDIUM","NONE","UNCHANGED_SINCE_DISCOVERY","EXACT_FIELD","DECIDED","LABOT","Kerran • Kerta","FI einmal study.translation micro-repair: Kerran/Kerran → Kerran/Kerta mirrors native; kerran=vienreiz, kerta=reize. DE untouched.","MULTI_TRANSLATION_SCALAR_DECISION_REQUIRED","INDIVIDUAL_LINGUISTIC"
"BATCH-200","8faa209cdf5296de","8faa209cdf5296dec5c8a9daa7abd2ba3c6d5ffc62cf360bc48ef9b82b87e757","G2A1P3-FI-0023","g2/a1/fi|a1-eis|a1.card.a1-eis.native|MULTI_TRANSLATION|deterministic/multi-translation","fi","","crowdin-staging/g2/fi-a1.json","a1-eis","a1.card.a1-eis.native","ledus • saldējums","Eis","Jää • Jäätis","Jää • Jäätis","Jää • Jäätis","PASS","","MULTI_TRANSLATION","MULTI_TRANSLATION_REVIEW_REQUIRED","","MEDIUM","NONE","UNCHANGED_SINCE_DISCOVERY","EXACT_FIELD","DECIDED","LABOT","Jää • Jäätelö","FI eis native micro-repair: ET Jää/Jäätis → FI Jää/Jäätelö for ledus • saldējums ice/cream. DE untouched.","MULTI_TRANSLATION_SCALAR_DECISION_REQUIRED","INDIVIDUAL_LINGUISTIC"
"BATCH-201","f17b979a89587b55","f17b979a89587b55be2c7ba1d4b8dc22671dc6438318900b6d71f8a870202d90","G2A1P3-FI-0024","g2/a1/fi|a1-eis|a1.card.a1-eis.study.translation|MULTI_TRANSLATION|deterministic/multi-translation","fi","","crowdin-staging/g2/fi-a1.json","a1-eis","a1.card.a1-eis.study.translation","ledus • saldējums","Eis","Jää • Jäätis","Jää • Jäätis","Jää • Jäätis","PASS","","MULTI_TRANSLATION","MULTI_TRANSLATION_REVIEW_REQUIRED","","MEDIUM","NONE","UNCHANGED_SINCE_DISCOVERY","EXACT_FIELD","DECIDED","LABOT","Jää • Jäätelö","FI eis study.translation micro-repair: ET Jäätis → FI Jäätelö mirrors native ice-cream sense. DE untouched.","MULTI_TRANSLATION_SCALAR_DECISION_REQUIRED","INDIVIDUAL_LINGUISTIC"
"BATCH-200","19232886b0893389","19232886b0893389945abaa2988132c7df25d1edf6bc625931640410e8febf9e","G2A1P3-FI-0025","g2/a1/fi|a1-erst|a1.card.a1-erst.native|MULTI_TRANSLATION|deterministic/multi-translation","fi","","crowdin-staging/g2/fi-a1.json","a1-erst","a1.card.a1-erst.native","tikai","erst","Kõigepealt • Alles","Kõigepealt • Alles","Kõigepealt • Alles","PASS","","MULTI_TRANSLATION","MULTI_TRANSLATION_REVIEW_REQUIRED","","MEDIUM","NONE","UNCHANGED_SINCE_DISCOVERY","EXACT_FIELD","DECIDED","LABOT","Ensin • Vasta","FI erst native micro-repair: ET Kõigepealt/Alles → FI Ensin/Vasta for tikai (first/only erst sense). DE untouched.","MULTI_TRANSLATION_SCALAR_DECISION_REQUIRED","INDIVIDUAL_LINGUISTIC"
"BATCH-200","c5a0e52911f14738","c5a0e52911f1473896cabe4b03008878910ccf80569871430d9aec661547c503","G2A1P3-FI-0026","g2/a1/fi|a1-erst|a1.card.a1-erst.study.comparison[0].meaning|MULTI_TRANSLATION|deterministic/multi-translation","fi","","crowdin-staging/g2/fi-a1.json","a1-erst","a1.card.a1-erst.study.comparison[0].meaning","vispirms • tikai","erst","Kõigepealt • Alles","Kõigepealt • Alles","Kõigepealt • Alles","PASS","","MULTI_TRANSLATION","MULTI_TRANSLATION_REVIEW_REQUIRED","","MEDIUM","NONE","UNCHANGED_SINCE_DISCOVERY","EXACT_FIELD","DECIDED","LABOT","Ensin • Vasta","FI erst comparison[0] micro-repair: ET → FI Ensin/Vasta for vispirms • tikai first/only contrast. DE untouched.","MULTI_TRANSLATION_SCALAR_DECISION_REQUIRED","INDIVIDUAL_LINGUISTIC"
"BATCH-200","7e3aee3bf994b62e","7e3aee3bf994b62efc62c18abee0a69be3e2ef98badaecc1493a16b1a1a23c92","G2A1P3-FI-0028","g2/a1/fi|a1-erst|a1.card.a1-erst.study.translation|MULTI_TRANSLATION|deterministic/multi-translation","fi","","crowdin-staging/g2/fi-a1.json","a1-erst","a1.card.a1-erst.study.translation","tikai","erst","Kõigepealt • Alles","Kõigepealt • Alles","Kõigepealt • Alles","PASS","","MULTI_TRANSLATION","MULTI_TRANSLATION_REVIEW_REQUIRED","","MEDIUM","NONE","UNCHANGED_SINCE_DISCOVERY","EXACT_FIELD","DECIDED","LABOT","Ensin • Vasta","FI erst study.translation micro-repair: ET → FI Ensin/Vasta mirrors native repair. DE untouched.","MULTI_TRANSLATION_SCALAR_DECISION_REQUIRED","INDIVIDUAL_LINGUISTIC"
"BATCH-200","7f7cfb9f6c185ed2","7f7cfb9f6c185ed24aee30b0b07f92d6e7646d770659406f6da96d037d9e209b","G2A1P3-FI-0029","g2/a1/fi|a1-es|a1.card.a1-es.native|MULTI_TRANSLATION|deterministic/multi-translation","fi","","crowdin-staging/g2/fi-a1.json","a1-es","a1.card.a1-es.native","tas","es","See • Ta • Umbisikuline vorm","See • Ta • Umbisikuline vorm","See • Ta • Umbisikuline vorm","PASS","","MULTI_TRANSLATION","MULTI_TRANSLATION_REVIEW_REQUIRED","","MEDIUM","NONE","UNCHANGED_SINCE_DISCOVERY","EXACT_FIELD","DECIDED","LABOT","Se • Se • Persoonaton muoto","FI es native micro-repair: ET See/Ta/Umbisikuline vorm → FI Se/Persoonaton muoto for tas/it-impersonal. DE untouched.","MULTI_TRANSLATION_SCALAR_DECISION_REQUIRED","INDIVIDUAL_LINGUISTIC"
"BATCH-200","5d7f28f28f8f3d02","5d7f28f28f8f3d02db26ceec2cc174fad54de25663e1c442669b7d091fa82e5f","G2A1P3-FI-0030","g2/a1/fi|a1-es|a1.card.a1-es.study.comparison[0].meaning|MULTI_TRANSLATION|deterministic/multi-translation","fi","","crowdin-staging/g2/fi-a1.json","a1-es","a1.card.a1-es.study.comparison[0].meaning","tas • bezpersoniska forma","es","se • persoonaton muoto","se • persoonaton muoto","se • persoonaton muoto","PASS","","MULTI_TRANSLATION","MULTI_TRANSLATION_REVIEW_REQUIRED","","MEDIUM","NONE","UNCHANGED_SINCE_DISCOVERY","EXACT_FIELD","DECIDED","NELABOT","","FI es comparison[0]: se • persoonaton muoto is genuine Finnish for tas • bezpersoniska forma impersonal-it.","MULTI_TRANSLATION_SCALAR_DECISION_REQUIRED","INDIVIDUAL_LINGUISTIC"
"BATCH-200","25f0daf3ef0c29de","25f0daf3ef0c29dec5dcaff884fca82cc1d030a9784f5cb310977efd99c28f90","G2A1P3-FI-0031","g2/a1/fi|a1-es|a1.card.a1-es.study.translation|MULTI_TRANSLATION|deterministic/multi-translation","fi","","crowdin-staging/g2/fi-a1.json","a1-es","a1.card.a1-es.study.translation","tas","es","See • Ta • Umbisikuline vorm","See • Ta • Umbisikuline vorm","See • Ta • Umbisikuline vorm","PASS","","MULTI_TRANSLATION","MULTI_TRANSLATION_REVIEW_REQUIRED","","MEDIUM","NONE","UNCHANGED_SINCE_DISCOVERY","EXACT_FIELD","DECIDED","LABOT","Se • Se • Persoonaton muoto","FI es study.translation micro-repair: ET → FI Se/Persoonaton muoto mirrors native repair. DE untouched.","MULTI_TRANSLATION_SCALAR_DECISION_REQUIRED","INDIVIDUAL_LINGUISTIC"
"BATCH-200","3cfa7c9c96da5794","3cfa7c9c96da5794b28d64a3b753cbf4ea8fa6c5bea79360f8faf350495d5636","G2A1P3-FI-0032","g2/a1/fi|a1-etwas|a1.card.a1-etwas.native|MULTI_TRANSLATION|deterministic/multi-translation","fi","","crowdin-staging/g2/fi-a1.json","a1-etwas","a1.card.a1-etwas.native","kaut kas","etwas","Midagi • Veidi","Midagi • Veidi","Midagi • Veidi","PASS","","MULTI_TRANSLATION","MULTI_TRANSLATION_REVIEW_REQUIRED","","MEDIUM","NONE","UNCHANGED_SINCE_DISCOVERY","EXACT_FIELD","DECIDED","LABOT","Jotain • Vähän","FI etwas native micro-repair: ET Midagi/Veidi → FI Jotain/Vähän for kaut kas something/a-little. DE untouched.","MULTI_TRANSLATION_SCALAR_DECISION_REQUIRED","INDIVIDUAL_LINGUISTIC"
"BATCH-200","aea4e7d561f096d1","aea4e7d561f096d1ee75e2cc6554f4e488496d94217bef54a8cdb964e4eefcc6","G2A1P3-FI-0033","g2/a1/fi|a1-etwas|a1.card.a1-etwas.study.translation|MULTI_TRANSLATION|deterministic/multi-translation","fi","","crowdin-staging/g2/fi-a1.json","a1-etwas","a1.card.a1-etwas.study.translation","kaut kas","etwas","Midagi • Veidi","Midagi • Veidi","Midagi • Veidi","PASS","","MULTI_TRANSLATION","MULTI_TRANSLATION_REVIEW_REQUIRED","","MEDIUM","NONE","UNCHANGED_SINCE_DISCOVERY","EXACT_FIELD","DECIDED","LABOT","Jotain • Vähän","FI etwas study.translation micro-repair: ET → FI Jotain/Vähän mirrors native repair. DE untouched.","MULTI_TRANSLATION_SCALAR_DECISION_REQUIRED","INDIVIDUAL_LINGUISTIC"
"BATCH-200","877715f84dd42220","877715f84dd42220a52d52846a282198e168bd4824acb7348a657d8608d84a0d","G2A1P3-FI-0034","g2/a1/fi|a1-euch|a1.card.a1-euch.native|MULTI_TRANSLATION|deterministic/multi-translation","fi","","crowdin-staging/g2/fi-a1.json","a1-euch","a1.card.a1-euch.native","jūs • jums","euch","Teid • Teile","Teid • Teile","Teid • Teile","PASS","","MULTI_TRANSLATION","MULTI_TRANSLATION_REVIEW_REQUIRED","","MEDIUM","NONE","UNCHANGED_SINCE_DISCOVERY","EXACT_FIELD","DECIDED","LABOT","Teitä • Teille","FI euch native micro-repair: ET Teid/Teile → FI Teitä/Teille accusative/dative jūs • jums. DE untouched.","MULTI_TRANSLATION_SCALAR_DECISION_REQUIRED","INDIVIDUAL_LINGUISTIC"
"BATCH-200","829fafd4e703d996","829fafd4e703d996e093d78bd2bf043cf0f1935494c478e5eded2f0cadea5058","G2A1P3-FI-0035","g2/a1/fi|a1-euch|a1.card.a1-euch.study.translation|MULTI_TRANSLATION|deterministic/multi-translation","fi","","crowdin-staging/g2/fi-a1.json","a1-euch","a1.card.a1-euch.study.translation","jūs • jums","euch","Teid • Teile","Teid • Teile","Teid • Teile","PASS","","MULTI_TRANSLATION","MULTI_TRANSLATION_REVIEW_REQUIRED","","MEDIUM","NONE","UNCHANGED_SINCE_DISCOVERY","EXACT_FIELD","DECIDED","LABOT","Teitä • Teille","FI euch study.translation micro-repair: ET → FI Teitä/Teille mirrors native repair. DE untouched.","MULTI_TRANSLATION_SCALAR_DECISION_REQUIRED","INDIVIDUAL_LINGUISTIC"
"BATCH-199","01c1c18e800304ac","01c1c18e800304ac53c32faf8ff2db5871030fc414755e335f2aff2e6485c713","G2A1P3-FI-0036","g2/a1/fi|a1-fahren|a1.card.a1-fahren.native|MULTI_TRANSLATION|deterministic/multi-translation","fi","","crowdin-staging/g2/fi-a1.json","a1-fahren","a1.card.a1-fahren.native","braukt","fahren","Sõitma • Vedama • Ära viima","Sõitma • Vedama • Ära viima","Sõitma • Vedama • Ära viima","PASS","","MULTI_TRANSLATION","MULTI_TRANSLATION_REVIEW_REQUIRED","","MEDIUM","NONE","UNCHANGED_SINCE_DISCOVERY","EXACT_FIELD","DECIDED","LABOT","Ajaa • Kuljettaa • Viedä","FI fahren native micro-repair: ET Sõitma/Vedama/Ära viima → FI Ajaa/Kuljettaa/Viedä for braukt. DE untouched.","MULTI_TRANSLATION_SCALAR_DECISION_REQUIRED","INDIVIDUAL_LINGUISTIC"
"BATCH-200","dc20b67c5f0502be","dc20b67c5f0502be6521d46dd34012a5fbb66840be2aed11ae41dc89470ea0d4","G2A1P3-FI-0037","g2/a1/fi|a1-fahren|a1.card.a1-fahren.study.translation|MULTI_TRANSLATION|deterministic/multi-translation","fi","","crowdin-staging/g2/fi-a1.json","a1-fahren","a1.card.a1-fahren.study.translation","braukt","fahren","Sõitma • Vedama • Ära viima","Sõitma • Vedama • Ära viima","Sõitma • Vedama • Ära viima","PASS","","MULTI_TRANSLATION","MULTI_TRANSLATION_REVIEW_REQUIRED","","MEDIUM","NONE","UNCHANGED_SINCE_DISCOVERY","EXACT_FIELD","DECIDED","LABOT","Ajaa • Kuljettaa • Viedä","FI fahren study.translation micro-repair: ET → FI Ajaa/Kuljettaa/Viedä mirrors native repair. DE untouched.","MULTI_TRANSLATION_SCALAR_DECISION_REQUIRED","INDIVIDUAL_LINGUISTIC"
"BATCH-200","b4c2c3ab5bddbd1f","b4c2c3ab5bddbd1f8a86a7f5c6c01fdbc6ef11433c6a4ee102826c3d186dee73","G2A1P3-FI-0038","g2/a1/fi|a1-finden|a1.card.a1-finden.native|MULTI_TRANSLATION|deterministic/multi-translation","fi","","crowdin-staging/g2/fi-a1.json","a1-finden","a1.card.a1-finden.native","atrast","finden","Leidma • Arvama","Leidma • Arvama","Leidma • Arvama","PASS","","MULTI_TRANSLATION","MULTI_TRANSLATION_REVIEW_REQUIRED","","MEDIUM","NONE","UNCHANGED_SINCE_DISCOVERY","EXACT_FIELD","DECIDED","LABOT","Löytää • Pitää","FI finden native micro-repair: ET Leidma/Arvama → FI Löytää/Pitää find vs think for atrast. DE untouched.","MULTI_TRANSLATION_SCALAR_DECISION_REQUIRED","INDIVIDUAL_LINGUISTIC"
"BATCH-199","0d0df97509ba3a37","0d0df97509ba3a37c96f4c136e1eebfcf48af1188e1676294254caf457327fca","G2A1P3-FI-0039","g2/a1/fi|a1-finden|a1.card.a1-finden.study.translation|MULTI_TRANSLATION|deterministic/multi-translation","fi","","crowdin-staging/g2/fi-a1.json","a1-finden","a1.card.a1-finden.study.translation","atrast","finden","Leidma • Arvama","Leidma • Arvama","Leidma • Arvama","PASS","","MULTI_TRANSLATION","MULTI_TRANSLATION_REVIEW_REQUIRED","","MEDIUM","NONE","UNCHANGED_SINCE_DISCOVERY","EXACT_FIELD","DECIDED","LABOT","Löytää • Pitää","FI finden study.translation micro-repair: ET → FI Löytää/Pitää mirrors native repair. DE untouched.","MULTI_TRANSLATION_SCALAR_DECISION_REQUIRED","INDIVIDUAL_LINGUISTIC"
"BATCH-200","7c6ba87078900b02","7c6ba87078900b027b59386c2ab8a33404fa48f51ad3ce1b2a66b18bfe97e9a8","G2A1P3-FI-0040","g2/a1/fi|a1-frau|a1.card.a1-frau.native|MULTI_TRANSLATION|deterministic/multi-translation","fi","","crowdin-staging/g2/fi-a1.json","a1-frau","a1.card.a1-frau.native","sieviete","Frau","Naine • Abikaasa","Naine • Abikaasa","Naine • Abikaasa","PASS","","MULTI_TRANSLATION","MULTI_TRANSLATION_REVIEW_REQUIRED","","MEDIUM","NONE","UNCHANGED_SINCE_DISCOVERY","EXACT_FIELD","DECIDED","LABOT","Nainen • Vaimo","FI frau native micro-repair: ET Naine/Abikaasa → FI Nainen/Vaimo woman vs wife sieviete. DE untouched.","MULTI_TRANSLATION_SCALAR_DECISION_REQUIRED","INDIVIDUAL_LINGUISTIC"
"BATCH-200","c62fef8c0afe90da","c62fef8c0afe90dab55640db1432c43fdb4bad9e1379953a54201b89aba1a6d7","G2A1P3-FI-0041","g2/a1/fi|a1-frau|a1.card.a1-frau.study.translation|MULTI_TRANSLATION|deterministic/multi-translation","fi","","crowdin-staging/g2/fi-a1.json","a1-frau","a1.card.a1-frau.study.translation","sieviete","Frau","Naine • Abikaasa","Naine • Abikaasa","Naine • Abikaasa","PASS","","MULTI_TRANSLATION","MULTI_TRANSLATION_REVIEW_REQUIRED","","MEDIUM","NONE","UNCHANGED_SINCE_DISCOVERY","EXACT_FIELD","DECIDED","LABOT","Nainen • Vaimo","FI frau study.translation micro-repair: ET → FI Nainen/Vaimo mirrors native repair. DE untouched.","MULTI_TRANSLATION_SCALAR_DECISION_REQUIRED","INDIVIDUAL_LINGUISTIC"
"BATCH-200","b0df089e3a260200","b0df089e3a260200fdd4f6b988338d06714c888334d0b8dffa80ce3c62998619","G2A1P3-FI-0042","g2/a1/fi|a1-fuer|a1.card.a1-fuer.native|MULTI_TRANSLATION|deterministic/multi-translation","fi","","crowdin-staging/g2/fi-a1.json","a1-fuer","a1.card.a1-fuer.native","priekš","für","Jaoks • Eest","Jaoks • Eest","Jaoks • Eest","PASS","","MULTI_TRANSLATION","MULTI_TRANSLATION_REVIEW_REQUIRED","","MEDIUM","NONE","UNCHANGED_SINCE_DISCOVERY","EXACT_FIELD","DECIDED","LABOT","Varten • Puolesta","FI für native micro-repair: ET Jaoks/Eest → FI Varten/Puolesta for priekš for/benefit. DE untouched.","MULTI_TRANSLATION_SCALAR_DECISION_REQUIRED","INDIVIDUAL_LINGUISTIC"
"BATCH-200","2d5c22774f816d3f","2d5c22774f816d3fb69b793fa58cea023c47acc6eabd6d8eb0580ba706785a60","G2A1P3-FI-0043","g2/a1/fi|a1-fuer|a1.card.a1-fuer.study.translation|MULTI_TRANSLATION|deterministic/multi-translation","fi","","crowdin-staging/g2/fi-a1.json","a1-fuer","a1.card.a1-fuer.study.translation","priekš","für","Jaoks • Eest","Jaoks • Eest","Jaoks • Eest","PASS","","MULTI_TRANSLATION","MULTI_TRANSLATION_REVIEW_REQUIRED","","MEDIUM","NONE","UNCHANGED_SINCE_DISCOVERY","EXACT_FIELD","DECIDED","LABOT","Varten • Puolesta","FI für study.translation micro-repair: ET → FI Varten/Puolesta mirrors native repair. DE untouched.","MULTI_TRANSLATION_SCALAR_DECISION_REQUIRED","INDIVIDUAL_LINGUISTIC"
"BATCH-201","e8618cb4421e950d","e8618cb4421e950d0b188a3ed1acef8a5b6e5f5ba9e388734a24bbc4ad86c417","G2A1P3-FI-0044","g2/a1/fi|a1-ganz-study|a1.card.a1-ganz-study.study.comparison[0].meaning|MULTI_TRANSLATION|deterministic/multi-translation","fi","","crowdin-staging/g2/fi-a1.json","a1-ganz-study","a1.card.a1-ganz-study.study.comparison[0].meaning","vesels • viss kopumā • pilnīgi","ganz","kokonainen • kokonaan • täysin","kokonainen • kokonaan • täysin","kokonainen • kokonaan • täysin","PASS","","MULTI_TRANSLATION","MULTI_TRANSLATION_REVIEW_REQUIRED","","MEDIUM","NONE","UNCHANGED_SINCE_DISCOVERY","EXACT_FIELD","DECIDED","NELABOT","","FI ganz comparison[0]: kokonainen • kokonaan • täysin is genuine Finnish whole/entire/completely for vesels • viss kopumā • pilnīgi.","MULTI_TRANSLATION_SCALAR_DECISION_REQUIRED","INDIVIDUAL_LINGUISTIC"
"BATCH-200","2d30ddbcfd80f5cd","2d30ddbcfd80f5cdddf95c61904c71ebc3ed3477560eff56b70e38b2d35fac56","G2A1P3-FI-0045","g2/a1/fi|a1-gefallen-study|a1.card.a1-gefallen-study.study.comparison[0].meaning|MULTI_TRANSLATION|deterministic/multi-translation","fi","","crowdin-staging/g2/fi-a1.json","a1-gefallen-study","a1.card.a1-gefallen-study.study.comparison[0].meaning","patikt • persona datīvā","gefallen","pitää • henkilö datiivissa","pitää • henkilö datiivissa","pitää • henkilö datiivissa","PASS","","MULTI_TRANSLATION","MULTI_TRANSLATION_REVIEW_REQUIRED","","MEDIUM","NONE","UNCHANGED_SINCE_DISCOVERY","EXACT_FIELD","DECIDED","NELABOT","","FI gefallen comparison[0]: pitää • henkilö datiivissa is genuine Finnish dative-liking pattern for patikt • persona datīvā.","MULTI_TRANSLATION_SCALAR_DECISION_REQUIRED","INDIVIDUAL_LINGUISTIC"
"BATCH-200","160bd6075ff0a590","160bd6075ff0a5909efefac8e958d16f9b00ba3d3648a89239d0801782d564ea","G2A1P3-FI-0047","g2/a1/fi|a1-gleich|a1.card.a1-gleich.native|MULTI_TRANSLATION|deterministic/multi-translation","fi","","crowdin-staging/g2/fi-a1.json","a1-gleich","a1.card.a1-gleich.native","tūlīt","gleich","Kohe • Ühesugune","Kohe • Ühesugune","Kohe • Ühesugune","PASS","","MULTI_TRANSLATION","MULTI_TRANSLATION_REVIEW_REQUIRED","","MEDIUM","NONE","UNCHANGED_SINCE_DISCOVERY","EXACT_FIELD","DECIDED","LABOT","Heti • Sama","FI gleich native micro-repair: ET Kohe/Ühesugune → FI Heti/Sama immediately vs equal for tūlīt. DE untouched.","MULTI_TRANSLATION_SCALAR_DECISION_REQUIRED","INDIVIDUAL_LINGUISTIC"
"BATCH-201","ec64f72a0aad301e","ec64f72a0aad301ef2aad0dab7191beb959522e5be05dea4fc58c4f9365ea54a","G2A1P3-FI-0048","g2/a1/fi|a1-gleich|a1.card.a1-gleich.study.translation|MULTI_TRANSLATION|deterministic/multi-translation","fi","","crowdin-staging/g2/fi-a1.json","a1-gleich","a1.card.a1-gleich.study.translation","tūlīt","gleich","Kohe • Ühesugune","Kohe • Ühesugune","Kohe • Ühesugune","PASS","","MULTI_TRANSLATION","MULTI_TRANSLATION_REVIEW_REQUIRED","","MEDIUM","NONE","UNCHANGED_SINCE_DISCOVERY","EXACT_FIELD","DECIDED","LABOT","Heti • Sama","FI gleich study.translation micro-repair: ET → FI Heti/Sama mirrors native repair. DE untouched.","MULTI_TRANSLATION_SCALAR_DECISION_REQUIRED","INDIVIDUAL_LINGUISTIC"
"BATCH-200","24dbbded70af742a","24dbbded70af742abbe6ac1fb4d47cc9bff827b7b8fdfe5b8ce4bcd7af1438bf","G2A1P3-FI-0049","g2/a1/fi|a1-halten|a1.card.a1-halten.native|MULTI_TRANSLATION|deterministic/multi-translation","fi","","crowdin-staging/g2/fi-a1.json","a1-halten","a1.card.a1-halten.native","turēt","halten","Hoidma • Peatama","Hoidma • Peatama","Hoidma • Peatama","PASS","","MULTI_TRANSLATION","MULTI_TRANSLATION_REVIEW_REQUIRED","","MEDIUM","NONE","UNCHANGED_SINCE_DISCOVERY","EXACT_FIELD","DECIDED","LABOT","Pitää • Pysäyttää","FI halten native micro-repair: ET Hoidma/Peatama → FI Pitää/Pysäyttää hold vs stop turēt. DE untouched.","MULTI_TRANSLATION_SCALAR_DECISION_REQUIRED","INDIVIDUAL_LINGUISTIC"
"BATCH-200","b3a6998360abdd3e","b3a6998360abdd3e3e752006fed92cb66add6b30941d7e5d2207a55a1978a7c6","G2A1P3-FI-0050","g2/a1/fi|a1-halten|a1.card.a1-halten.study.translation|MULTI_TRANSLATION|deterministic/multi-translation","fi","","crowdin-staging/g2/fi-a1.json","a1-halten","a1.card.a1-halten.study.translation","turēt","halten","Hoidma • Peatama","Hoidma • Peatama","Hoidma • Peatama","PASS","","MULTI_TRANSLATION","MULTI_TRANSLATION_REVIEW_REQUIRED","","MEDIUM","NONE","UNCHANGED_SINCE_DISCOVERY","EXACT_FIELD","DECIDED","LABOT","Pitää • Pysäyttää","FI halten study.translation micro-repair: ET → FI Pitää/Pysäyttää mirrors native repair. DE untouched.","MULTI_TRANSLATION_SCALAR_DECISION_REQUIRED","INDIVIDUAL_LINGUISTIC"
"BATCH-200","e4790b0c01b5295a","e4790b0c01b5295abac47625f83e77af87ef969ec0f2925c7bcaf1974a885fc2","G2A1P3-FI-0051","g2/a1/fi|a1-heissen|a1.card.a1-heissen.native|MULTI_TRANSLATION|deterministic/multi-translation","fi","","crowdin-staging/g2/fi-a1.json","a1-heissen","a1.card.a1-heissen.native","saukties","heißen","Nimi olema • Tähendama","Nimi olema • Tähendama","Nimi olema • Tähendama","PASS","","MULTI_TRANSLATION","MULTI_TRANSLATION_REVIEW_REQUIRED","","MEDIUM","NONE","UNCHANGED_SINCE_DISCOVERY","EXACT_FIELD","DECIDED","LABOT","Nimeltään • Merkitä","FI heißen native micro-repair: ET Nimi olema/Tähendama → FI Nimeltään/Merkitä be-called vs mean saukties. DE untouched.","MULTI_TRANSLATION_SCALAR_DECISION_REQUIRED","INDIVIDUAL_LINGUISTIC"
"BATCH-201","f621b471c58eb753","f621b471c58eb753ed9b3ec363391c6648543f60ce007b7ab40399a5c88373a2","G2A1P3-FI-0052","g2/a1/fi|a1-heissen|a1.card.a1-heissen.study.translation|MULTI_TRANSLATION|deterministic/multi-translation","fi","","crowdin-staging/g2/fi-a1.json","a1-heissen","a1.card.a1-heissen.study.translation","saukties","heißen","Nimi olema • Tähendama","Nimi olema • Tähendama","Nimi olema • Tähendama","PASS","","MULTI_TRANSLATION","MULTI_TRANSLATION_REVIEW_REQUIRED","","MEDIUM","NONE","UNCHANGED_SINCE_DISCOVERY","EXACT_FIELD","DECIDED","LABOT","Nimeltään • Merkitä","FI heißen study.translation micro-repair: ET → FI Nimeltään/Merkitä mirrors native repair. DE untouched.","MULTI_TRANSLATION_SCALAR_DECISION_REQUIRED","INDIVIDUAL_LINGUISTIC"
"BATCH-200","89837f8ffe07aa52","89837f8ffe07aa520bbab2aab4d470e76c3e2fbf472cd328e4a71cb6f77b6aa4","G2A1P3-FI-0053","g2/a1/fi|a1-hoeren-study|a1.card.a1-hoeren-study.native|MULTI_TRANSLATION|deterministic/multi-translation","fi","","crowdin-staging/g2/fi-a1.json","a1-hoeren-study","a1.card.a1-hoeren-study.native","dzirdēt • klausīties","hören","Kuulma • Kuulama","Kuulma • Kuulama","Kuulma • Kuulama","PASS","","MULTI_TRANSLATION","MULTI_TRANSLATION_REVIEW_REQUIRED","","MEDIUM","NONE","UNCHANGED_SINCE_DISCOVERY","EXACT_FIELD","DECIDED","LABOT","Kuulla • Kuunnella","FI hören native micro-repair: ET Kuulma/Kuulama → FI Kuulla/Kuunnella hear vs listen dzirdēt • klausīties. DE untouched.","MULTI_TRANSLATION_SCALAR_DECISION_REQUIRED","INDIVIDUAL_LINGUISTIC"
"BATCH-200","a7fbc5e0a98e5a2c","a7fbc5e0a98e5a2cbbb5b49551291e97c3a8201a111b92dd5087677ebb24aef7","G2A1P3-FI-0054","g2/a1/fi|a1-hoeren-study|a1.card.a1-hoeren-study.study.translation|MULTI_TRANSLATION|deterministic/multi-translation","fi","","crowdin-staging/g2/fi-a1.json","a1-hoeren-study","a1.card.a1-hoeren-study.study.translation","dzirdēt • klausīties","hören","Kuulma • Kuulama","Kuulma • Kuulama","Kuulma • Kuulama","PASS","","MULTI_TRANSLATION","MULTI_TRANSLATION_REVIEW_REQUIRED","","MEDIUM","NONE","UNCHANGED_SINCE_DISCOVERY","EXACT_FIELD","DECIDED","LABOT","Kuulla • Kuunnella","FI hören study.translation micro-repair: ET → FI Kuulla/Kuunnella mirrors native repair. DE untouched.","MULTI_TRANSLATION_SCALAR_DECISION_REQUIRED","INDIVIDUAL_LINGUISTIC"
"BATCH-200","e75b6abca258a580","e75b6abca258a58085a52a5a3e498e9741f8ba073d1b9f5480530a00c7748381","G2A1P3-FI-0055","g2/a1/fi|a1-huebsch|a1.card.a1-huebsch.study.comparison[0].meaning|MULTI_TRANSLATION|deterministic/multi-translation","fi","","crowdin-staging/g2/fi-a1.json","a1-huebsch","a1.card.a1-huebsch.study.comparison[0].meaning","glīts • pievilcīgs pēc izskata","hübsch","kaunis • houkutteleva ulkonäöllään","kaunis • houkutteleva ulkonäöllään","kaunis • houkutteleva ulkonäöllään","PASS","","MULTI_TRANSLATION","MULTI_TRANSLATION_REVIEW_REQUIRED","","MEDIUM","NONE","UNCHANGED_SINCE_DISCOVERY","EXACT_FIELD","DECIDED","NELABOT","","FI hübsch comparison[0]: kaunis • houkutteleva ulkonäöllään is genuine Finnish pretty/attractive-by-appearance for glīts • pievilcīgs.","MULTI_TRANSLATION_SCALAR_DECISION_REQUIRED","INDIVIDUAL_LINGUISTIC"
"BATCH-200","2651b4d74bddd609","2651b4d74bddd60984d4a6bcfeb20426906df6ecf8b31b879597c4c8fbc36a16","G2A1P3-FI-0058","g2/a1/fi|a1-ihr|a1.card.a1-ihr.native|MULTI_TRANSLATION|deterministic/multi-translation","fi","","crowdin-staging/g2/fi-a1.json","a1-ihr","a1.card.a1-ihr.native","jūs • viņai","ihr","Teie • Temale","Teie • Temale","Teie • Temale","PASS","","MULTI_TRANSLATION","MULTI_TRANSLATION_REVIEW_REQUIRED","","MEDIUM","NONE","UNCHANGED_SINCE_DISCOVERY","EXACT_FIELD","DECIDED","LABOT","Te • Hänelle","FI ihr native micro-repair: ET Teie/Temale → FI Te/Hänelle you-pl vs to-her dative jūs • viņai. DE untouched.","MULTI_TRANSLATION_SCALAR_DECISION_REQUIRED","INDIVIDUAL_LINGUISTIC"
"BATCH-200","61d83e50ff1ec24d","61d83e50ff1ec24d5d154bd6a6da2475621361bc815ada531e1686c1bc96b57a","G2A1P3-FI-0059","g2/a1/fi|a1-ihr|a1.card.a1-ihr.study.translation|MULTI_TRANSLATION|deterministic/multi-translation","fi","","crowdin-staging/g2/fi-a1.json","a1-ihr","a1.card.a1-ihr.study.translation","jūs • viņai","ihr","Teie • Temale","Teie • Temale","Teie • Temale","PASS","","MULTI_TRANSLATION","MULTI_TRANSLATION_REVIEW_REQUIRED","","MEDIUM","NONE","UNCHANGED_SINCE_DISCOVERY","EXACT_FIELD","DECIDED","LABOT","Te • Hänelle","FI ihr study.translation micro-repair: ET → FI Te/Hänelle mirrors native repair. DE untouched.","MULTI_TRANSLATION_SCALAR_DECISION_REQUIRED","INDIVIDUAL_LINGUISTIC"
"BATCH-201","fdc6261c777ce187","fdc6261c777ce1872efdf1761b0c36fe66ad35833bfc9c0e852bce219aedcdde","G2A1P3-FI-0060","g2/a1/fi|a1-im|a1.card.a1-im.native|MULTI_TRANSLATION|deterministic/multi-translation","fi","","crowdin-staging/g2/fi-a1.json","a1-im","a1.card.a1-im.native","iekšā (-ā) • kur?","im","Sees (-s) • Kus?","Sees (-s) • Kus?","Sees (-s) • Kus?","PASS","","MULTI_TRANSLATION","MULTI_TRANSLATION_REVIEW_REQUIRED","","MEDIUM","NONE","UNCHANGED_SINCE_DISCOVERY","EXACT_FIELD","DECIDED","LABOT","Sisällä (-ssa) • Missä?","FI im native micro-repair: ET Sees/Kus → FI Sisällä (-ssa)/Missä? in/where iekšā • kur?. DE untouched.","MULTI_TRANSLATION_SCALAR_DECISION_REQUIRED","INDIVIDUAL_LINGUISTIC"
"BATCH-201","febe4f893ae3bd78","febe4f893ae3bd786dc7a736081ea3e8e015eda3f3eca0698aefdf92ead0457d","G2A1P3-FI-0061","g2/a1/fi|a1-im|a1.card.a1-im.study.translation|MULTI_TRANSLATION|deterministic/multi-translation","fi","","crowdin-staging/g2/fi-a1.json","a1-im","a1.card.a1-im.study.translation","iekšā (-ā) • kur?","im","Sees (-s) • Kus?","Sees (-s) • Kus?","Sees (-s) • Kus?","PASS","","MULTI_TRANSLATION","MULTI_TRANSLATION_REVIEW_REQUIRED","","MEDIUM","NONE","UNCHANGED_SINCE_DISCOVERY","EXACT_FIELD","DECIDED","LABOT","Sisällä (-ssa) • Missä?","FI im study.translation micro-repair: ET → FI Sisällä/Missä? mirrors native repair. DE untouched.","MULTI_TRANSLATION_SCALAR_DECISION_REQUIRED","INDIVIDUAL_LINGUISTIC"
"BATCH-200","a00f4551322cdd7e","a00f4551322cdd7e9b72d411988c38d9ddc558d56e85cde9dca0b1880f5416dc","G2A1P3-FI-0062","g2/a1/fi|a1-in|a1.card.a1-in.native|MULTI_TRANSLATION|deterministic/multi-translation","fi","","crowdin-staging/g2/fi-a1.json","a1-in","a1.card.a1-in.native","iekšā • uz","in","Sees • Sisse","Sees • Sisse","Sees • Sisse","PASS","","MULTI_TRANSLATION","MULTI_TRANSLATION_REVIEW_REQUIRED","","MEDIUM","NONE","UNCHANGED_SINCE_DISCOVERY","EXACT_FIELD","DECIDED","LABOT","Sisällä • Sisään","FI in native micro-repair: ET Sees/Sisse → FI Sisällä/Sisään static-in vs into iekšā • uz. DE untouched.","MULTI_TRANSLATION_SCALAR_DECISION_REQUIRED","INDIVIDUAL_LINGUISTIC"
"BATCH-199","024e527a224252ac","024e527a224252acd7b309b7b80bd014310ed1647b8b82574aade7a286bf22eb","G2A1P3-FI-0063","g2/a1/fi|a1-in|a1.card.a1-in.study.translation|MULTI_TRANSLATION|deterministic/multi-translation","fi","","crowdin-staging/g2/fi-a1.json","a1-in","a1.card.a1-in.study.translation","iekšā • uz","in","Sees • Sisse","Sees • Sisse","Sees • Sisse","PASS","","MULTI_TRANSLATION","MULTI_TRANSLATION_REVIEW_REQUIRED","","MEDIUM","NONE","UNCHANGED_SINCE_DISCOVERY","EXACT_FIELD","DECIDED","LABOT","Sisällä • Sisään","FI in study.translation micro-repair: ET → FI Sisällä/Sisään mirrors native repair. DE untouched.","MULTI_TRANSLATION_SCALAR_DECISION_REQUIRED","INDIVIDUAL_LINGUISTIC"
"BATCH-200","1e2cf8156ca4eb07","1e2cf8156ca4eb072704338c459ae0227312787c16f764ca61d1bd570aab11f6","G2A1P3-FI-0064","g2/a1/fi|a1-ins|a1.card.a1-ins.native|MULTI_TRANSLATION|deterministic/multi-translation","fi","","crowdin-staging/g2/fi-a1.json","a1-ins","a1.card.a1-ins.native","iekšā • uz iekšu • kurp?","ins","Sisse • Sissepoole • Kuhu?","Sisse • Sissepoole • Kuhu?","Sisse • Sissepoole • Kuhu?","PASS","","MULTI_TRANSLATION","MULTI_TRANSLATION_REVIEW_REQUIRED","","MEDIUM","NONE","UNCHANGED_SINCE_DISCOVERY","EXACT_FIELD","DECIDED","LABOT","Sisään • Sisään päin • Mihin?","FI ins native micro-repair: ET Sisse/Sissepoole/Kuhu → FI Sisään/Sisään päin/Mihin? iekšā • uz iekšu • kurp?. DE untouched.","MULTI_TRANSLATION_SCALAR_DECISION_REQUIRED","INDIVIDUAL_LINGUISTIC"
"BATCH-200","d54aa71dc0d02c62","d54aa71dc0d02c62e6320fffa18cc6cff0ab0f0e857c3e79857ab2e66b9290ea","G2A1P3-FI-0065","g2/a1/fi|a1-ins|a1.card.a1-ins.study.translation|MULTI_TRANSLATION|deterministic/multi-translation","fi","","crowdin-staging/g2/fi-a1.json","a1-ins","a1.card.a1-ins.study.translation","iekšā • uz iekšu • kurp?","ins","Sisse • Sissepoole • Kuhu?","Sisse • Sissepoole • Kuhu?","Sisse • Sissepoole • Kuhu?","PASS","","MULTI_TRANSLATION","MULTI_TRANSLATION_REVIEW_REQUIRED","","MEDIUM","NONE","UNCHANGED_SINCE_DISCOVERY","EXACT_FIELD","DECIDED","LABOT","Sisään • Sisään päin • Mihin?","FI ins study.translation micro-repair: ET → FI Sisään/Sisään päin/Mihin? mirrors native repair. DE untouched.","MULTI_TRANSLATION_SCALAR_DECISION_REQUIRED","INDIVIDUAL_LINGUISTIC"
"BATCH-201","ed3633c001824738","ed3633c001824738afd288d9ee6b19b7f590f91905f739d29e91aee1bce34af5","G2A1P3-FI-0066","g2/a1/fi|a1-kein|a1.card.a1-kein.native|MULTI_TRANSLATION|deterministic/multi-translation","fi","","crowdin-staging/g2/fi-a1.json","a1-kein","a1.card.a1-kein.native","neviens • nekāds","kein","Mitte ükski • Mitte mingi","Mitte ükski • Mitte mingi","Mitte ükski • Mitte mingi","PASS","","MULTI_TRANSLATION","MULTI_TRANSLATION_REVIEW_REQUIRED","","MEDIUM","NONE","UNCHANGED_SINCE_DISCOVERY","EXACT_FIELD","DECIDED","LABOT","Ei kukaan • Ei mikään","FI kein native micro-repair: ET Mitte ükski/mingi → FI Ei kukaan/Ei mikään neviens • nekāds. DE untouched.","MULTI_TRANSLATION_SCALAR_DECISION_REQUIRED","INDIVIDUAL_LINGUISTIC"
"BATCH-200","83d7a57f5359e43e","83d7a57f5359e43e06cec78661b2e9ddaee2d95d8d9a3d511fb3ce595cde21d9","G2A1P3-FI-0067","g2/a1/fi|a1-kein|a1.card.a1-kein.study.translation|MULTI_TRANSLATION|deterministic/multi-translation","fi","","crowdin-staging/g2/fi-a1.json","a1-kein","a1.card.a1-kein.study.translation","neviens • nekāds","kein","Mitte ükski • Mitte mingi","Mitte ükski • Mitte mingi","Mitte ükski • Mitte mingi","PASS","","MULTI_TRANSLATION","MULTI_TRANSLATION_REVIEW_REQUIRED","","MEDIUM","NONE","UNCHANGED_SINCE_DISCOVERY","EXACT_FIELD","DECIDED","LABOT","Ei kukaan • Ei mikään","FI kein study.translation micro-repair: ET → FI Ei kukaan/Ei mikään mirrors native repair. DE untouched.","MULTI_TRANSLATION_SCALAR_DECISION_REQUIRED","INDIVIDUAL_LINGUISTIC"
"BATCH-200","ab2653bb47583344","ab2653bb47583344c000c55e6e93fabdb6f8c4dd7027dfbf4d9de21cefadc1b6","G2A1P3-FI-0068","g2/a1/fi|a1-koennen|a1.card.a1-koennen.native|MULTI_TRANSLATION|deterministic/multi-translation","fi","","crowdin-staging/g2/fi-a1.json","a1-koennen","a1.card.a1-koennen.native","varēt • prast","können","Saama • Oskama","Saama • Oskama","Saama • Oskama","PASS","","MULTI_TRANSLATION","MULTI_TRANSLATION_REVIEW_REQUIRED","","MEDIUM","NONE","UNCHANGED_SINCE_DISCOVERY","EXACT_FIELD","DECIDED","LABOT","Voida • Osata","FI können native micro-repair: ET Saama/Oskama → FI Voida/Osata ability vs know-how varēt • prast. DE untouched.","MULTI_TRANSLATION_SCALAR_DECISION_REQUIRED","INDIVIDUAL_LINGUISTIC"
"BATCH-200","2640bdd25b899f9f","2640bdd25b899f9f7a71f18c0a2869b40662559d109398dd132cab031cfad2af","G2A1P3-FI-0069","g2/a1/fi|a1-koennen|a1.card.a1-koennen.study.translation|MULTI_TRANSLATION|deterministic/multi-translation","fi","","crowdin-staging/g2/fi-a1.json","a1-koennen","a1.card.a1-koennen.study.translation","varēt • prast","können","Saama • Oskama","Saama • Oskama","Saama • Oskama","PASS","","MULTI_TRANSLATION","MULTI_TRANSLATION_REVIEW_REQUIRED","","MEDIUM","NONE","UNCHANGED_SINCE_DISCOVERY","EXACT_FIELD","DECIDED","LABOT","Voida • Osata","FI können study.translation micro-repair: ET → FI Voida/Osata mirrors native repair. DE untouched.","MULTI_TRANSLATION_SCALAR_DECISION_REQUIRED","INDIVIDUAL_LINGUISTIC"
