lang,DE_X_file_in_repo,registry_entry,authority_institute,bilingual_source_type,text_layer,pronunciation,notes
bg,nē,"jā, 29","Институт за български език, БАН — Официален правописен речник",B,nav faila,nav zināms,DE↔X fails un DE↔X reģistra ieraksts šajā kokā nav. Ir institūta vienvalodas reģistra rinda.
bs,nē,"jā, 1",Institut za jezik Univerziteta u Sarajevu,B,nav faila,nav zināms,DE↔X fails un DE↔X reģistra ieraksts šajā kokā nav. Ir institūta vienvalodas reģistra rinda.
cs,nē,"jā, 3",Ústav pro jazyk český AV ČR — Internetová jazyková příručka,B,nav faila,nav zināms,DE↔X fails un DE↔X reģistra ieraksts šajā kokā nav. Ir institūta vienvalodas reģistra rinda.
da,nē,"jā, 4",Dansk Sprognævn — Retskrivningsordbogen,B,nav faila,nav zināms,DE↔X fails un DE↔X reģistra ieraksts šajā kokā nav. Ir institūta vienvalodas reģistra rinda.
en,nē,"jā, 2",Oxford English Dictionary / Oxford Learner's Dictionaries,B,nav faila,nav zināms,DE↔X fails un DE↔X reģistra ieraksts šajā kokā nav. Ir institūta vienvalodas reģistra rinda.
es,nē,"jā, 6",Real Academia Española — DLE / Ortografía,B,nav faila,nav zināms,DE↔X fails un DE↔X reģistra ieraksts šajā kokā nav. Ir institūta vienvalodas reģistra rinda.
et,nē,"jā, 5",Eesti Keele Instituut — ÕS / Sõnaveeb,B,nav faila,nav zināms,DE↔X fails un DE↔X reģistra ieraksts šajā kokā nav. Ir institūta vienvalodas reģistra rinda.
fi,nē,"jā, 25",Kotimaisten kielten keskus — Kielitoimiston sanakirja,B,nav faila,nav zināms,DE↔X fails un DE↔X reģistra ieraksts šajā kokā nav. Ir institūta vienvalodas reģistra rinda.
fr,nē,"jā, 7",Académie française — Dictionnaire de l’Académie française,B,nav faila,nav zināms,DE↔X fails un DE↔X reģistra ieraksts šajā kokā nav. Ir institūta vienvalodas reģistra rinda.
gr,nē,"jā, 28",Κέντρο Ελληνικής Γλώσσας,B,nav faila,nav zināms,DE↔X fails un DE↔X reģistra ieraksts šajā kokā nav. Ir institūta vienvalodas reģistra rinda.
hr,nē,"jā, 8",Institut za hrvatski jezik — Hrvatski pravopis,B,nav faila,nav zināms,DE↔X fails un DE↔X reģistra ieraksts šajā kokā nav. Ir institūta vienvalodas reģistra rinda.
hu,nē,"jā, 14",HUN-REN Nyelvtudományi Kutatóközpont,B,nav faila,nav zināms,DE↔X fails un DE↔X reģistra ieraksts šajā kokā nav. Ir institūta vienvalodas reģistra rinda.
is,nē,"jā, 9",Stofnun Árna Magnússonar — BÍN / Málið.is,B,nav faila,nav zināms,DE↔X fails un DE↔X reģistra ieraksts šajā kokā nav. Ir institūta vienvalodas reģistra rinda.
it,nē,"jā, 10",Accademia della Crusca,B,nav faila,nav zināms,DE↔X fails un DE↔X reģistra ieraksts šajā kokā nav. Ir institūta vienvalodas reģistra rinda.
lb,nē,"jā, 12",Zenter fir d'Lëtzebuerger Sprooch — LOD,B,nav faila,nav zināms,DE↔X fails un DE↔X reģistra ieraksts šajā kokā nav. Ir institūta vienvalodas reģistra rinda.
lt,nē,"jā, 13",Lietuvių kalbos institutas + VLKK,B,nav faila,nav zināms,DE↔X fails un DE↔X reģistra ieraksts šajā kokā nav. Ir institūta vienvalodas reģistra rinda.
mk,nē,"jā, 30",Институт за македонски јазик „Крсте Мисирков“,B,nav faila,nav zināms,DE↔X fails un DE↔X reģistra ieraksts šajā kokā nav. Ir institūta vienvalodas reģistra rinda.
nb,nē,"jā, 16",Språkrådet / Bokmålsordboka,B,nav faila,nav zināms,DE↔X fails un DE↔X reģistra ieraksts šajā kokā nav. Ir institūta vienvalodas reģistra rinda.
nl,nē,"jā, 15",Nederlandse Taalunie — Woordenlijst Nederlandse Taal,B,nav faila,nav zināms,DE↔X fails un DE↔X reģistra ieraksts šajā kokā nav. Ir institūta vienvalodas reģistra rinda.
nn,nē,"jā, 17",Språkrådet / Nynorskordboka,A,nav faila,nav zināms,"G2 reģistra ieraksti: ia-bsb-helms-dano-nor-de-11752747, snorre-sbr-24, mdz-kaper-dano-nor-de-1889, ia-hanson-tysk-norsk-1840, dinordbok-tysk-nynorsk-web. Fails repozitorijā nav."
pl,nē,"jā, 18",Rada Języka Polskiego + WSJP PAN,B,nav faila,nav zināms,DE↔X fails un DE↔X reģistra ieraksts šajā kokā nav. Ir institūta vienvalodas reģistra rinda.
pt,nē,"jā, 19",Academia das Ciências de Lisboa,A,nav faila,nav zināms,"G2 reģistra ieraksti: ia-torchtrop-de-pt-1943, ia-wagener-de-pt-1812-v1, ia-wagener-de-pt-1812-v2, ia-dicionario-moderno-de-pt-pt-de. Fails repozitorijā nav."
ro,nē,"jā, 20",Academia Română / Institutul de Lingvistică — DOOM,A,nav faila,nav zināms,"G2 reģistra ieraksti: ia-barcianu-de-ro-bidir-1886, tdrg3-solirom-ro-de, ia-tiktin-ro-de-historical, ia-alexi-ro-de-1906. Fails repozitorijā nav."
ru,nē,"jā, 31",Институт русского языка им. В. В. Виноградова РАН,B,nav faila,nav zināms,DE↔X fails un DE↔X reģistra ieraksts šajā kokā nav. Ir institūta vienvalodas reģistra rinda.
sk,nē,"jā, 22",Jazykovedný ústav Ľudovíta Štúra SAV,B,nav faila,nav zināms,DE↔X fails un DE↔X reģistra ieraksts šajā kokā nav. Ir institūta vienvalodas reģistra rinda.
sl,nē,"jā, 23",ZRC SAZU — FRAN,B,nav faila,nav zināms,DE↔X fails un DE↔X reģistra ieraksts šajā kokā nav. Ir institūta vienvalodas reģistra rinda.
sq,nē,"jā, 21",Akademia e Shkencave e Shqipërisë,B,nav faila,nav zināms,DE↔X fails un DE↔X reģistra ieraksts šajā kokā nav. Ir institūta vienvalodas reģistra rinda.
sr,nē,"jā, 24",Institut za srpski jezik SANU + Matica srpska,B,nav faila,nav zināms,DE↔X fails un DE↔X reģistra ieraksts šajā kokā nav. Ir institūta vienvalodas reģistra rinda.
sv,nē,"jā, 26",Svenska Akademien — SAOL / SO / SAOB,B,nav faila,nav zināms,DE↔X fails un DE↔X reģistra ieraksts šajā kokā nav. Ir institūta vienvalodas reģistra rinda.
tr,nē,"jā, 27",Türk Dil Kurumu — Güncel Türkçe Sözlük / Yazım Kılavuzu,B,nav faila,nav zināms,DE↔X fails un DE↔X reģistra ieraksts šajā kokā nav. Ir institūta vienvalodas reģistra rinda.
uk,nē,"jā, 32",Інститут української мови НАН України + Український правопис,B,nav faila,nav zināms,DE↔X fails un DE↔X reģistra ieraksts šajā kokā nav. Ir institūta vienvalodas reģistra rinda.
