ref,path,inOriginMain,extension
origin/cursor/pdf-bilingual-bg-bs-fr-pilot-17f5,reports/g2-a1-production-current/card-translation-sample-lemmas/additional-bilingual-source-recommendations.json,false,.json
origin/cursor/pdf-bilingual-bg-bs-fr-pilot-17f5,reports/g2-a1-production-current/card-translation-sample-lemmas/additional-bilingual-source-recommendations.md,false,.md
origin/cursor/pdf-bilingual-bg-bs-fr-pilot-17f5,reports/g2-a1-production-current/card-translation-sample-lemmas/additional-bilingual-source-verify-38.json,false,.json
origin/cursor/pdf-bilingual-bg-bs-fr-pilot-17f5,reports/g2-a1-production-current/card-translation-sample-lemmas/additional-bilingual-source-verify-38.md,false,.md
origin/cursor/pdf-bilingual-bg-bs-fr-pilot-17f5,reports/g2-a1-production-current/card-translation-sample-lemmas/complete-bilingual-validation-38.json,false,.json
origin/cursor/pdf-bilingual-bg-bs-fr-pilot-17f5,reports/g2-a1-production-current/card-translation-sample-lemmas/complete-bilingual-validation-38.md,false,.md
origin/cursor/pdf-bilingual-bg-bs-fr-pilot-17f5,reports/g2-a1-production-current/card-translation-uk-bilingual-sources/uk-bilingual-source-pilot-verification.json,false,.json
origin/cursor/pdf-bilingual-bg-bs-fr-pilot-17f5,reports/g2-a1-production-current/card-translation-uk-bilingual-sources/uk-bilingual-source-pilot-verification.md,false,.md
origin/cursor/pdf-bilingual-bg-bs-fr-pilot-17f5,reports/g2-a1-production-current/g2-a1-commercial-dictionary-editorial-provenance.json,false,.json
origin/cursor/pdf-bilingual-bg-bs-fr-pilot-17f5,reports/g2-a1-production-current/g2-a1-german-target-dictionary-master-owner-review.md,false,.md
origin/cursor/pdf-bilingual-bg-bs-fr-pilot-17f5,reports/g2-a1-production-current/g2-a1-german-target-dictionary-registry.json,false,.json
origin/cursor/pdf-bilingual-bg-bs-fr-pilot-17f5,reports/g2-a1-production-current/g2-a1-german-target-dictionary-registry.md,false,.md
origin/cursor/pdf-bilingual-bg-bs-fr-pilot-17f5,reports/g2-a1-production-current/g2-a1-german-target-dictionary-validation.json,false,.json
origin/cursor/pdf-bilingual-bg-bs-fr-pilot-17f5,reports/g2-a1-production-current/g2-a1-german-target-dictionary-validation.md,false,.md
origin/cursor/pdf-bilingual-bg-bs-fr-pilot-17f5,reports/g2-a1-production-current/g2-a1-haus-14-language-bilingual-pilot.csv,false,.csv
origin/cursor/pdf-bilingual-bg-bs-fr-pilot-17f5,reports/g2-a1-production-current/g2-a1-haus-14-language-bilingual-pilot.json,false,.json
origin/cursor/pdf-bilingual-bg-bs-fr-pilot-17f5,reports/g2-a1-production-current/german-target-bilingual-dictionaries-32/german-target-bilingual-dictionaries-32-verification.json,false,.json
origin/cursor/pdf-bilingual-bg-bs-fr-pilot-17f5,reports/g2-a1-production-current/german-target-bilingual-dictionaries-32/german-target-bilingual-dictionaries-32.json,false,.json
origin/cursor/pdf-bilingual-bg-bs-fr-pilot-17f5,reports/g2-a1-production-current/german-target-bilingual-dictionaries-32/german-target-bilingual-dictionaries-32.md,false,.md
origin/cursor/pdf-bilingual-bg-bs-fr-pilot-17f5,reports/g2-a1-production-current/german-target-dictionary-alternatives-32/german-target-dictionary-alternatives-32.json,false,.json
origin/cursor/pdf-bilingual-bg-bs-fr-pilot-17f5,reports/g2-a1-production-current/german-target-dictionary-alternatives-32/german-target-dictionary-alternatives-32.md,false,.md
origin/cursor/pdf-bilingual-bg-bs-fr-pilot-17f5,reports/g2-a1-production-current/german-target-dictionary-alternatives-32/german-target-dictionary-alternatives-verification.json,false,.json
origin/cursor/pdf-bilingual-bg-bs-fr-pilot-17f5,reports/g2-a1-production-current/german-target-dictionary-de-et-used-sources/german-target-dictionary-de-et-used-sources-verification.json,false,.json
origin/cursor/pdf-bilingual-bg-bs-fr-pilot-17f5,reports/g2-a1-production-current/german-target-dictionary-de-et-used-sources/german-target-dictionary-de-et-used-sources.json,false,.json
origin/cursor/pdf-bilingual-bg-bs-fr-pilot-17f5,reports/g2-a1-production-current/german-target-dictionary-de-et-used-sources/german-target-dictionary-de-et-used-sources.md,false,.md
origin/cursor/pdf-bilingual-bg-bs-fr-pilot-17f5,reports/g2-a1-production-current/german-target-dictionary-owner-preapproval-32/german-target-dictionary-owner-preapproval-25-changes.csv,false,.csv
origin/cursor/pdf-bilingual-bg-bs-fr-pilot-17f5,reports/g2-a1-production-current/german-target-dictionary-owner-preapproval-32/german-target-dictionary-owner-preapproval-32.json,false,.json
origin/cursor/pdf-bilingual-bg-bs-fr-pilot-17f5,reports/g2-a1-production-current/german-target-dictionary-owner-preapproval-32/german-target-dictionary-owner-preapproval-32.md,false,.md
origin/cursor/pdf-bilingual-bg-bs-fr-pilot-17f5,reports/g2-a1-production-current/german-target-dictionary-owner-preapproval-32/german-target-dictionary-owner-preapproval-verification.json,false,.json
origin/cursor/pdf-bilingual-bg-bs-fr-pilot-17f5,reports/g2-a1-production-current/german-target-dictionary-rescan-6/german-target-dictionary-rescan-6.json,false,.json
origin/cursor/pdf-bilingual-bg-bs-fr-pilot-17f5,reports/g2-a1-production-current/german-target-dictionary-rescan-6/german-target-dictionary-rescan-6.md,false,.md
origin/cursor/pdf-bilingual-bg-bs-fr-pilot-17f5,reports/g2-a1-production-current/german-target-dictionary-rescan-problematic/german-target-dictionary-rescan-problematic-verification.json,false,.json
origin/cursor/pdf-bilingual-bg-bs-fr-pilot-17f5,reports/g2-a1-production-current/german-target-dictionary-rescan-problematic/german-target-dictionary-rescan-problematic.json,false,.json
origin/cursor/pdf-bilingual-bg-bs-fr-pilot-17f5,reports/g2-a1-production-current/german-target-dictionary-rescan-problematic/german-target-dictionary-rescan-problematic.md,false,.md
origin/cursor/pdf-bilingual-bg-bs-fr-pilot-17f5,reports/g2-a1-production-current/german-target-dictionary-search-32/german-target-dictionary-owner-proposals.csv,false,.csv
origin/cursor/pdf-bilingual-bg-bs-fr-pilot-17f5,reports/g2-a1-production-current/german-target-dictionary-search-32/german-target-dictionary-search-32.json,false,.json
origin/cursor/pdf-bilingual-bg-bs-fr-pilot-17f5,reports/g2-a1-production-current/german-target-dictionary-search-32/german-target-dictionary-search-32.md,false,.md
origin/cursor/pdf-bilingual-bg-bs-fr-pilot-17f5,reports/g2-a1-production-current/german-target-dictionary-search-32/german-target-dictionary-search-verification.json,false,.json
origin/cursor/pdf-bilingual-bg-bs-fr-pilot-17f5,reports/g2-a1-production-current/german-target-pdf-bilingual-dictionary-discovery-32/pdf-bilingual-dictionary-discovery-32.json,false,.json
origin/cursor/pdf-bilingual-bg-bs-fr-pilot-17f5,reports/g2-a1-production-current/german-target-pdf-bilingual-dictionary-discovery-32/pdf-bilingual-dictionary-discovery-32.md,false,.md
origin/cursor/pdf-bilingual-bg-bs-fr-pilot-17f5,reports/g2-a1-production-current/pdf-bilingual-dictionary-bg-bs-alternatives-round4/pdf-bilingual-dictionary-bg-bs-alternatives-round4.json,false,.json
origin/cursor/pdf-bilingual-bg-bs-fr-pilot-17f5,reports/g2-a1-production-current/pdf-bilingual-dictionary-bg-bs-alternatives-round4/pdf-bilingual-dictionary-bg-bs-alternatives-round4.md,false,.md
origin/cursor/pdf-bilingual-bg-bs-fr-pilot-17f5,reports/g2-a1-production-current/pdf-bilingual-dictionary-bg-bs-fr-pilot-verify/pdf-bilingual-dictionary-bg-bs-fr-pilot-verify.json,false,.json
origin/cursor/pdf-bilingual-bg-bs-fr-pilot-17f5,reports/g2-a1-production-current/pdf-bilingual-dictionary-bg-bs-fr-pilot-verify/pdf-bilingual-dictionary-bg-bs-fr-pilot-verify.md,false,.md
origin/cursor/pdf-bilingual-bg-bs-fr-pilot-17f5,reports/g2-a1-production-current/pdf-bilingual-dictionary-bg-bs-fr-pilot/pdf-bilingual-dictionary-bg-bs-fr-pilot.json,false,.json
origin/cursor/pdf-bilingual-bg-bs-fr-pilot-17f5,reports/g2-a1-production-current/pdf-bilingual-dictionary-bg-bs-fr-pilot/pdf-bilingual-dictionary-bg-bs-fr-pilot.md,false,.md
origin/cursor/pdf-bilingual-bg-bs-fr-pilot-17f5,reports/g2-a1-production-current/pdf-bilingual-dictionary-bg-bs-fr-round2/pdf-bilingual-dictionary-bg-bs-fr-round2.json,false,.json
origin/cursor/pdf-bilingual-bg-bs-fr-pilot-17f5,reports/g2-a1-production-current/pdf-bilingual-dictionary-bg-bs-fr-round2/pdf-bilingual-dictionary-bg-bs-fr-round2.md,false,.md
origin/cursor/pdf-bilingual-bg-bs-fr-pilot-17f5,reports/g2-a1-production-current/pdf-bilingual-dictionary-bg-bs-scanned-round3/pdf-bilingual-dictionary-bg-bs-scanned-round3.json,false,.json
origin/cursor/pdf-bilingual-bg-bs-fr-pilot-17f5,reports/g2-a1-production-current/pdf-bilingual-dictionary-bg-bs-scanned-round3/pdf-bilingual-dictionary-bg-bs-scanned-round3.md,false,.md
origin/cursor/pdf-bilingual-bg-bs-fr-pilot-17f5,reports/g2-a1-production-current/pdf-bilingual-dictionary-cs-sk-uk-pilot/pdf-bilingual-dictionary-cs-sk-uk-modern-sources.json,false,.json
origin/cursor/pdf-bilingual-bg-bs-fr-pilot-17f5,reports/g2-a1-production-current/pdf-bilingual-dictionary-cs-sk-uk-pilot/pdf-bilingual-dictionary-cs-sk-uk-modern-sources.md,false,.md
origin/cursor/pdf-bilingual-bg-bs-fr-pilot-17f5,reports/g2-a1-production-current/pdf-bilingual-dictionary-lv-lt-pl-pilot/pdf-bilingual-dictionary-lv-lt-pl-modern-sources.json,false,.json
origin/cursor/pdf-bilingual-bg-bs-fr-pilot-17f5,reports/g2-a1-production-current/pdf-bilingual-dictionary-lv-lt-pl-pilot/pdf-bilingual-dictionary-lv-lt-pl-modern-sources.md,false,.md
origin/cursor/pdf-bilingual-bg-bs-fr-pilot-17f5,reports/g2-a1-production-current/pdf-bilingual-dictionary-lv-lt-pl-pilot/pdf-bilingual-dictionary-lv-lt-pl-pilot-verification.json,false,.json
origin/cursor/pdf-bilingual-bg-bs-fr-pilot-17f5,reports/g2-a1-production-current/pdf-bilingual-dictionary-lv-lt-pl-pilot/pdf-bilingual-dictionary-lv-lt-pl-pilot-verification.md,false,.md
origin/cursor/pdf-bilingual-bg-bs-fr-pilot-17f5,scripts/apply-master-additional-dictionary-32.js,false,.js
origin/cursor/pdf-bilingual-bg-bs-fr-pilot-17f5,scripts/apply-master-german-target-bilingual-32.js,false,.js
origin/cursor/pdf-bilingual-bg-bs-fr-pilot-17f5,scripts/build-g2-a1-de-et-bilingual-dictionary-used-sources.js,false,.js
origin/cursor/pdf-bilingual-bg-bs-fr-pilot-17f5,scripts/build-g2-a1-german-target-dictionary-alternatives-32.js,false,.js
origin/cursor/pdf-bilingual-bg-bs-fr-pilot-17f5,scripts/build-g2-a1-german-target-dictionary-owner-preapproval-32.js,false,.js
origin/cursor/pdf-bilingual-bg-bs-fr-pilot-17f5,scripts/build-g2-a1-german-target-dictionary-registry.js,false,.js
origin/cursor/pdf-bilingual-bg-bs-fr-pilot-17f5,scripts/build-g2-a1-german-target-dictionary-rescan-6.js,false,.js
origin/cursor/pdf-bilingual-bg-bs-fr-pilot-17f5,scripts/build-g2-a1-german-target-dictionary-rescan-problematic.js,false,.js
origin/cursor/pdf-bilingual-bg-bs-fr-pilot-17f5,scripts/build-g2-a1-german-target-dictionary-search-32.js,false,.js
origin/cursor/pdf-bilingual-bg-bs-fr-pilot-17f5,scripts/build-g2-a1-pdf-bilingual-dictionary-bg-bs-alternatives-round4.js,false,.js
origin/cursor/pdf-bilingual-bg-bs-fr-pilot-17f5,scripts/build-g2-a1-pdf-bilingual-dictionary-bg-bs-fr-pilot-verify.js,false,.js
origin/cursor/pdf-bilingual-bg-bs-fr-pilot-17f5,scripts/build-g2-a1-pdf-bilingual-dictionary-bg-bs-fr-pilot.js,false,.js
origin/cursor/pdf-bilingual-bg-bs-fr-pilot-17f5,scripts/build-g2-a1-pdf-bilingual-dictionary-bg-bs-fr-round2.js,false,.js
origin/cursor/pdf-bilingual-bg-bs-fr-pilot-17f5,scripts/build-g2-a1-pdf-bilingual-dictionary-bg-bs-scanned-round3.js,false,.js
origin/cursor/pdf-bilingual-bg-bs-fr-pilot-17f5,scripts/build-g2-a1-pdf-bilingual-dictionary-cs-sk-uk-pilot.js,false,.js
origin/cursor/pdf-bilingual-bg-bs-fr-pilot-17f5,scripts/build-g2-a1-pdf-bilingual-dictionary-discovery-32-report.js,false,.js
origin/cursor/pdf-bilingual-bg-bs-fr-pilot-17f5,scripts/build-g2-a1-uk-bilingual-source-pilot.js,false,.js
origin/cursor/pdf-bilingual-bg-bs-fr-pilot-17f5,scripts/build-german-target-bilingual-dictionaries-32.js,false,.js
origin/cursor/pdf-bilingual-bg-bs-fr-pilot-17f5,scripts/lib/data/g2-a1-card-translation-bilingual-audit-fr-bg-bs.json,false,.json
origin/cursor/pdf-bilingual-bg-bs-fr-pilot-17f5,scripts/lib/data/g2-a1-card-translation-bilingual-audit-lv-lt-pl.json,false,.json
origin/cursor/pdf-bilingual-bg-bs-fr-pilot-17f5,scripts/lib/data/g2-a1-card-translation-bilingual-audit-uk.json,false,.json
origin/cursor/pdf-bilingual-bg-bs-fr-pilot-17f5,scripts/lib/data/german-target-dictionary-de-et-used-sources.json,false,.json
origin/cursor/pdf-bilingual-bg-bs-fr-pilot-17f5,scripts/lib/data/german-target-dictionary-rescan-6-candidates.json,false,.json
origin/cursor/pdf-bilingual-bg-bs-fr-pilot-17f5,scripts/lib/data/german-target-dictionary-rescan-problematic-candidates.json,false,.json
origin/cursor/pdf-bilingual-bg-bs-fr-pilot-17f5,scripts/lib/data/german-target-dictionary-search-overrides-32.json,false,.json
origin/cursor/pdf-bilingual-bg-bs-fr-pilot-17f5,scripts/lib/data/master-additional-dictionary-sources-32.json,false,.json
origin/cursor/pdf-bilingual-bg-bs-fr-pilot-17f5,scripts/lib/data/master-german-target-bilingual-dictionaries-32.json,false,.json
origin/cursor/pdf-bilingual-bg-bs-fr-pilot-17f5,scripts/lib/data/master-german-target-pdf-bilingual-dictionaries-32.json,false,.json
origin/cursor/pdf-bilingual-bg-bs-fr-pilot-17f5,scripts/lib/g2-a1-production-current/additional-dictionary-search-urls.js,false,.js
origin/cursor/pdf-bilingual-bg-bs-fr-pilot-17f5,scripts/lib/g2-a1-production-current/card-translation-bilingual-collector.js,false,.js
origin/cursor/pdf-bilingual-bg-bs-fr-pilot-17f5,scripts/lib/g2-a1-production-current/digar-de-et-bilingual-lookup.js,false,.js
origin/cursor/pdf-bilingual-bg-bs-fr-pilot-17f5,scripts/lib/g2-a1-production-current/g2-a1-bilingual-de-sense-gate.js,false,.js
origin/cursor/pdf-bilingual-bg-bs-fr-pilot-17f5,scripts/lib/g2-a1-production-current/g2-a1-bilingual-row-status.js,false,.js
origin/cursor/pdf-bilingual-bg-bs-fr-pilot-17f5,scripts/lib/g2-a1-production-current/g2-a1-bilingual-validation-strict.js,false,.js
origin/cursor/pdf-bilingual-bg-bs-fr-pilot-17f5,scripts/lib/g2-a1-production-current/german-target-dictionary-alternative-catalog.js,false,.js
origin/cursor/pdf-bilingual-bg-bs-fr-pilot-17f5,scripts/lib/g2-a1-production-current/german-target-dictionary-alternatives-32.js,false,.js
origin/cursor/pdf-bilingual-bg-bs-fr-pilot-17f5,scripts/lib/g2-a1-production-current/german-target-dictionary-candidates.js,false,.js
origin/cursor/pdf-bilingual-bg-bs-fr-pilot-17f5,scripts/lib/g2-a1-production-current/german-target-dictionary-owner-preapproval-32.js,false,.js
origin/cursor/pdf-bilingual-bg-bs-fr-pilot-17f5,scripts/lib/g2-a1-production-current/german-target-dictionary-probes.js,false,.js
origin/cursor/pdf-bilingual-bg-bs-fr-pilot-17f5,scripts/lib/g2-a1-production-current/german-target-dictionary-registry.js,false,.js
origin/cursor/pdf-bilingual-bg-bs-fr-pilot-17f5,scripts/lib/g2-a1-production-current/german-target-dictionary-rescan-6.js,false,.js
origin/cursor/pdf-bilingual-bg-bs-fr-pilot-17f5,scripts/lib/g2-a1-production-current/german-target-dictionary-rescan-builder.js,false,.js
origin/cursor/pdf-bilingual-bg-bs-fr-pilot-17f5,scripts/lib/g2-a1-production-current/german-target-dictionary-rescan-problematic.js,false,.js
origin/cursor/pdf-bilingual-bg-bs-fr-pilot-17f5,scripts/lib/g2-a1-production-current/german-target-dictionary-search-32.js,false,.js
origin/cursor/pdf-bilingual-bg-bs-fr-pilot-17f5,scripts/lib/g2-a1-production-current/german-target-dictionary-search-catalog.js,false,.js
origin/cursor/pdf-bilingual-bg-bs-fr-pilot-17f5,scripts/lib/g2-a1-production-current/german-target-dictionary-search-probe.js,false,.js
origin/cursor/pdf-bilingual-bg-bs-fr-pilot-17f5,scripts/lib/g2-a1-production-current/master-additional-dictionary-32.js,false,.js
origin/cursor/pdf-bilingual-bg-bs-fr-pilot-17f5,scripts/lib/g2-a1-production-current/master-german-target-bilingual-32.js,false,.js
origin/cursor/pdf-bilingual-bg-bs-fr-pilot-17f5,scripts/run-g2-a1-complete-bilingual-validation-38.js,false,.js
origin/cursor/pdf-bilingual-bg-bs-fr-pilot-17f5,scripts/run-g2-a1-verify-additional-bilingual-38.js,false,.js
origin/cursor/pdf-bilingual-bg-bs-fr-pilot-17f5,scripts/verify-g2-a1-de-et-digar-bilingual.js,false,.js
origin/cursor/pdf-bilingual-bg-bs-fr-pilot-17f5,scripts/verify-g2-a1-german-target-bilingual-dictionaries-32.js,false,.js
origin/cursor/pdf-bilingual-bg-bs-fr-pilot-17f5,scripts/verify-g2-a1-german-target-dictionary-alternatives-32.js,false,.js
origin/cursor/pdf-bilingual-bg-bs-fr-pilot-17f5,scripts/verify-g2-a1-german-target-dictionary-owner-preapproval-32.js,false,.js
origin/cursor/pdf-bilingual-bg-bs-fr-pilot-17f5,scripts/verify-g2-a1-german-target-dictionary-registry.js,false,.js
origin/cursor/pdf-bilingual-bg-bs-fr-pilot-17f5,scripts/verify-g2-a1-german-target-dictionary-rescan-problematic.js,false,.js
origin/cursor/pdf-bilingual-bg-bs-fr-pilot-17f5,scripts/verify-g2-a1-german-target-dictionary-search-32.js,false,.js
origin/cursor/pdf-bilingual-bg-bs-fr-pilot-17f5,scripts/verify-g2-a1-master-additional-dictionary-32.js,false,.js
origin/cursor/pdf-bilingual-fr-bg-bs-audit-only-17f5,reports/g2-a1-production-current/pdf-bilingual-dictionary-bg-bs-alternatives-round4/pdf-bilingual-dictionary-bg-bs-alternatives-round4.json,false,.json
origin/cursor/pdf-bilingual-fr-bg-bs-audit-only-17f5,reports/g2-a1-production-current/pdf-bilingual-dictionary-bg-bs-alternatives-round4/pdf-bilingual-dictionary-bg-bs-alternatives-round4.md,false,.md
origin/cursor/pdf-bilingual-fr-bg-bs-audit-only-17f5,reports/g2-a1-production-current/pdf-bilingual-dictionary-bg-bs-fr-pilot-verify/pdf-bilingual-dictionary-bg-bs-fr-pilot-verify.json,false,.json
origin/cursor/pdf-bilingual-fr-bg-bs-audit-only-17f5,reports/g2-a1-production-current/pdf-bilingual-dictionary-bg-bs-fr-pilot-verify/pdf-bilingual-dictionary-bg-bs-fr-pilot-verify.md,false,.md
origin/cursor/pdf-bilingual-fr-bg-bs-audit-only-17f5,reports/g2-a1-production-current/pdf-bilingual-dictionary-bg-bs-fr-pilot/pdf-bilingual-dictionary-bg-bs-fr-pilot.json,false,.json
origin/cursor/pdf-bilingual-fr-bg-bs-audit-only-17f5,reports/g2-a1-production-current/pdf-bilingual-dictionary-bg-bs-fr-pilot/pdf-bilingual-dictionary-bg-bs-fr-pilot.md,false,.md
origin/cursor/pdf-bilingual-fr-bg-bs-audit-only-17f5,reports/g2-a1-production-current/pdf-bilingual-dictionary-bg-bs-fr-round2/pdf-bilingual-dictionary-bg-bs-fr-round2.json,false,.json
origin/cursor/pdf-bilingual-fr-bg-bs-audit-only-17f5,reports/g2-a1-production-current/pdf-bilingual-dictionary-bg-bs-fr-round2/pdf-bilingual-dictionary-bg-bs-fr-round2.md,false,.md
origin/cursor/pdf-bilingual-fr-bg-bs-audit-only-17f5,reports/g2-a1-production-current/pdf-bilingual-dictionary-bg-bs-scanned-round3/pdf-bilingual-dictionary-bg-bs-scanned-round3.json,false,.json
origin/cursor/pdf-bilingual-fr-bg-bs-audit-only-17f5,reports/g2-a1-production-current/pdf-bilingual-dictionary-bg-bs-scanned-round3/pdf-bilingual-dictionary-bg-bs-scanned-round3.md,false,.md
origin/cursor/pdf-bilingual-fr-bg-bs-audit-only-17f5,scripts/build-g2-a1-pdf-bilingual-dictionary-bg-bs-alternatives-round4.js,false,.js
origin/cursor/pdf-bilingual-fr-bg-bs-audit-only-17f5,scripts/build-g2-a1-pdf-bilingual-dictionary-bg-bs-fr-pilot-verify.js,false,.js
origin/cursor/pdf-bilingual-fr-bg-bs-audit-only-17f5,scripts/build-g2-a1-pdf-bilingual-dictionary-bg-bs-fr-pilot.js,false,.js
origin/cursor/pdf-bilingual-fr-bg-bs-audit-only-17f5,scripts/build-g2-a1-pdf-bilingual-dictionary-bg-bs-fr-round2.js,false,.js
origin/cursor/pdf-bilingual-fr-bg-bs-audit-only-17f5,scripts/build-g2-a1-pdf-bilingual-dictionary-bg-bs-scanned-round3.js,false,.js
origin/cursor/pdf-bilingual-fr-bg-bs-audit-only-17f5,scripts/lib/data/g2-a1-card-translation-bilingual-audit-fr-bg-bs.json,false,.json
origin/cursor/pdf-bilingual-hr-hu-is-audit-only-17f5,reports/g2-a1-production-current/pdf-bilingual-dictionary-hr-hu-is-discovery/pdf-bilingual-dictionary-hr-hu-is-discovery.json,false,.json
origin/cursor/pdf-bilingual-hr-hu-is-audit-only-17f5,reports/g2-a1-production-current/pdf-bilingual-dictionary-hr-hu-is-discovery/pdf-bilingual-dictionary-hr-hu-is-discovery.md,false,.md
origin/cursor/pdf-bilingual-hr-hu-is-audit-only-17f5,reports/g2-a1-production-current/pdf-bilingual-dictionary-hr-hu-is-pilot-verify/pdf-bilingual-dictionary-hr-hu-is-pilot-verify.json,false,.json
origin/cursor/pdf-bilingual-hr-hu-is-audit-only-17f5,reports/g2-a1-production-current/pdf-bilingual-dictionary-hr-hu-is-pilot-verify/pdf-bilingual-dictionary-hr-hu-is-pilot-verify.md,false,.md
origin/cursor/pdf-bilingual-hr-hu-is-audit-only-17f5,scripts/build-g2-a1-pdf-bilingual-dictionary-hr-hu-is-discovery.js,false,.js
origin/cursor/pdf-bilingual-hr-hu-is-audit-only-17f5,scripts/build-g2-a1-pdf-bilingual-dictionary-hr-hu-is-pilot-verify.js,false,.js
origin/cursor/pdf-bilingual-hr-hu-is-audit-only-17f5,scripts/lib/data/g2-a1-card-translation-bilingual-audit-hr-hu-is.json,false,.json
origin/cursor/pdf-bilingual-hr-hu-is-discovery-17f5,reports/g2-a1-production-current/card-translation-sample-lemmas/additional-bilingual-source-recommendations.json,false,.json
origin/cursor/pdf-bilingual-hr-hu-is-discovery-17f5,reports/g2-a1-production-current/card-translation-sample-lemmas/additional-bilingual-source-recommendations.md,false,.md
origin/cursor/pdf-bilingual-hr-hu-is-discovery-17f5,reports/g2-a1-production-current/card-translation-sample-lemmas/additional-bilingual-source-verify-38.json,false,.json
origin/cursor/pdf-bilingual-hr-hu-is-discovery-17f5,reports/g2-a1-production-current/card-translation-sample-lemmas/additional-bilingual-source-verify-38.md,false,.md
origin/cursor/pdf-bilingual-hr-hu-is-discovery-17f5,reports/g2-a1-production-current/card-translation-sample-lemmas/complete-bilingual-validation-38.json,false,.json
origin/cursor/pdf-bilingual-hr-hu-is-discovery-17f5,reports/g2-a1-production-current/card-translation-sample-lemmas/complete-bilingual-validation-38.md,false,.md
origin/cursor/pdf-bilingual-hr-hu-is-discovery-17f5,reports/g2-a1-production-current/card-translation-uk-bilingual-sources/uk-bilingual-source-pilot-verification.json,false,.json
origin/cursor/pdf-bilingual-hr-hu-is-discovery-17f5,reports/g2-a1-production-current/card-translation-uk-bilingual-sources/uk-bilingual-source-pilot-verification.md,false,.md
origin/cursor/pdf-bilingual-hr-hu-is-discovery-17f5,reports/g2-a1-production-current/g2-a1-commercial-dictionary-editorial-provenance.json,false,.json
origin/cursor/pdf-bilingual-hr-hu-is-discovery-17f5,reports/g2-a1-production-current/g2-a1-german-target-dictionary-master-owner-review.md,false,.md
origin/cursor/pdf-bilingual-hr-hu-is-discovery-17f5,reports/g2-a1-production-current/g2-a1-german-target-dictionary-registry.json,false,.json
origin/cursor/pdf-bilingual-hr-hu-is-discovery-17f5,reports/g2-a1-production-current/g2-a1-german-target-dictionary-registry.md,false,.md
origin/cursor/pdf-bilingual-hr-hu-is-discovery-17f5,reports/g2-a1-production-current/g2-a1-german-target-dictionary-validation.json,false,.json
origin/cursor/pdf-bilingual-hr-hu-is-discovery-17f5,reports/g2-a1-production-current/g2-a1-german-target-dictionary-validation.md,false,.md
origin/cursor/pdf-bilingual-hr-hu-is-discovery-17f5,reports/g2-a1-production-current/g2-a1-haus-14-language-bilingual-pilot.csv,false,.csv
origin/cursor/pdf-bilingual-hr-hu-is-discovery-17f5,reports/g2-a1-production-current/g2-a1-haus-14-language-bilingual-pilot.json,false,.json
origin/cursor/pdf-bilingual-hr-hu-is-discovery-17f5,reports/g2-a1-production-current/german-target-bilingual-dictionaries-32/german-target-bilingual-dictionaries-32-verification.json,false,.json
origin/cursor/pdf-bilingual-hr-hu-is-discovery-17f5,reports/g2-a1-production-current/german-target-bilingual-dictionaries-32/german-target-bilingual-dictionaries-32.json,false,.json
origin/cursor/pdf-bilingual-hr-hu-is-discovery-17f5,reports/g2-a1-production-current/german-target-bilingual-dictionaries-32/german-target-bilingual-dictionaries-32.md,false,.md
origin/cursor/pdf-bilingual-hr-hu-is-discovery-17f5,reports/g2-a1-production-current/german-target-dictionary-alternatives-32/german-target-dictionary-alternatives-32.json,false,.json
origin/cursor/pdf-bilingual-hr-hu-is-discovery-17f5,reports/g2-a1-production-current/german-target-dictionary-alternatives-32/german-target-dictionary-alternatives-32.md,false,.md
origin/cursor/pdf-bilingual-hr-hu-is-discovery-17f5,reports/g2-a1-production-current/german-target-dictionary-alternatives-32/german-target-dictionary-alternatives-verification.json,false,.json
origin/cursor/pdf-bilingual-hr-hu-is-discovery-17f5,reports/g2-a1-production-current/german-target-dictionary-de-et-used-sources/german-target-dictionary-de-et-used-sources-verification.json,false,.json
origin/cursor/pdf-bilingual-hr-hu-is-discovery-17f5,reports/g2-a1-production-current/german-target-dictionary-de-et-used-sources/german-target-dictionary-de-et-used-sources.json,false,.json
origin/cursor/pdf-bilingual-hr-hu-is-discovery-17f5,reports/g2-a1-production-current/german-target-dictionary-de-et-used-sources/german-target-dictionary-de-et-used-sources.md,false,.md
origin/cursor/pdf-bilingual-hr-hu-is-discovery-17f5,reports/g2-a1-production-current/german-target-dictionary-owner-preapproval-32/german-target-dictionary-owner-preapproval-25-changes.csv,false,.csv
origin/cursor/pdf-bilingual-hr-hu-is-discovery-17f5,reports/g2-a1-production-current/german-target-dictionary-owner-preapproval-32/german-target-dictionary-owner-preapproval-32.json,false,.json
origin/cursor/pdf-bilingual-hr-hu-is-discovery-17f5,reports/g2-a1-production-current/german-target-dictionary-owner-preapproval-32/german-target-dictionary-owner-preapproval-32.md,false,.md
origin/cursor/pdf-bilingual-hr-hu-is-discovery-17f5,reports/g2-a1-production-current/german-target-dictionary-owner-preapproval-32/german-target-dictionary-owner-preapproval-verification.json,false,.json
origin/cursor/pdf-bilingual-hr-hu-is-discovery-17f5,reports/g2-a1-production-current/german-target-dictionary-rescan-6/german-target-dictionary-rescan-6.json,false,.json
origin/cursor/pdf-bilingual-hr-hu-is-discovery-17f5,reports/g2-a1-production-current/german-target-dictionary-rescan-6/german-target-dictionary-rescan-6.md,false,.md
origin/cursor/pdf-bilingual-hr-hu-is-discovery-17f5,reports/g2-a1-production-current/german-target-dictionary-rescan-problematic/german-target-dictionary-rescan-problematic-verification.json,false,.json
origin/cursor/pdf-bilingual-hr-hu-is-discovery-17f5,reports/g2-a1-production-current/german-target-dictionary-rescan-problematic/german-target-dictionary-rescan-problematic.json,false,.json
origin/cursor/pdf-bilingual-hr-hu-is-discovery-17f5,reports/g2-a1-production-current/german-target-dictionary-rescan-problematic/german-target-dictionary-rescan-problematic.md,false,.md
origin/cursor/pdf-bilingual-hr-hu-is-discovery-17f5,reports/g2-a1-production-current/german-target-dictionary-search-32/german-target-dictionary-owner-proposals.csv,false,.csv
origin/cursor/pdf-bilingual-hr-hu-is-discovery-17f5,reports/g2-a1-production-current/german-target-dictionary-search-32/german-target-dictionary-search-32.json,false,.json
origin/cursor/pdf-bilingual-hr-hu-is-discovery-17f5,reports/g2-a1-production-current/german-target-dictionary-search-32/german-target-dictionary-search-32.md,false,.md
origin/cursor/pdf-bilingual-hr-hu-is-discovery-17f5,reports/g2-a1-production-current/german-target-dictionary-search-32/german-target-dictionary-search-verification.json,false,.json
origin/cursor/pdf-bilingual-hr-hu-is-discovery-17f5,reports/g2-a1-production-current/german-target-pdf-bilingual-dictionary-discovery-32/pdf-bilingual-dictionary-discovery-32.json,false,.json
origin/cursor/pdf-bilingual-hr-hu-is-discovery-17f5,reports/g2-a1-production-current/german-target-pdf-bilingual-dictionary-discovery-32/pdf-bilingual-dictionary-discovery-32.md,false,.md
origin/cursor/pdf-bilingual-hr-hu-is-discovery-17f5,reports/g2-a1-production-current/pdf-bilingual-dictionary-bg-bs-alternatives-round4/pdf-bilingual-dictionary-bg-bs-alternatives-round4.json,false,.json
origin/cursor/pdf-bilingual-hr-hu-is-discovery-17f5,reports/g2-a1-production-current/pdf-bilingual-dictionary-bg-bs-alternatives-round4/pdf-bilingual-dictionary-bg-bs-alternatives-round4.md,false,.md
origin/cursor/pdf-bilingual-hr-hu-is-discovery-17f5,reports/g2-a1-production-current/pdf-bilingual-dictionary-bg-bs-fr-pilot-verify/pdf-bilingual-dictionary-bg-bs-fr-pilot-verify.json,false,.json
origin/cursor/pdf-bilingual-hr-hu-is-discovery-17f5,reports/g2-a1-production-current/pdf-bilingual-dictionary-bg-bs-fr-pilot-verify/pdf-bilingual-dictionary-bg-bs-fr-pilot-verify.md,false,.md
origin/cursor/pdf-bilingual-hr-hu-is-discovery-17f5,reports/g2-a1-production-current/pdf-bilingual-dictionary-bg-bs-fr-pilot/pdf-bilingual-dictionary-bg-bs-fr-pilot.json,false,.json
origin/cursor/pdf-bilingual-hr-hu-is-discovery-17f5,reports/g2-a1-production-current/pdf-bilingual-dictionary-bg-bs-fr-pilot/pdf-bilingual-dictionary-bg-bs-fr-pilot.md,false,.md
origin/cursor/pdf-bilingual-hr-hu-is-discovery-17f5,reports/g2-a1-production-current/pdf-bilingual-dictionary-bg-bs-fr-round2/pdf-bilingual-dictionary-bg-bs-fr-round2.json,false,.json
origin/cursor/pdf-bilingual-hr-hu-is-discovery-17f5,reports/g2-a1-production-current/pdf-bilingual-dictionary-bg-bs-fr-round2/pdf-bilingual-dictionary-bg-bs-fr-round2.md,false,.md
origin/cursor/pdf-bilingual-hr-hu-is-discovery-17f5,reports/g2-a1-production-current/pdf-bilingual-dictionary-bg-bs-scanned-round3/pdf-bilingual-dictionary-bg-bs-scanned-round3.json,false,.json
origin/cursor/pdf-bilingual-hr-hu-is-discovery-17f5,reports/g2-a1-production-current/pdf-bilingual-dictionary-bg-bs-scanned-round3/pdf-bilingual-dictionary-bg-bs-scanned-round3.md,false,.md
origin/cursor/pdf-bilingual-hr-hu-is-discovery-17f5,reports/g2-a1-production-current/pdf-bilingual-dictionary-cs-sk-uk-pilot/pdf-bilingual-dictionary-cs-sk-uk-modern-sources.json,false,.json
origin/cursor/pdf-bilingual-hr-hu-is-discovery-17f5,reports/g2-a1-production-current/pdf-bilingual-dictionary-cs-sk-uk-pilot/pdf-bilingual-dictionary-cs-sk-uk-modern-sources.md,false,.md
origin/cursor/pdf-bilingual-hr-hu-is-discovery-17f5,reports/g2-a1-production-current/pdf-bilingual-dictionary-hr-hu-is-discovery/pdf-bilingual-dictionary-hr-hu-is-discovery.json,false,.json
origin/cursor/pdf-bilingual-hr-hu-is-discovery-17f5,reports/g2-a1-production-current/pdf-bilingual-dictionary-hr-hu-is-discovery/pdf-bilingual-dictionary-hr-hu-is-discovery.md,false,.md
origin/cursor/pdf-bilingual-hr-hu-is-discovery-17f5,reports/g2-a1-production-current/pdf-bilingual-dictionary-hr-hu-is-pilot-verify/pdf-bilingual-dictionary-hr-hu-is-pilot-verify.json,false,.json
origin/cursor/pdf-bilingual-hr-hu-is-discovery-17f5,reports/g2-a1-production-current/pdf-bilingual-dictionary-hr-hu-is-pilot-verify/pdf-bilingual-dictionary-hr-hu-is-pilot-verify.md,false,.md
origin/cursor/pdf-bilingual-hr-hu-is-discovery-17f5,reports/g2-a1-production-current/pdf-bilingual-dictionary-lv-lt-pl-pilot/pdf-bilingual-dictionary-lv-lt-pl-modern-sources.json,false,.json
origin/cursor/pdf-bilingual-hr-hu-is-discovery-17f5,reports/g2-a1-production-current/pdf-bilingual-dictionary-lv-lt-pl-pilot/pdf-bilingual-dictionary-lv-lt-pl-modern-sources.md,false,.md
origin/cursor/pdf-bilingual-hr-hu-is-discovery-17f5,reports/g2-a1-production-current/pdf-bilingual-dictionary-lv-lt-pl-pilot/pdf-bilingual-dictionary-lv-lt-pl-pilot-verification.json,false,.json
origin/cursor/pdf-bilingual-hr-hu-is-discovery-17f5,reports/g2-a1-production-current/pdf-bilingual-dictionary-lv-lt-pl-pilot/pdf-bilingual-dictionary-lv-lt-pl-pilot-verification.md,false,.md
origin/cursor/pdf-bilingual-hr-hu-is-discovery-17f5,scripts/apply-master-additional-dictionary-32.js,false,.js
origin/cursor/pdf-bilingual-hr-hu-is-discovery-17f5,scripts/apply-master-german-target-bilingual-32.js,false,.js
origin/cursor/pdf-bilingual-hr-hu-is-discovery-17f5,scripts/build-g2-a1-de-et-bilingual-dictionary-used-sources.js,false,.js
origin/cursor/pdf-bilingual-hr-hu-is-discovery-17f5,scripts/build-g2-a1-german-target-dictionary-alternatives-32.js,false,.js
origin/cursor/pdf-bilingual-hr-hu-is-discovery-17f5,scripts/build-g2-a1-german-target-dictionary-owner-preapproval-32.js,false,.js
origin/cursor/pdf-bilingual-hr-hu-is-discovery-17f5,scripts/build-g2-a1-german-target-dictionary-registry.js,false,.js
origin/cursor/pdf-bilingual-hr-hu-is-discovery-17f5,scripts/build-g2-a1-german-target-dictionary-rescan-6.js,false,.js
origin/cursor/pdf-bilingual-hr-hu-is-discovery-17f5,scripts/build-g2-a1-german-target-dictionary-rescan-problematic.js,false,.js
origin/cursor/pdf-bilingual-hr-hu-is-discovery-17f5,scripts/build-g2-a1-german-target-dictionary-search-32.js,false,.js
origin/cursor/pdf-bilingual-hr-hu-is-discovery-17f5,scripts/build-g2-a1-pdf-bilingual-dictionary-bg-bs-alternatives-round4.js,false,.js
origin/cursor/pdf-bilingual-hr-hu-is-discovery-17f5,scripts/build-g2-a1-pdf-bilingual-dictionary-bg-bs-fr-pilot-verify.js,false,.js
origin/cursor/pdf-bilingual-hr-hu-is-discovery-17f5,scripts/build-g2-a1-pdf-bilingual-dictionary-bg-bs-fr-pilot.js,false,.js
origin/cursor/pdf-bilingual-hr-hu-is-discovery-17f5,scripts/build-g2-a1-pdf-bilingual-dictionary-bg-bs-fr-round2.js,false,.js
origin/cursor/pdf-bilingual-hr-hu-is-discovery-17f5,scripts/build-g2-a1-pdf-bilingual-dictionary-bg-bs-scanned-round3.js,false,.js
origin/cursor/pdf-bilingual-hr-hu-is-discovery-17f5,scripts/build-g2-a1-pdf-bilingual-dictionary-cs-sk-uk-pilot.js,false,.js
origin/cursor/pdf-bilingual-hr-hu-is-discovery-17f5,scripts/build-g2-a1-pdf-bilingual-dictionary-discovery-32-report.js,false,.js
origin/cursor/pdf-bilingual-hr-hu-is-discovery-17f5,scripts/build-g2-a1-pdf-bilingual-dictionary-hr-hu-is-discovery.js,false,.js
origin/cursor/pdf-bilingual-hr-hu-is-discovery-17f5,scripts/build-g2-a1-pdf-bilingual-dictionary-hr-hu-is-pilot-verify.js,false,.js
origin/cursor/pdf-bilingual-hr-hu-is-discovery-17f5,scripts/build-g2-a1-uk-bilingual-source-pilot.js,false,.js
origin/cursor/pdf-bilingual-hr-hu-is-discovery-17f5,scripts/build-german-target-bilingual-dictionaries-32.js,false,.js
origin/cursor/pdf-bilingual-hr-hu-is-discovery-17f5,scripts/lib/data/g2-a1-card-translation-bilingual-audit-fr-bg-bs.json,false,.json
origin/cursor/pdf-bilingual-hr-hu-is-discovery-17f5,scripts/lib/data/g2-a1-card-translation-bilingual-audit-hr-hu-is.json,false,.json
origin/cursor/pdf-bilingual-hr-hu-is-discovery-17f5,scripts/lib/data/g2-a1-card-translation-bilingual-audit-lv-lt-pl.json,false,.json
origin/cursor/pdf-bilingual-hr-hu-is-discovery-17f5,scripts/lib/data/g2-a1-card-translation-bilingual-audit-uk.json,false,.json
origin/cursor/pdf-bilingual-hr-hu-is-discovery-17f5,scripts/lib/data/german-target-dictionary-de-et-used-sources.json,false,.json
origin/cursor/pdf-bilingual-hr-hu-is-discovery-17f5,scripts/lib/data/german-target-dictionary-rescan-6-candidates.json,false,.json
origin/cursor/pdf-bilingual-hr-hu-is-discovery-17f5,scripts/lib/data/german-target-dictionary-rescan-problematic-candidates.json,false,.json
origin/cursor/pdf-bilingual-hr-hu-is-discovery-17f5,scripts/lib/data/german-target-dictionary-search-overrides-32.json,false,.json
origin/cursor/pdf-bilingual-hr-hu-is-discovery-17f5,scripts/lib/data/master-additional-dictionary-sources-32.json,false,.json
origin/cursor/pdf-bilingual-hr-hu-is-discovery-17f5,scripts/lib/data/master-german-target-bilingual-dictionaries-32.json,false,.json
origin/cursor/pdf-bilingual-hr-hu-is-discovery-17f5,scripts/lib/data/master-german-target-pdf-bilingual-dictionaries-32.json,false,.json
origin/cursor/pdf-bilingual-hr-hu-is-discovery-17f5,scripts/lib/g2-a1-production-current/additional-dictionary-search-urls.js,false,.js
origin/cursor/pdf-bilingual-hr-hu-is-discovery-17f5,scripts/lib/g2-a1-production-current/card-translation-bilingual-collector.js,false,.js
origin/cursor/pdf-bilingual-hr-hu-is-discovery-17f5,scripts/lib/g2-a1-production-current/digar-de-et-bilingual-lookup.js,false,.js
origin/cursor/pdf-bilingual-hr-hu-is-discovery-17f5,scripts/lib/g2-a1-production-current/g2-a1-bilingual-de-sense-gate.js,false,.js
origin/cursor/pdf-bilingual-hr-hu-is-discovery-17f5,scripts/lib/g2-a1-production-current/g2-a1-bilingual-row-status.js,false,.js
origin/cursor/pdf-bilingual-hr-hu-is-discovery-17f5,scripts/lib/g2-a1-production-current/g2-a1-bilingual-validation-strict.js,false,.js
origin/cursor/pdf-bilingual-hr-hu-is-discovery-17f5,scripts/lib/g2-a1-production-current/german-target-dictionary-alternative-catalog.js,false,.js
origin/cursor/pdf-bilingual-hr-hu-is-discovery-17f5,scripts/lib/g2-a1-production-current/german-target-dictionary-alternatives-32.js,false,.js
origin/cursor/pdf-bilingual-hr-hu-is-discovery-17f5,scripts/lib/g2-a1-production-current/german-target-dictionary-candidates.js,false,.js
origin/cursor/pdf-bilingual-hr-hu-is-discovery-17f5,scripts/lib/g2-a1-production-current/german-target-dictionary-owner-preapproval-32.js,false,.js
origin/cursor/pdf-bilingual-hr-hu-is-discovery-17f5,scripts/lib/g2-a1-production-current/german-target-dictionary-probes.js,false,.js
origin/cursor/pdf-bilingual-hr-hu-is-discovery-17f5,scripts/lib/g2-a1-production-current/german-target-dictionary-registry.js,false,.js
origin/cursor/pdf-bilingual-hr-hu-is-discovery-17f5,scripts/lib/g2-a1-production-current/german-target-dictionary-rescan-6.js,false,.js
origin/cursor/pdf-bilingual-hr-hu-is-discovery-17f5,scripts/lib/g2-a1-production-current/german-target-dictionary-rescan-builder.js,false,.js
origin/cursor/pdf-bilingual-hr-hu-is-discovery-17f5,scripts/lib/g2-a1-production-current/german-target-dictionary-rescan-problematic.js,false,.js
origin/cursor/pdf-bilingual-hr-hu-is-discovery-17f5,scripts/lib/g2-a1-production-current/german-target-dictionary-search-32.js,false,.js
origin/cursor/pdf-bilingual-hr-hu-is-discovery-17f5,scripts/lib/g2-a1-production-current/german-target-dictionary-search-catalog.js,false,.js
origin/cursor/pdf-bilingual-hr-hu-is-discovery-17f5,scripts/lib/g2-a1-production-current/german-target-dictionary-search-probe.js,false,.js
origin/cursor/pdf-bilingual-hr-hu-is-discovery-17f5,scripts/lib/g2-a1-production-current/master-additional-dictionary-32.js,false,.js
origin/cursor/pdf-bilingual-hr-hu-is-discovery-17f5,scripts/lib/g2-a1-production-current/master-german-target-bilingual-32.js,false,.js
origin/cursor/pdf-bilingual-hr-hu-is-discovery-17f5,scripts/run-g2-a1-complete-bilingual-validation-38.js,false,.js
origin/cursor/pdf-bilingual-hr-hu-is-discovery-17f5,scripts/run-g2-a1-verify-additional-bilingual-38.js,false,.js
origin/cursor/pdf-bilingual-hr-hu-is-discovery-17f5,scripts/verify-g2-a1-de-et-digar-bilingual.js,false,.js
origin/cursor/pdf-bilingual-hr-hu-is-discovery-17f5,scripts/verify-g2-a1-german-target-bilingual-dictionaries-32.js,false,.js
origin/cursor/pdf-bilingual-hr-hu-is-discovery-17f5,scripts/verify-g2-a1-german-target-dictionary-alternatives-32.js,false,.js
origin/cursor/pdf-bilingual-hr-hu-is-discovery-17f5,scripts/verify-g2-a1-german-target-dictionary-owner-preapproval-32.js,false,.js
origin/cursor/pdf-bilingual-hr-hu-is-discovery-17f5,scripts/verify-g2-a1-german-target-dictionary-registry.js,false,.js
origin/cursor/pdf-bilingual-hr-hu-is-discovery-17f5,scripts/verify-g2-a1-german-target-dictionary-rescan-problematic.js,false,.js
origin/cursor/pdf-bilingual-hr-hu-is-discovery-17f5,scripts/verify-g2-a1-german-target-dictionary-search-32.js,false,.js
origin/cursor/pdf-bilingual-hr-hu-is-discovery-17f5,scripts/verify-g2-a1-master-additional-dictionary-32.js,false,.js
origin/cursor/pdf-bilingual-it-mk-nl-audit-only-17f5,reports/g2-a1-production-current/pdf-bilingual-dictionary-it-mk-nl-discovery/pdf-bilingual-dictionary-it-mk-nl-discovery.json,false,.json
origin/cursor/pdf-bilingual-it-mk-nl-audit-only-17f5,reports/g2-a1-production-current/pdf-bilingual-dictionary-it-mk-nl-discovery/pdf-bilingual-dictionary-it-mk-nl-discovery.md,false,.md
origin/cursor/pdf-bilingual-it-mk-nl-audit-only-17f5,reports/g2-a1-production-current/pdf-bilingual-dictionary-it-mk-nl-pilot-verify/pdf-bilingual-dictionary-it-mk-nl-pilot-verify.json,false,.json
origin/cursor/pdf-bilingual-it-mk-nl-audit-only-17f5,reports/g2-a1-production-current/pdf-bilingual-dictionary-it-mk-nl-pilot-verify/pdf-bilingual-dictionary-it-mk-nl-pilot-verify.md,false,.md
origin/cursor/pdf-bilingual-it-mk-nl-audit-only-17f5,scripts/build-g2-a1-pdf-bilingual-dictionary-it-mk-nl-discovery.js,false,.js
origin/cursor/pdf-bilingual-it-mk-nl-audit-only-17f5,scripts/build-g2-a1-pdf-bilingual-dictionary-it-mk-nl-pilot-verify.js,false,.js
origin/cursor/pdf-bilingual-it-mk-nl-audit-only-17f5,scripts/lib/data/g2-a1-card-translation-bilingual-audit-it-mk-nl.json,false,.json
origin/cursor/pdf-bilingual-it-mk-nl-discovery-17f5,reports/g2-a1-production-current/card-translation-sample-lemmas/additional-bilingual-source-recommendations.json,false,.json
origin/cursor/pdf-bilingual-it-mk-nl-discovery-17f5,reports/g2-a1-production-current/card-translation-sample-lemmas/additional-bilingual-source-recommendations.md,false,.md
origin/cursor/pdf-bilingual-it-mk-nl-discovery-17f5,reports/g2-a1-production-current/card-translation-sample-lemmas/additional-bilingual-source-verify-38.json,false,.json
origin/cursor/pdf-bilingual-it-mk-nl-discovery-17f5,reports/g2-a1-production-current/card-translation-sample-lemmas/additional-bilingual-source-verify-38.md,false,.md
origin/cursor/pdf-bilingual-it-mk-nl-discovery-17f5,reports/g2-a1-production-current/card-translation-sample-lemmas/complete-bilingual-validation-38.json,false,.json
origin/cursor/pdf-bilingual-it-mk-nl-discovery-17f5,reports/g2-a1-production-current/card-translation-sample-lemmas/complete-bilingual-validation-38.md,false,.md
origin/cursor/pdf-bilingual-it-mk-nl-discovery-17f5,reports/g2-a1-production-current/card-translation-uk-bilingual-sources/uk-bilingual-source-pilot-verification.json,false,.json
origin/cursor/pdf-bilingual-it-mk-nl-discovery-17f5,reports/g2-a1-production-current/card-translation-uk-bilingual-sources/uk-bilingual-source-pilot-verification.md,false,.md
origin/cursor/pdf-bilingual-it-mk-nl-discovery-17f5,reports/g2-a1-production-current/g2-a1-commercial-dictionary-editorial-provenance.json,false,.json
origin/cursor/pdf-bilingual-it-mk-nl-discovery-17f5,reports/g2-a1-production-current/g2-a1-german-target-dictionary-master-owner-review.md,false,.md
origin/cursor/pdf-bilingual-it-mk-nl-discovery-17f5,reports/g2-a1-production-current/g2-a1-german-target-dictionary-registry.json,false,.json
origin/cursor/pdf-bilingual-it-mk-nl-discovery-17f5,reports/g2-a1-production-current/g2-a1-german-target-dictionary-registry.md,false,.md
origin/cursor/pdf-bilingual-it-mk-nl-discovery-17f5,reports/g2-a1-production-current/g2-a1-german-target-dictionary-validation.json,false,.json
origin/cursor/pdf-bilingual-it-mk-nl-discovery-17f5,reports/g2-a1-production-current/g2-a1-german-target-dictionary-validation.md,false,.md
origin/cursor/pdf-bilingual-it-mk-nl-discovery-17f5,reports/g2-a1-production-current/g2-a1-haus-14-language-bilingual-pilot.csv,false,.csv
origin/cursor/pdf-bilingual-it-mk-nl-discovery-17f5,reports/g2-a1-production-current/g2-a1-haus-14-language-bilingual-pilot.json,false,.json
origin/cursor/pdf-bilingual-it-mk-nl-discovery-17f5,reports/g2-a1-production-current/german-target-bilingual-dictionaries-32/german-target-bilingual-dictionaries-32-verification.json,false,.json
origin/cursor/pdf-bilingual-it-mk-nl-discovery-17f5,reports/g2-a1-production-current/german-target-bilingual-dictionaries-32/german-target-bilingual-dictionaries-32.json,false,.json
origin/cursor/pdf-bilingual-it-mk-nl-discovery-17f5,reports/g2-a1-production-current/german-target-bilingual-dictionaries-32/german-target-bilingual-dictionaries-32.md,false,.md
origin/cursor/pdf-bilingual-it-mk-nl-discovery-17f5,reports/g2-a1-production-current/german-target-dictionary-alternatives-32/german-target-dictionary-alternatives-32.json,false,.json
origin/cursor/pdf-bilingual-it-mk-nl-discovery-17f5,reports/g2-a1-production-current/german-target-dictionary-alternatives-32/german-target-dictionary-alternatives-32.md,false,.md
origin/cursor/pdf-bilingual-it-mk-nl-discovery-17f5,reports/g2-a1-production-current/german-target-dictionary-alternatives-32/german-target-dictionary-alternatives-verification.json,false,.json
origin/cursor/pdf-bilingual-it-mk-nl-discovery-17f5,reports/g2-a1-production-current/german-target-dictionary-de-et-used-sources/german-target-dictionary-de-et-used-sources-verification.json,false,.json
origin/cursor/pdf-bilingual-it-mk-nl-discovery-17f5,reports/g2-a1-production-current/german-target-dictionary-de-et-used-sources/german-target-dictionary-de-et-used-sources.json,false,.json
origin/cursor/pdf-bilingual-it-mk-nl-discovery-17f5,reports/g2-a1-production-current/german-target-dictionary-de-et-used-sources/german-target-dictionary-de-et-used-sources.md,false,.md
origin/cursor/pdf-bilingual-it-mk-nl-discovery-17f5,reports/g2-a1-production-current/german-target-dictionary-owner-preapproval-32/german-target-dictionary-owner-preapproval-25-changes.csv,false,.csv
origin/cursor/pdf-bilingual-it-mk-nl-discovery-17f5,reports/g2-a1-production-current/german-target-dictionary-owner-preapproval-32/german-target-dictionary-owner-preapproval-32.json,false,.json
origin/cursor/pdf-bilingual-it-mk-nl-discovery-17f5,reports/g2-a1-production-current/german-target-dictionary-owner-preapproval-32/german-target-dictionary-owner-preapproval-32.md,false,.md
origin/cursor/pdf-bilingual-it-mk-nl-discovery-17f5,reports/g2-a1-production-current/german-target-dictionary-owner-preapproval-32/german-target-dictionary-owner-preapproval-verification.json,false,.json
origin/cursor/pdf-bilingual-it-mk-nl-discovery-17f5,reports/g2-a1-production-current/german-target-dictionary-rescan-6/german-target-dictionary-rescan-6.json,false,.json
origin/cursor/pdf-bilingual-it-mk-nl-discovery-17f5,reports/g2-a1-production-current/german-target-dictionary-rescan-6/german-target-dictionary-rescan-6.md,false,.md
origin/cursor/pdf-bilingual-it-mk-nl-discovery-17f5,reports/g2-a1-production-current/german-target-dictionary-rescan-problematic/german-target-dictionary-rescan-problematic-verification.json,false,.json
origin/cursor/pdf-bilingual-it-mk-nl-discovery-17f5,reports/g2-a1-production-current/german-target-dictionary-rescan-problematic/german-target-dictionary-rescan-problematic.json,false,.json
origin/cursor/pdf-bilingual-it-mk-nl-discovery-17f5,reports/g2-a1-production-current/german-target-dictionary-rescan-problematic/german-target-dictionary-rescan-problematic.md,false,.md
origin/cursor/pdf-bilingual-it-mk-nl-discovery-17f5,reports/g2-a1-production-current/german-target-dictionary-search-32/german-target-dictionary-owner-proposals.csv,false,.csv
origin/cursor/pdf-bilingual-it-mk-nl-discovery-17f5,reports/g2-a1-production-current/german-target-dictionary-search-32/german-target-dictionary-search-32.json,false,.json
origin/cursor/pdf-bilingual-it-mk-nl-discovery-17f5,reports/g2-a1-production-current/german-target-dictionary-search-32/german-target-dictionary-search-32.md,false,.md
origin/cursor/pdf-bilingual-it-mk-nl-discovery-17f5,reports/g2-a1-production-current/german-target-dictionary-search-32/german-target-dictionary-search-verification.json,false,.json
origin/cursor/pdf-bilingual-it-mk-nl-discovery-17f5,reports/g2-a1-production-current/german-target-pdf-bilingual-dictionary-discovery-32/pdf-bilingual-dictionary-discovery-32.json,false,.json
origin/cursor/pdf-bilingual-it-mk-nl-discovery-17f5,reports/g2-a1-production-current/german-target-pdf-bilingual-dictionary-discovery-32/pdf-bilingual-dictionary-discovery-32.md,false,.md
origin/cursor/pdf-bilingual-it-mk-nl-discovery-17f5,reports/g2-a1-production-current/pdf-bilingual-dictionary-bg-bs-alternatives-round4/pdf-bilingual-dictionary-bg-bs-alternatives-round4.json,false,.json
origin/cursor/pdf-bilingual-it-mk-nl-discovery-17f5,reports/g2-a1-production-current/pdf-bilingual-dictionary-bg-bs-alternatives-round4/pdf-bilingual-dictionary-bg-bs-alternatives-round4.md,false,.md
origin/cursor/pdf-bilingual-it-mk-nl-discovery-17f5,reports/g2-a1-production-current/pdf-bilingual-dictionary-bg-bs-fr-pilot-verify/pdf-bilingual-dictionary-bg-bs-fr-pilot-verify.json,false,.json
origin/cursor/pdf-bilingual-it-mk-nl-discovery-17f5,reports/g2-a1-production-current/pdf-bilingual-dictionary-bg-bs-fr-pilot-verify/pdf-bilingual-dictionary-bg-bs-fr-pilot-verify.md,false,.md
origin/cursor/pdf-bilingual-it-mk-nl-discovery-17f5,reports/g2-a1-production-current/pdf-bilingual-dictionary-bg-bs-fr-pilot/pdf-bilingual-dictionary-bg-bs-fr-pilot.json,false,.json
origin/cursor/pdf-bilingual-it-mk-nl-discovery-17f5,reports/g2-a1-production-current/pdf-bilingual-dictionary-bg-bs-fr-pilot/pdf-bilingual-dictionary-bg-bs-fr-pilot.md,false,.md
origin/cursor/pdf-bilingual-it-mk-nl-discovery-17f5,reports/g2-a1-production-current/pdf-bilingual-dictionary-bg-bs-fr-round2/pdf-bilingual-dictionary-bg-bs-fr-round2.json,false,.json
origin/cursor/pdf-bilingual-it-mk-nl-discovery-17f5,reports/g2-a1-production-current/pdf-bilingual-dictionary-bg-bs-fr-round2/pdf-bilingual-dictionary-bg-bs-fr-round2.md,false,.md
origin/cursor/pdf-bilingual-it-mk-nl-discovery-17f5,reports/g2-a1-production-current/pdf-bilingual-dictionary-bg-bs-scanned-round3/pdf-bilingual-dictionary-bg-bs-scanned-round3.json,false,.json
origin/cursor/pdf-bilingual-it-mk-nl-discovery-17f5,reports/g2-a1-production-current/pdf-bilingual-dictionary-bg-bs-scanned-round3/pdf-bilingual-dictionary-bg-bs-scanned-round3.md,false,.md
origin/cursor/pdf-bilingual-it-mk-nl-discovery-17f5,reports/g2-a1-production-current/pdf-bilingual-dictionary-cs-sk-uk-pilot/pdf-bilingual-dictionary-cs-sk-uk-modern-sources.json,false,.json
origin/cursor/pdf-bilingual-it-mk-nl-discovery-17f5,reports/g2-a1-production-current/pdf-bilingual-dictionary-cs-sk-uk-pilot/pdf-bilingual-dictionary-cs-sk-uk-modern-sources.md,false,.md
origin/cursor/pdf-bilingual-it-mk-nl-discovery-17f5,reports/g2-a1-production-current/pdf-bilingual-dictionary-hr-hu-is-discovery/pdf-bilingual-dictionary-hr-hu-is-discovery.json,false,.json
origin/cursor/pdf-bilingual-it-mk-nl-discovery-17f5,reports/g2-a1-production-current/pdf-bilingual-dictionary-hr-hu-is-discovery/pdf-bilingual-dictionary-hr-hu-is-discovery.md,false,.md
origin/cursor/pdf-bilingual-it-mk-nl-discovery-17f5,reports/g2-a1-production-current/pdf-bilingual-dictionary-hr-hu-is-pilot-verify/pdf-bilingual-dictionary-hr-hu-is-pilot-verify.json,false,.json
origin/cursor/pdf-bilingual-it-mk-nl-discovery-17f5,reports/g2-a1-production-current/pdf-bilingual-dictionary-hr-hu-is-pilot-verify/pdf-bilingual-dictionary-hr-hu-is-pilot-verify.md,false,.md
origin/cursor/pdf-bilingual-it-mk-nl-discovery-17f5,reports/g2-a1-production-current/pdf-bilingual-dictionary-it-mk-nl-discovery/pdf-bilingual-dictionary-it-mk-nl-discovery.json,false,.json
origin/cursor/pdf-bilingual-it-mk-nl-discovery-17f5,reports/g2-a1-production-current/pdf-bilingual-dictionary-it-mk-nl-discovery/pdf-bilingual-dictionary-it-mk-nl-discovery.md,false,.md
origin/cursor/pdf-bilingual-it-mk-nl-discovery-17f5,reports/g2-a1-production-current/pdf-bilingual-dictionary-it-mk-nl-pilot-verify/pdf-bilingual-dictionary-it-mk-nl-pilot-verify.json,false,.json
origin/cursor/pdf-bilingual-it-mk-nl-discovery-17f5,reports/g2-a1-production-current/pdf-bilingual-dictionary-it-mk-nl-pilot-verify/pdf-bilingual-dictionary-it-mk-nl-pilot-verify.md,false,.md
origin/cursor/pdf-bilingual-it-mk-nl-discovery-17f5,reports/g2-a1-production-current/pdf-bilingual-dictionary-lv-lt-pl-pilot/pdf-bilingual-dictionary-lv-lt-pl-modern-sources.json,false,.json
origin/cursor/pdf-bilingual-it-mk-nl-discovery-17f5,reports/g2-a1-production-current/pdf-bilingual-dictionary-lv-lt-pl-pilot/pdf-bilingual-dictionary-lv-lt-pl-modern-sources.md,false,.md
origin/cursor/pdf-bilingual-it-mk-nl-discovery-17f5,reports/g2-a1-production-current/pdf-bilingual-dictionary-lv-lt-pl-pilot/pdf-bilingual-dictionary-lv-lt-pl-pilot-verification.json,false,.json
origin/cursor/pdf-bilingual-it-mk-nl-discovery-17f5,reports/g2-a1-production-current/pdf-bilingual-dictionary-lv-lt-pl-pilot/pdf-bilingual-dictionary-lv-lt-pl-pilot-verification.md,false,.md
origin/cursor/pdf-bilingual-it-mk-nl-discovery-17f5,scripts/apply-master-additional-dictionary-32.js,false,.js
origin/cursor/pdf-bilingual-it-mk-nl-discovery-17f5,scripts/apply-master-german-target-bilingual-32.js,false,.js
origin/cursor/pdf-bilingual-it-mk-nl-discovery-17f5,scripts/build-g2-a1-de-et-bilingual-dictionary-used-sources.js,false,.js
origin/cursor/pdf-bilingual-it-mk-nl-discovery-17f5,scripts/build-g2-a1-german-target-dictionary-alternatives-32.js,false,.js
origin/cursor/pdf-bilingual-it-mk-nl-discovery-17f5,scripts/build-g2-a1-german-target-dictionary-owner-preapproval-32.js,false,.js
origin/cursor/pdf-bilingual-it-mk-nl-discovery-17f5,scripts/build-g2-a1-german-target-dictionary-registry.js,false,.js
origin/cursor/pdf-bilingual-it-mk-nl-discovery-17f5,scripts/build-g2-a1-german-target-dictionary-rescan-6.js,false,.js
origin/cursor/pdf-bilingual-it-mk-nl-discovery-17f5,scripts/build-g2-a1-german-target-dictionary-rescan-problematic.js,false,.js
origin/cursor/pdf-bilingual-it-mk-nl-discovery-17f5,scripts/build-g2-a1-german-target-dictionary-search-32.js,false,.js
origin/cursor/pdf-bilingual-it-mk-nl-discovery-17f5,scripts/build-g2-a1-pdf-bilingual-dictionary-bg-bs-alternatives-round4.js,false,.js
origin/cursor/pdf-bilingual-it-mk-nl-discovery-17f5,scripts/build-g2-a1-pdf-bilingual-dictionary-bg-bs-fr-pilot-verify.js,false,.js
origin/cursor/pdf-bilingual-it-mk-nl-discovery-17f5,scripts/build-g2-a1-pdf-bilingual-dictionary-bg-bs-fr-pilot.js,false,.js
origin/cursor/pdf-bilingual-it-mk-nl-discovery-17f5,scripts/build-g2-a1-pdf-bilingual-dictionary-bg-bs-fr-round2.js,false,.js
origin/cursor/pdf-bilingual-it-mk-nl-discovery-17f5,scripts/build-g2-a1-pdf-bilingual-dictionary-bg-bs-scanned-round3.js,false,.js
origin/cursor/pdf-bilingual-it-mk-nl-discovery-17f5,scripts/build-g2-a1-pdf-bilingual-dictionary-cs-sk-uk-pilot.js,false,.js
origin/cursor/pdf-bilingual-it-mk-nl-discovery-17f5,scripts/build-g2-a1-pdf-bilingual-dictionary-discovery-32-report.js,false,.js
origin/cursor/pdf-bilingual-it-mk-nl-discovery-17f5,scripts/build-g2-a1-pdf-bilingual-dictionary-hr-hu-is-discovery.js,false,.js
origin/cursor/pdf-bilingual-it-mk-nl-discovery-17f5,scripts/build-g2-a1-pdf-bilingual-dictionary-hr-hu-is-pilot-verify.js,false,.js
origin/cursor/pdf-bilingual-it-mk-nl-discovery-17f5,scripts/build-g2-a1-pdf-bilingual-dictionary-it-mk-nl-discovery.js,false,.js
origin/cursor/pdf-bilingual-it-mk-nl-discovery-17f5,scripts/build-g2-a1-pdf-bilingual-dictionary-it-mk-nl-pilot-verify.js,false,.js
origin/cursor/pdf-bilingual-it-mk-nl-discovery-17f5,scripts/build-g2-a1-uk-bilingual-source-pilot.js,false,.js
origin/cursor/pdf-bilingual-it-mk-nl-discovery-17f5,scripts/build-german-target-bilingual-dictionaries-32.js,false,.js
origin/cursor/pdf-bilingual-it-mk-nl-discovery-17f5,scripts/lib/data/g2-a1-card-translation-bilingual-audit-fr-bg-bs.json,false,.json
origin/cursor/pdf-bilingual-it-mk-nl-discovery-17f5,scripts/lib/data/g2-a1-card-translation-bilingual-audit-hr-hu-is.json,false,.json
origin/cursor/pdf-bilingual-it-mk-nl-discovery-17f5,scripts/lib/data/g2-a1-card-translation-bilingual-audit-it-mk-nl.json,false,.json
origin/cursor/pdf-bilingual-it-mk-nl-discovery-17f5,scripts/lib/data/g2-a1-card-translation-bilingual-audit-lv-lt-pl.json,false,.json
origin/cursor/pdf-bilingual-it-mk-nl-discovery-17f5,scripts/lib/data/g2-a1-card-translation-bilingual-audit-uk.json,false,.json
origin/cursor/pdf-bilingual-it-mk-nl-discovery-17f5,scripts/lib/data/german-target-dictionary-de-et-used-sources.json,false,.json
origin/cursor/pdf-bilingual-it-mk-nl-discovery-17f5,scripts/lib/data/german-target-dictionary-rescan-6-candidates.json,false,.json
origin/cursor/pdf-bilingual-it-mk-nl-discovery-17f5,scripts/lib/data/german-target-dictionary-rescan-problematic-candidates.json,false,.json
origin/cursor/pdf-bilingual-it-mk-nl-discovery-17f5,scripts/lib/data/german-target-dictionary-search-overrides-32.json,false,.json
origin/cursor/pdf-bilingual-it-mk-nl-discovery-17f5,scripts/lib/data/master-additional-dictionary-sources-32.json,false,.json
origin/cursor/pdf-bilingual-it-mk-nl-discovery-17f5,scripts/lib/data/master-german-target-bilingual-dictionaries-32.json,false,.json
origin/cursor/pdf-bilingual-it-mk-nl-discovery-17f5,scripts/lib/data/master-german-target-pdf-bilingual-dictionaries-32.json,false,.json
origin/cursor/pdf-bilingual-it-mk-nl-discovery-17f5,scripts/lib/g2-a1-production-current/additional-dictionary-search-urls.js,false,.js
origin/cursor/pdf-bilingual-it-mk-nl-discovery-17f5,scripts/lib/g2-a1-production-current/card-translation-bilingual-collector.js,false,.js
origin/cursor/pdf-bilingual-it-mk-nl-discovery-17f5,scripts/lib/g2-a1-production-current/digar-de-et-bilingual-lookup.js,false,.js
origin/cursor/pdf-bilingual-it-mk-nl-discovery-17f5,scripts/lib/g2-a1-production-current/g2-a1-bilingual-de-sense-gate.js,false,.js
origin/cursor/pdf-bilingual-it-mk-nl-discovery-17f5,scripts/lib/g2-a1-production-current/g2-a1-bilingual-row-status.js,false,.js
origin/cursor/pdf-bilingual-it-mk-nl-discovery-17f5,scripts/lib/g2-a1-production-current/g2-a1-bilingual-validation-strict.js,false,.js
origin/cursor/pdf-bilingual-it-mk-nl-discovery-17f5,scripts/lib/g2-a1-production-current/german-target-dictionary-alternative-catalog.js,false,.js
origin/cursor/pdf-bilingual-it-mk-nl-discovery-17f5,scripts/lib/g2-a1-production-current/german-target-dictionary-alternatives-32.js,false,.js
origin/cursor/pdf-bilingual-it-mk-nl-discovery-17f5,scripts/lib/g2-a1-production-current/german-target-dictionary-candidates.js,false,.js
origin/cursor/pdf-bilingual-it-mk-nl-discovery-17f5,scripts/lib/g2-a1-production-current/german-target-dictionary-owner-preapproval-32.js,false,.js
origin/cursor/pdf-bilingual-it-mk-nl-discovery-17f5,scripts/lib/g2-a1-production-current/german-target-dictionary-probes.js,false,.js
origin/cursor/pdf-bilingual-it-mk-nl-discovery-17f5,scripts/lib/g2-a1-production-current/german-target-dictionary-registry.js,false,.js
origin/cursor/pdf-bilingual-it-mk-nl-discovery-17f5,scripts/lib/g2-a1-production-current/german-target-dictionary-rescan-6.js,false,.js
origin/cursor/pdf-bilingual-it-mk-nl-discovery-17f5,scripts/lib/g2-a1-production-current/german-target-dictionary-rescan-builder.js,false,.js
origin/cursor/pdf-bilingual-it-mk-nl-discovery-17f5,scripts/lib/g2-a1-production-current/german-target-dictionary-rescan-problematic.js,false,.js
origin/cursor/pdf-bilingual-it-mk-nl-discovery-17f5,scripts/lib/g2-a1-production-current/german-target-dictionary-search-32.js,false,.js
origin/cursor/pdf-bilingual-it-mk-nl-discovery-17f5,scripts/lib/g2-a1-production-current/german-target-dictionary-search-catalog.js,false,.js
origin/cursor/pdf-bilingual-it-mk-nl-discovery-17f5,scripts/lib/g2-a1-production-current/german-target-dictionary-search-probe.js,false,.js
origin/cursor/pdf-bilingual-it-mk-nl-discovery-17f5,scripts/lib/g2-a1-production-current/master-additional-dictionary-32.js,false,.js
origin/cursor/pdf-bilingual-it-mk-nl-discovery-17f5,scripts/lib/g2-a1-production-current/master-german-target-bilingual-32.js,false,.js
origin/cursor/pdf-bilingual-it-mk-nl-discovery-17f5,scripts/run-g2-a1-complete-bilingual-validation-38.js,false,.js
origin/cursor/pdf-bilingual-it-mk-nl-discovery-17f5,scripts/run-g2-a1-verify-additional-bilingual-38.js,false,.js
origin/cursor/pdf-bilingual-it-mk-nl-discovery-17f5,scripts/verify-g2-a1-de-et-digar-bilingual.js,false,.js
origin/cursor/pdf-bilingual-it-mk-nl-discovery-17f5,scripts/verify-g2-a1-german-target-bilingual-dictionaries-32.js,false,.js
origin/cursor/pdf-bilingual-it-mk-nl-discovery-17f5,scripts/verify-g2-a1-german-target-dictionary-alternatives-32.js,false,.js
origin/cursor/pdf-bilingual-it-mk-nl-discovery-17f5,scripts/verify-g2-a1-german-target-dictionary-owner-preapproval-32.js,false,.js
origin/cursor/pdf-bilingual-it-mk-nl-discovery-17f5,scripts/verify-g2-a1-german-target-dictionary-registry.js,false,.js
origin/cursor/pdf-bilingual-it-mk-nl-discovery-17f5,scripts/verify-g2-a1-german-target-dictionary-rescan-problematic.js,false,.js
origin/cursor/pdf-bilingual-it-mk-nl-discovery-17f5,scripts/verify-g2-a1-german-target-dictionary-search-32.js,false,.js
origin/cursor/pdf-bilingual-it-mk-nl-discovery-17f5,scripts/verify-g2-a1-master-additional-dictionary-32.js,false,.js
