lang,id,title,publisher,year,direction,role,group,accessType,location,registryFile,rejected
nn,ia-bsb-helms-dano-nor-de-11752747,"Neues vollständiges Wörterbuch der dänisch-norwegischen und deutschen Sprache (Helms, BSB/IA 11752747)",Svenn Henrik Helms; BSB / MDZ + IA OCR,,de↔no-historical,primary,primaryDigitized,Internet Archive OCR (MDZ IIIF viewer),https://www.digitale-sammlungen.de/de/view/bsb11752747?page=1,scripts/lib/data/g2-a1-card-translation-bilingual-audit-nn-pt-ro.json,false
nn,snorre-sbr-24,SNORRE terminology wordlist (Språkbanken oai-nb-no-sbr-24 / Standard Norge),Standard Norge / Språkbanken (NB),2013,de↔nn-terminology,modern_institutional_terminology,modernInstitutional,Tab-separated open wordlist (DE / NN / EN / FR parallel terms),https://www.nb.no/sbfil/leksikalske_databaser/snorre.tar.gz,scripts/lib/data/g2-a1-card-translation-bilingual-audit-nn-pt-ro.json,false
nn,mdz-kaper-dano-nor-de-1889,"Dänisch-norwegisch-deutsches Hand-Wörterbuch (Kaper, 1889, BSB 11642917)",,,de↔no-historical,supplement_reserve,supplementaryReserve,,https://www.digitale-sammlungen.de/de/view/bsb11642917?page=1,scripts/lib/data/g2-a1-card-translation-bilingual-audit-nn-pt-ro.json,false
nn,ia-hanson-tysk-norsk-1840,"Tysk-Norsk haand-ordbog (Hanson, 1840, IA)",,,de→nn-historical,supplement_reserve,supplementaryReserve,,https://archive.org/details/bub_gb_cl5HAAAAYAAJ,scripts/lib/data/g2-a1-card-translation-bilingual-audit-nn-pt-ro.json,false
nn,dinordbok-tysk-nynorsk-web,DinOrdbok Tysk–Nynorsk (crowd-sourced web),,,de↔nn,supplementary_control_not_authoritative,supplementaryControlOnly,,https://www.dinordbok.se/tysk-nynorsk/,scripts/lib/data/g2-a1-card-translation-bilingual-audit-nn-pt-ro.json,false
nn,ia-helms-swedish-vol2-m0hU,Helms vol. 2 (IA bub_gb_M0hUAAAAcAAJ),,,,rejectedNotUsable,rejectedNotUsable,,,scripts/lib/data/g2-a1-card-translation-bilingual-audit-nn-pt-ro.json,true
nn,ia-aasen-norsk-ordbog-monolingual,Aasen Norsk Ordbog 1873 (MDZ bsb11009926),,,,rejectedNotUsable,rejectedNotUsable,,,scripts/lib/data/g2-a1-card-translation-bilingual-audit-nn-pt-ro.json,true
pt,ia-torchtrop-de-pt-1943,"Dicionário Alemão–Português (Leonardo Torchtrop, 1943 / Globo)",Leonardo Torchtrop / Editora Globo; IA mirror,1943,de→pt,primary,primaryDigitized,Internet Archive PDF + OCR,https://archive.org/download/DICIONARIOALEMAOPORTUGUESLEONARDOTORCHTROP/DICIONARIO%20ALEMAO-PORTUGUES%20LEONARDO%20TORCHTROP.pdf,scripts/lib/data/g2-a1-card-translation-bilingual-audit-nn-pt-ro.json,false
pt,ia-wagener-de-pt-1812-v1,"Wagener — Deutsch–Portugiesisch (1812, IA ZfhD vol. 1)",,,de→pt,supplement_reserve,supplementaryReserve,,https://archive.org/details/bub_gb_ZfhDAAAAcAAJ,scripts/lib/data/g2-a1-card-translation-bilingual-audit-nn-pt-ro.json,false
pt,ia-wagener-de-pt-1812-v2,"Wagener — Deutsch–Portugiesisch (1812, IA SplL vol. 2)",,,de→pt,supplement_reserve,supplementaryReserve,,https://archive.org/details/bub_gb_SplLAAAAcAAJ,scripts/lib/data/g2-a1-card-translation-bilingual-audit-nn-pt-ro.json,false
pt,ia-dicionario-moderno-de-pt-pt-de,"Dicionário Alemão–Português / Português–Alemão (IA DicionrioAlemoPortugus, ~2018)",,,de↔pt,supplement_clean_ocr,supplementaryReserve,,https://archive.org/details/DicionrioAlemoPortugus,scripts/lib/data/g2-a1-card-translation-bilingual-audit-nn-pt-ro.json,false
pt,ia-michaelis-escolar-borrow,Michaelis dicionário escolar (IA),,,,rejectedNotUsable,rejectedNotUsable,,,scripts/lib/data/g2-a1-card-translation-bilingual-audit-nn-pt-ro.json,true
ro,ia-barcianu-de-ro-bidir-1886,"Dicționar român-germân și germân-român (Barcianu, 1886)",Sab. Pop. Barcianu / Sibiu; Google–IA,1886,de↔ro,primary,primaryDigitized,Internet Archive PDF + OCR,https://archive.org/details/wrterbuchderrom00barcgoog,scripts/lib/data/g2-a1-card-translation-bilingual-audit-nn-pt-ro.json,false
ro,tdrg3-solirom-ro-de,"Tiktin TDRG³ — Dicționar român-german (Miron / Lüder, 2000–2005)",Academia Română / CLRE solirom,2000–2005,ro→de,modern_primary_ro_headword,modernInstitutional,Open digital edition (TEI/HTML entries),https://tdrg.solirom.ro/,scripts/lib/data/g2-a1-card-translation-bilingual-audit-nn-pt-ro.json,false
ro,ia-tiktin-ro-de-historical,Tiktin Rumänisch-deutsches Wörterbuch (IA bub_gb_mCoTAAAAYAAJ),,,ro→de,supplement_reserve,supplementaryReserve,,https://archive.org/details/bub_gb_mCoTAAAAYAAJ,scripts/lib/data/g2-a1-card-translation-bilingual-audit-nn-pt-ro.json,false
ro,ia-alexi-ro-de-1906,"Alexi Rumänisch-deutsches Wörterbuch (1906, IA)",,,ro→de,supplement_reserve,supplementaryReserve,,https://archive.org/details/rumnischdeutsch00alexgoog,scripts/lib/data/g2-a1-card-translation-bilingual-audit-nn-pt-ro.json,false
ro,ia-alexi-de-ro-503,"Alexi Dicționar german-român (separate vol., IA)",,,,rejectedNotUsable,rejectedNotUsable,,,scripts/lib/data/g2-a1-card-translation-bilingual-audit-nn-pt-ro.json,true
