element_id,level,card_id,array_path,classification,german_fields,translation_fields_needed,history,languages_with,languages_without,DE_REVIEW,OWNER_DECISION,OWNER_LV_TEXT,OWNER_LV_TEXT_PROPOSED
E0001,a1,a1-bringen,study.examples,NEW_CONTENT,"{""de"":""Ich nehme das Buch.""}","[""lv""]","STILL_IN_LV addba18fc2b96fe2233756d270144aa732799f6a 2026-08-05T17:27:40+00:00 A1 audit block 2: bringen, Brötchen, dieser, ein","29: bg, cs, da, es, et, fi, fr, gr, hr, hu, is, it, lb, lt, mk, nb, nl, nn, pl, pt, ro, ru, sk, sl, sq, sr, sv, tr, uk","2: bs, en",,,"{""lv"":""""}",
E0002,a1,a1-finden,study.examples,DUPLICATE_OF_LV_ROW,"{""de"":""Wie findest du den Film?""}","[""lv""]",STILL_IN_LV 2920011112e9680f9f72b5d1ec4e4494a2d5271c 2026-07-03T17:50:07+02:00 chore: sakārto repozitoriju — plakana saknes struktūra bez DE-LV-App_MAIN apvalka,"29: bg, cs, da, es, et, fi, fr, gr, hr, hu, is, it, lb, lt, mk, nb, nl, nn, pl, pt, ro, ru, sk, sl, sq, sr, sv, tr, uk","2: bs, en",,,"{""lv"":""""}",
E0003,a1,a1-klein-study,study.examples,NEW_CONTENT,"{""de"":""Das Kind ist klein.""}","[""lv""]","REMOVED dfb9a177aeac557cd31b17545800dab213e71100 2026-08-05T17:05:43+00:00 A1 audit block 1: fix aber, baden, bis, an, aus, aufs, besuchen, Besuch, sprechen, klein, auch, bei, bitte","29: bg, cs, da, es, et, fi, fr, gr, hr, hu, is, it, lb, lt, mk, nb, nl, nn, pl, pt, ro, ru, sk, sl, sq, sr, sv, tr, uk","2: bs, en",,,"{""lv"":""""}",
E0004,a1,a1-klein-study,study.examples,DUPLICATE_OF_LV_ROW,"{""de"":""Ich habe eine kleine Tasche.""}","[""lv""]",STILL_IN_LV 509b81d7af1841b81d9215ed32d1431fb49a3017 2026-07-23T17:52:22+00:00 Fix duplicate cross-level words missing study cards,"29: bg, cs, da, es, et, fi, fr, gr, hr, hu, is, it, lb, lt, mk, nb, nl, nn, pl, pt, ro, ru, sk, sl, sq, sr, sv, tr, uk","2: bs, en",,,"{""lv"":""""}",
E0005,a1,a1-bis,study.comparison,NEW_CONTENT+DE_VARIANT,"{""word"":""bis jetzt"",""example_de"":""Bis jetzt ist alles gut."",""DE_VARIANT"":[{""word"":""Bis jetzt"",""example_de"":""Bis jetzt ist alles gut.""},{""word"":""Бис Джетц"",""example_de"":""Bis jetzt ist alles gut.""}]}","[""example_translation"",""meaning""]","REMOVED dfb9a177aeac557cd31b17545800dab213e71100 2026-08-05T17:05:43+00:00 A1 audit block 1: fix aber, baden, bis, an, aus, aufs, besuchen, Besuch, sprechen, klein, auch, bei, bitte","28: bg, cs, da, en, es, et, fi, fr, gr, hr, hu, is, it, lb, lt, mk, nb, nl, nn, pl, pt, sk, sl, sq, sr, sv, tr, uk","3: bs, ro, ru",,,"{""example_translation"":"""",""meaning"":""""}","{""meaning"":""līdz šim, līdz šai dienai"",""example_translation"":""Līdz šim viss ir labi."",""status"":""PROPOSED, nav apstiprināts""}"
E0006,a1,a1-bitte,study.examples,NEW_CONTENT,"{""de"":""Die Bitte ist wichtig.""}","[""lv""]","REMOVED dfb9a177aeac557cd31b17545800dab213e71100 2026-08-05T17:05:43+00:00 A1 audit block 1: fix aber, baden, bis, an, aus, aufs, besuchen, Besuch, sprechen, klein, auch, bei, bitte","28: bg, da, es, et, fi, fr, gr, hr, hu, is, it, lb, lt, mk, nb, nl, nn, pl, pt, ro, ru, sk, sl, sq, sr, sv, tr, uk","3: bs, cs, en",,,"{""lv"":""""}",
E0007,a1,a1-bitte,study.examples,NEW_CONTENT,"{""de"":""Ich habe eine Bitte.""}","[""lv""]",STILL_IN_LV 12321968e70809f831a09a9547c593e48f43fabb 2026-07-16T19:44:11+00:00 Split all comparisonStudy cards into individual standardStudy entries,"28: bg, da, es, et, fi, fr, gr, hr, hu, is, it, lb, lt, mk, nb, nl, nn, pl, pt, ro, ru, sk, sl, sq, sr, sv, tr, uk","3: bs, cs, en",,,"{""lv"":""""}",
E0008,a1,a1-bitte,study.examples,NEW_CONTENT,"{""de"":""Kann ich bitte fragen?""}","[""lv""]","REMOVED dfb9a177aeac557cd31b17545800dab213e71100 2026-08-05T17:05:43+00:00 A1 audit block 1: fix aber, baden, bis, an, aus, aufs, besuchen, Besuch, sprechen, klein, auch, bei, bitte","28: bg, da, es, et, fi, fr, gr, hr, hu, is, it, lb, lt, mk, nb, nl, nn, pl, pt, ro, ru, sk, sl, sq, sr, sv, tr, uk","3: bs, cs, en",,,"{""lv"":""""}",
E0009,a1,a1-es,study.examples,DUPLICATE_OF_LV_ROW,"{""de"":""Es regnet.""}","[""lv""]","STILL_IN_LV a82681c93288f3015ecf754885713f76e6b48ad2 2026-08-05T17:31:11+00:00 A1 audit block 2C: erst, etwas, es","28: bg, da, es, et, fi, fr, gr, hr, hu, is, it, lb, lt, mk, nb, nl, nn, pl, pt, ro, ru, sk, sl, sq, sr, sv, tr, uk","3: bs, cs, en",,,"{""lv"":""""}",
E0010,a1,a1-es,study.examples,NEW_CONTENT,"{""de"":""Es schneit.""}","[""lv""]","REMOVED a82681c93288f3015ecf754885713f76e6b48ad2 2026-08-05T17:31:11+00:00 A1 audit block 2C: erst, etwas, es","28: bg, da, es, et, fi, fr, gr, hr, hu, is, it, lb, lt, mk, nb, nl, nn, pl, pt, ro, ru, sk, sl, sq, sr, sv, tr, uk","3: bs, cs, en",,,"{""lv"":""""}",
E0011,a1,a1-finden,study.comparison,NEW_CONTENT+DE_VARIANT,"{""word"":""glauben"",""example_de"":""Ich glaube, er kommt."",""DE_VARIANT"":[{""word"":""Glauben"",""example_de"":""Ich glaube, er kommt.""},{""word"":""Глаубен"",""example_de"":""Ich glaube, er kommt.""}]}","[""example_translation"",""meaning""]","REMOVED ec708bfbbe11be0a7045f7c88dff3b7c034323fa 2026-08-05T18:04:06+00:00 A1-LF-001/002/003: bringen, Brötchen, finden learning-first fixes","28: bg, cs, da, en, es, et, fi, fr, gr, hr, hu, is, it, lb, lt, mk, nb, nl, nn, pl, pt, sk, sl, sq, sr, sv, tr, uk","3: bs, ro, ru",,,"{""example_translation"":"""",""meaning"":""""}",
E0012,a1,a1-finden,study.comparison,NEW_CONTENT+DE_VARIANT,"{""word"":""suchen"",""example_de"":""Ich suche den Schlüssel."",""DE_VARIANT"":[{""word"":""Suchen"",""example_de"":""Ich suche den Schlüssel.""},{""word"":""Сучен"",""example_de"":""Ich suche den Schlüssel.""}]}","[""example_translation"",""meaning""]","REMOVED ec708bfbbe11be0a7045f7c88dff3b7c034323fa 2026-08-05T18:04:06+00:00 A1-LF-001/002/003: bringen, Brötchen, finden learning-first fixes","28: bg, cs, da, en, es, et, fi, fr, gr, hr, hu, is, it, lb, lt, mk, nb, nl, nn, pl, pt, sk, sl, sq, sr, sv, tr, uk","3: bs, ro, ru",,,"{""example_translation"":"""",""meaning"":""""}",
E0013,a1,a1-bitte-study,study.examples,NEW_CONTENT,"{""de"":""Die Bitte ist wichtig.""}","[""lv""]","REMOVED dfb9a177aeac557cd31b17545800dab213e71100 2026-08-05T17:05:43+00:00 A1 audit block 1: fix aber, baden, bis, an, aus, aufs, besuchen, Besuch, sprechen, klein, auch, bei, bitte","27: bg, es, et, fi, fr, gr, hr, hu, is, it, lb, lt, mk, nb, nl, nn, pl, pt, ro, ru, sk, sl, sq, sr, sv, tr, uk","4: bs, cs, da, en",,,"{""lv"":""""}",
E0014,a1,a1-bitte-study,study.examples,DUPLICATE_OF_LV_ROW,"{""de"":""Ich habe eine Bitte.""}","[""lv""]",STILL_IN_LV 12321968e70809f831a09a9547c593e48f43fabb 2026-07-16T19:44:11+00:00 Split all comparisonStudy cards into individual standardStudy entries,"27: bg, es, et, fi, fr, gr, hr, hu, is, it, lb, lt, mk, nb, nl, nn, pl, pt, ro, ru, sk, sl, sq, sr, sv, tr, uk","4: bs, cs, da, en",,,"{""lv"":""""}",
E0015,a1,a1-bitte-study,study.examples,NEW_CONTENT,"{""de"":""Kann ich bitte fragen?""}","[""lv""]","REMOVED dfb9a177aeac557cd31b17545800dab213e71100 2026-08-05T17:05:43+00:00 A1 audit block 1: fix aber, baden, bis, an, aus, aufs, besuchen, Besuch, sprechen, klein, auch, bei, bitte","27: bg, es, et, fi, fr, gr, hr, hu, is, it, lb, lt, mk, nb, nl, nn, pl, pt, ro, ru, sk, sl, sq, sr, sv, tr, uk","4: bs, cs, da, en",,,"{""lv"":""""}",
E0016,a1,a1-finden,study.comparison,NEW_CONTENT+DE_VARIANT,"{""word"":""denken"",""example_de"":""Ich denke an dich."",""DE_VARIANT"":[{""word"":""denken""},{""word"":""Gandeste-te"",""example_de"":""Ich denke an dich.""},{""word"":""Думать"",""example_de"":""Ich denke an dich.""}]}","[""example_translation"",""meaning""]","REMOVED ec708bfbbe11be0a7045f7c88dff3b7c034323fa 2026-08-05T18:04:06+00:00 A1-LF-001/002/003: bringen, Brötchen, finden learning-first fixes","23: bg, cs, da, en, et, fi, fr, gr, hr, hu, is, it, lb, lt, mk, nb, nl, nn, pt, sl, sr, sv, uk","8: bs, es, pl, ro, ru, sk, sq, tr",,,"{""example_translation"":"""",""meaning"":""""}",
E0017,a1,a1-probieren,study.examples,NEW_CONTENT,"{""de"":""Wir testen die neue Software.""}","[""lv""]",NEVER_IN_LV,"7: et, fi, gr, is, nb, nn, sv","24: bg, bs, cs, da, en, es, fr, hr, hu, it, lb, lt, mk, nl, pl, pt, ro, ru, sk, sl, sq, sr, tr, uk",,,"{""lv"":""""}",
E0018,c1,c1-beziehen-sich-beziehen-auf,study.examples,NEW_CONTENT,"{""de"":""Der Bericht bezieht sich auf die Ereignisse des letzten Jahres.""}","[""lv""]",NEVER_IN_LV,"7: et, fi, gr, is, nb, nn, sv","24: bg, bs, cs, da, en, es, fr, hr, hu, it, lb, lt, mk, nl, pl, pt, ro, ru, sk, sl, sq, sr, tr, uk",,,"{""lv"":""""}",
E0019,a1,a1-finden,study.comparison,NEW_CONTENT+DE_VARIANT,"{""word"":""denken"",""DE_VARIANT"":[{""word"":""denken"",""example_de"":""Ich denke an dich.""},{""word"":""Gandeste-te"",""example_de"":""Ich denke an dich.""},{""word"":""Думать"",""example_de"":""Ich denke an dich.""}]}","[""example_translation"",""meaning""]","STILL_IN_LV ec708bfbbe11be0a7045f7c88dff3b7c034323fa 2026-08-05T18:04:06+00:00 A1-LF-001/002/003: bringen, Brötchen, finden learning-first fixes","5: es, pl, sk, sq, tr","26: bg, bs, cs, da, en, et, fi, fr, gr, hr, hu, is, it, lb, lt, mk, nb, nl, nn, pt, ro, ru, sl, sr, sv, uk",,,"{""example_translation"":"""",""meaning"":""""}",
E0020,a2,a2-aschenputtel,study.variants,NEW_CONTENT+DE_VARIANT,"{""article"":""Дас"",""de"":""Aschenputtel"",""DE_VARIANT"":[{""article"":""Das"",""de"":""Aschenputtel""}]}",[],REMOVED 33dd413df6ef7a45687f3fc0a36c6b019407ac7b 2026-07-04T17:56:50+02:00 chore: sakārto repozitoriju — plakana saknes struktūra bez DE-LV-App_MAIN apvalka,"5: bg, hr, mk, ru, sr","26: bs, cs, da, en, es, et, fi, fr, gr, hu, is, it, lb, lt, nb, nl, nn, pl, pt, ro, sk, sl, sq, sv, tr, uk",,,{},
E0021,a2,a2-keyboard,study.variants,NEW_CONTENT+DE_VARIANT,"{""article"":""Дас"",""de"":""Keyboard"",""plural"":""die Keyboards"",""DE_VARIANT"":[{""article"":""Das"",""de"":""Keyboard"",""plural"":""die Keyboards""}]}",[],"STILL_IN_LV aeda5b690d875127a6a9261fd0d36bb91c5cbd68 2026-07-11T12:54:21+02:00 Fix A2 lowercase nouns with articles, minimalStudy cards, and audio.","5: bg, hr, mk, ru, sr","26: bs, cs, da, en, es, et, fi, fr, gr, hu, is, it, lb, lt, nb, nl, nn, pl, pt, ro, sk, sl, sq, sv, tr, uk",,,{},
E0022,a2,a2-kino,study.variants,NEW_CONTENT+DE_VARIANT,"{""article"":""Дас"",""de"":""Kino"",""plural"":""die Kinos"",""DE_VARIANT"":[{""article"":""Das"",""de"":""Kino"",""plural"":""die Kinos""}]}",[],"STILL_IN_LV aeda5b690d875127a6a9261fd0d36bb91c5cbd68 2026-07-11T12:54:21+02:00 Fix A2 lowercase nouns with articles, minimalStudy cards, and audio.","5: bg, hr, mk, ru, sr","26: bs, cs, da, en, es, et, fi, fr, gr, hu, is, it, lb, lt, nb, nl, nn, pl, pt, ro, sk, sl, sq, sv, tr, uk",,,{},
E0023,a2,a2-kissen,study.variants,NEW_CONTENT+DE_VARIANT,"{""article"":""Дас"",""de"":""Kissen"",""plural"":""die Kissen"",""DE_VARIANT"":[{""article"":""Das"",""de"":""Kissen"",""plural"":""die Kissen""}]}",[],"STILL_IN_LV aeda5b690d875127a6a9261fd0d36bb91c5cbd68 2026-07-11T12:54:21+02:00 Fix A2 lowercase nouns with articles, minimalStudy cards, and audio.","5: bg, hr, mk, ru, sr","26: bs, cs, da, en, es, et, fi, fr, gr, hu, is, it, lb, lt, nb, nl, nn, pl, pt, ro, sk, sl, sq, sv, tr, uk",,,{},
E0024,a2,a2-nummernschild,study.variants,NEW_CONTENT+DE_VARIANT,"{""article"":""Дас"",""de"":""Kennzeichen"",""plural"":""die Kennzeichen"",""DE_VARIANT"":[{""article"":""Das"",""de"":""Kennzeichen"",""plural"":""die Kennzeichen""}]}",[],STILL_IN_LV 94dd48a846ef8efb11c72520c6331bfb98d62193 2026-07-11T10:58:07+02:00 Add Kennzeichen synonym card for Nummernschild with dual audio variants.,"5: bg, hr, mk, ru, sr","26: bs, cs, da, en, es, et, fi, fr, gr, hu, is, it, lb, lt, nb, nl, nn, pl, pt, ro, sk, sl, sq, sv, tr, uk",,,{},
E0025,a2,a2-nummernschild,study.variants,NEW_CONTENT+DE_VARIANT,"{""article"":""Дас"",""de"":""Nummernschild"",""plural"":""die Nummernschilder"",""DE_VARIANT"":[{""article"":""Das"",""de"":""Nummernschild"",""plural"":""die Nummernschilder""}]}",[],STILL_IN_LV 94dd48a846ef8efb11c72520c6331bfb98d62193 2026-07-11T10:58:07+02:00 Add Kennzeichen synonym card for Nummernschild with dual audio variants.,"5: bg, hr, mk, ru, sr","26: bs, cs, da, en, es, et, fi, fr, gr, hu, is, it, lb, lt, nb, nl, nn, pl, pt, ro, sk, sl, sq, sv, tr, uk",,,{},
E0026,b1,b1-richten,study.comparison,NEW_CONTENT+DE_VARIANT,"{""word"":""schicken"",""example_de"":""Ich schicke dir eine E-mail."",""DE_VARIANT"":[{""word"":""schicken"",""example_de"":""Ich schicke dir eine E-Te envié un correo electrónico.""},{""word"":""schicken"",""example_de"":""Ich schicke dir eine E-kirja.""},{""word"":""schicken"",""example_de"":""Ich schicke dir eine E-mailt küldök.""},{""word"":""schicken"",""example_de"":""Ich schicke dir eine E-Kirja.""},{""word"":""schicken"",""example_de"":""Ich schicke dir eine E-Pastu.""},{""word"":""schicken"",""example_de"":""Ich schicke dir eine E-Pastéis.""},{""word"":""schicken"",""example_de"":""Ich schicke dir eine E-laišką.""},{""word"":""schicken"",""example_de"":""Ich schicke dir eine E-pastu.""},{""word"":""schicken"",""example_de"":""Ich schicke dir eine E-posta gönderiyorum.""}]}","[""meaning""]",NEVER_IN_LV,"5: cs, da, pl, ro, sk","26: bg, bs, en, es, et, fi, fr, gr, hr, hu, is, it, lb, lt, mk, nb, nl, nn, pt, ru, sl, sq, sr, sv, tr, uk",,,"{""meaning"":""""}",
E0027,b1,b1-empfangen,study.comparison,SMALL_GROUP/NEW_CONTENT+DE_VARIANT,"{""word"":""bekommen"",""example_de"":""Ich bekomme eine E-Kirja."",""DE_VARIANT"":[{""word"":""bekommen"",""example_de"":""Ich bekomme eine E-mail.""},{""word"":""bekommen"",""example_de"":""Ich bekomme eine E-Recibí un correo electrónico.""},{""word"":""bekommen"",""example_de"":""Ich bekomme eine E-kirja.""},{""word"":""bekommen"",""example_de"":""Ich bekomme eine E-mailt.""},{""word"":""bekommen"",""example_de"":""Ich bekomme eine E-Pastu.""},{""word"":""bekommen"",""example_de"":""Ich bekomme eine E-Pastéis.""},{""word"":""bekommen"",""example_de"":""Ich bekomme eine E-laišką.""},{""word"":""bekommen"",""example_de"":""Ich bekomme eine E-pastu.""},{""word"":""bekommen"",""example_de"":""Ich bekomme eine E-posta aldım.""}]}","[""meaning""]",,"4: is, nb, nn, sv","27: bg, bs, cs, da, en, es, et, fi, fr, gr, hr, hu, it, lb, lt, mk, nl, pl, pt, ro, ru, sk, sl, sq, sr, tr, uk",,,"{""meaning"":""""}",
E0028,b1,b1-empfangen,study.comparison,SMALL_GROUP/NEW_CONTENT+DE_VARIANT,"{""word"":""bekommen"",""example_de"":""Ich bekomme eine E-mail."",""DE_VARIANT"":[{""word"":""bekommen"",""example_de"":""Ich bekomme eine E-Recibí un correo electrónico.""},{""word"":""bekommen"",""example_de"":""Ich bekomme eine E-kirja.""},{""word"":""bekommen"",""example_de"":""Ich bekomme eine E-mailt.""},{""word"":""bekommen"",""example_de"":""Ich bekomme eine E-Kirja.""},{""word"":""bekommen"",""example_de"":""Ich bekomme eine E-Pastu.""},{""word"":""bekommen"",""example_de"":""Ich bekomme eine E-Pastéis.""},{""word"":""bekommen"",""example_de"":""Ich bekomme eine E-laišką.""},{""word"":""bekommen"",""example_de"":""Ich bekomme eine E-pastu.""},{""word"":""bekommen"",""example_de"":""Ich bekomme eine E-posta aldım.""}]}","[""meaning""]",,"4: bs, fr, pl, sk","27: bg, cs, da, en, es, et, fi, gr, hr, hu, is, it, lb, lt, mk, nb, nl, nn, pt, ro, ru, sl, sq, sr, sv, tr, uk",,,"{""meaning"":""""}",
E0029,b1,b1-richten,study.comparison,SMALL_GROUP/NEW_CONTENT+DE_VARIANT,"{""word"":""schicken"",""example_de"":""Ich schicke dir eine E-Kirja."",""DE_VARIANT"":[{""word"":""schicken"",""example_de"":""Ich schicke dir eine E-mail.""},{""word"":""schicken"",""example_de"":""Ich schicke dir eine E-Te envié un correo electrónico.""},{""word"":""schicken"",""example_de"":""Ich schicke dir eine E-kirja.""},{""word"":""schicken"",""example_de"":""Ich schicke dir eine E-mailt küldök.""},{""word"":""schicken"",""example_de"":""Ich schicke dir eine E-Pastu.""},{""word"":""schicken"",""example_de"":""Ich schicke dir eine E-Pastéis.""},{""word"":""schicken"",""example_de"":""Ich schicke dir eine E-laišką.""},{""word"":""schicken"",""example_de"":""Ich schicke dir eine E-pastu.""},{""word"":""schicken"",""example_de"":""Ich schicke dir eine E-posta gönderiyorum.""}]}","[""meaning""]",,"4: is, nb, nn, sv","27: bg, bs, cs, da, en, es, et, fi, fr, gr, hr, hu, it, lb, lt, mk, nl, pl, pt, ro, ru, sk, sl, sq, sr, tr, uk",,,"{""meaning"":""""}",
E0030,a1,a1-probieren,study.comparison,SMALL_GROUP/NEW_CONTENT+DE_VARIANT,"{""word"":""Anprobieren"",""example_de"":""Ich probiere die Jacke an."",""DE_VARIANT"":[{""word"":""anprobieren"",""example_de"":""Ich probiere die Jacke an.""},{""word"":""Testen"",""example_de"":""Ich probiere die Jacke an.""}]}","[""meaning""]",,"3: fi, gr, sv","28: bg, bs, cs, da, en, es, et, fr, hr, hu, is, it, lb, lt, mk, nb, nl, nn, pl, pt, ro, ru, sk, sl, sq, sr, tr, uk",,,"{""meaning"":""""}",
E0031,a1,a1-probieren,study.comparison,SMALL_GROUP/NEW_CONTENT+DE_VARIANT,"{""word"":""Testen"",""example_de"":""Ich probiere die Jacke an."",""DE_VARIANT"":[{""word"":""anprobieren"",""example_de"":""Ich probiere die Jacke an.""},{""word"":""Anprobieren"",""example_de"":""Ich probiere die Jacke an.""}]}","[""meaning""]",,"3: is, nb, nn","28: bg, bs, cs, da, en, es, et, fi, fr, gr, hr, hu, it, lb, lt, mk, nl, pl, pt, ro, ru, sk, sl, sq, sr, sv, tr, uk",,,"{""meaning"":""""}",
E0032,a1,a1-liter,study.examples,SMALL_GROUP/NEW_CONTENT,"{""de"":""Ich brauche einen Liter Milch.""}","[""lv""]",,"2: et, gr","29: bg, bs, cs, da, en, es, fi, fr, hr, hu, is, it, lb, lt, mk, nb, nl, nn, pl, pt, ro, ru, sk, sl, sq, sr, sv, tr, uk",,,"{""lv"":""""}",
E0033,b1,b1-empfangen,study.comparison,SMALL_GROUP/NEW_CONTENT+DE_VARIANT,"{""word"":""bekommen"",""example_de"":""Ich bekomme eine E-Pastu."",""DE_VARIANT"":[{""word"":""bekommen"",""example_de"":""Ich bekomme eine E-mail.""},{""word"":""bekommen"",""example_de"":""Ich bekomme eine E-Recibí un correo electrónico.""},{""word"":""bekommen"",""example_de"":""Ich bekomme eine E-kirja.""},{""word"":""bekommen"",""example_de"":""Ich bekomme eine E-mailt.""},{""word"":""bekommen"",""example_de"":""Ich bekomme eine E-Kirja.""},{""word"":""bekommen"",""example_de"":""Ich bekomme eine E-Pastéis.""},{""word"":""bekommen"",""example_de"":""Ich bekomme eine E-laišką.""},{""word"":""bekommen"",""example_de"":""Ich bekomme eine E-pastu.""},{""word"":""bekommen"",""example_de"":""Ich bekomme eine E-posta aldım.""}]}","[""meaning""]",,"2: it, pt","29: bg, bs, cs, da, en, es, et, fi, fr, gr, hr, hu, is, lb, lt, mk, nb, nl, nn, pl, ro, ru, sk, sl, sq, sr, sv, tr, uk",,,"{""meaning"":""""}",
E0034,b1,b1-empfangen,study.comparison,SMALL_GROUP/NEW_CONTENT+DE_VARIANT,"{""word"":""bekommen"",""example_de"":""Ich bekomme eine E-kirja."",""DE_VARIANT"":[{""word"":""bekommen"",""example_de"":""Ich bekomme eine E-mail.""},{""word"":""bekommen"",""example_de"":""Ich bekomme eine E-Recibí un correo electrónico.""},{""word"":""bekommen"",""example_de"":""Ich bekomme eine E-mailt.""},{""word"":""bekommen"",""example_de"":""Ich bekomme eine E-Kirja.""},{""word"":""bekommen"",""example_de"":""Ich bekomme eine E-Pastu.""},{""word"":""bekommen"",""example_de"":""Ich bekomme eine E-Pastéis.""},{""word"":""bekommen"",""example_de"":""Ich bekomme eine E-laišką.""},{""word"":""bekommen"",""example_de"":""Ich bekomme eine E-pastu.""},{""word"":""bekommen"",""example_de"":""Ich bekomme eine E-posta aldım.""}]}","[""meaning""]",,"2: et, fi","29: bg, bs, cs, da, en, es, fr, gr, hr, hu, is, it, lb, lt, mk, nb, nl, nn, pl, pt, ro, ru, sk, sl, sq, sr, sv, tr, uk",,,"{""meaning"":""""}",
E0035,b1,b1-empfangen,study.comparison,SMALL_GROUP/NEW_CONTENT+DE_VARIANT,"{""word"":""bekommen"",""example_de"":""Ich bekomme eine E-pastu."",""DE_VARIANT"":[{""word"":""bekommen"",""example_de"":""Ich bekomme eine E-mail.""},{""word"":""bekommen"",""example_de"":""Ich bekomme eine E-Recibí un correo electrónico.""},{""word"":""bekommen"",""example_de"":""Ich bekomme eine E-kirja.""},{""word"":""bekommen"",""example_de"":""Ich bekomme eine E-mailt.""},{""word"":""bekommen"",""example_de"":""Ich bekomme eine E-Kirja.""},{""word"":""bekommen"",""example_de"":""Ich bekomme eine E-Pastu.""},{""word"":""bekommen"",""example_de"":""Ich bekomme eine E-Pastéis.""},{""word"":""bekommen"",""example_de"":""Ich bekomme eine E-laišką.""},{""word"":""bekommen"",""example_de"":""Ich bekomme eine E-posta aldım.""}]}","[""meaning""]",,"2: nl, sl","29: bg, bs, cs, da, en, es, et, fi, fr, gr, hr, hu, is, it, lb, lt, mk, nb, nn, pl, pt, ro, ru, sk, sq, sr, sv, tr, uk",,,"{""meaning"":""""}",
E0036,b1,b1-empfangen,study.comparison,SMALL_GROUP/NEW_CONTENT+DE_VARIANT,"{""word"":""bekommen"",""example_de"":""Ich bekomme eine E-posta aldım."",""DE_VARIANT"":[{""word"":""bekommen"",""example_de"":""Ich bekomme eine E-mail.""},{""word"":""bekommen"",""example_de"":""Ich bekomme eine E-Recibí un correo electrónico.""},{""word"":""bekommen"",""example_de"":""Ich bekomme eine E-kirja.""},{""word"":""bekommen"",""example_de"":""Ich bekomme eine E-mailt.""},{""word"":""bekommen"",""example_de"":""Ich bekomme eine E-Kirja.""},{""word"":""bekommen"",""example_de"":""Ich bekomme eine E-Pastu.""},{""word"":""bekommen"",""example_de"":""Ich bekomme eine E-Pastéis.""},{""word"":""bekommen"",""example_de"":""Ich bekomme eine E-laišką.""},{""word"":""bekommen"",""example_de"":""Ich bekomme eine E-pastu.""}]}","[""meaning""]",,"2: sq, tr","29: bg, bs, cs, da, en, es, et, fi, fr, gr, hr, hu, is, it, lb, lt, mk, nb, nl, nn, pl, pt, ro, ru, sk, sl, sr, sv, uk",,,"{""meaning"":""""}",
E0037,b1,b1-richten,study.comparison,SMALL_GROUP/NEW_CONTENT+DE_VARIANT,"{""word"":""schicken"",""example_de"":""Ich schicke dir eine E-Pastu."",""DE_VARIANT"":[{""word"":""schicken"",""example_de"":""Ich schicke dir eine E-mail.""},{""word"":""schicken"",""example_de"":""Ich schicke dir eine E-Te envié un correo electrónico.""},{""word"":""schicken"",""example_de"":""Ich schicke dir eine E-kirja.""},{""word"":""schicken"",""example_de"":""Ich schicke dir eine E-mailt küldök.""},{""word"":""schicken"",""example_de"":""Ich schicke dir eine E-Kirja.""},{""word"":""schicken"",""example_de"":""Ich schicke dir eine E-Pastéis.""},{""word"":""schicken"",""example_de"":""Ich schicke dir eine E-laišką.""},{""word"":""schicken"",""example_de"":""Ich schicke dir eine E-pastu.""},{""word"":""schicken"",""example_de"":""Ich schicke dir eine E-posta gönderiyorum.""}]}","[""meaning""]",,"2: it, pt","29: bg, bs, cs, da, en, es, et, fi, fr, gr, hr, hu, is, lb, lt, mk, nb, nl, nn, pl, ro, ru, sk, sl, sq, sr, sv, tr, uk",,,"{""meaning"":""""}",
E0038,b1,b1-richten,study.comparison,SMALL_GROUP/NEW_CONTENT+DE_VARIANT,"{""word"":""schicken"",""example_de"":""Ich schicke dir eine E-kirja."",""DE_VARIANT"":[{""word"":""schicken"",""example_de"":""Ich schicke dir eine E-mail.""},{""word"":""schicken"",""example_de"":""Ich schicke dir eine E-Te envié un correo electrónico.""},{""word"":""schicken"",""example_de"":""Ich schicke dir eine E-mailt küldök.""},{""word"":""schicken"",""example_de"":""Ich schicke dir eine E-Kirja.""},{""word"":""schicken"",""example_de"":""Ich schicke dir eine E-Pastu.""},{""word"":""schicken"",""example_de"":""Ich schicke dir eine E-Pastéis.""},{""word"":""schicken"",""example_de"":""Ich schicke dir eine E-laišką.""},{""word"":""schicken"",""example_de"":""Ich schicke dir eine E-pastu.""},{""word"":""schicken"",""example_de"":""Ich schicke dir eine E-posta gönderiyorum.""}]}","[""meaning""]",,"2: et, fi","29: bg, bs, cs, da, en, es, fr, gr, hr, hu, is, it, lb, lt, mk, nb, nl, nn, pl, pt, ro, ru, sk, sl, sq, sr, sv, tr, uk",,,"{""meaning"":""""}",
E0039,b1,b1-richten,study.comparison,SMALL_GROUP/NEW_CONTENT+DE_VARIANT,"{""word"":""schicken"",""example_de"":""Ich schicke dir eine E-pastu."",""DE_VARIANT"":[{""word"":""schicken"",""example_de"":""Ich schicke dir eine E-mail.""},{""word"":""schicken"",""example_de"":""Ich schicke dir eine E-Te envié un correo electrónico.""},{""word"":""schicken"",""example_de"":""Ich schicke dir eine E-kirja.""},{""word"":""schicken"",""example_de"":""Ich schicke dir eine E-mailt küldök.""},{""word"":""schicken"",""example_de"":""Ich schicke dir eine E-Kirja.""},{""word"":""schicken"",""example_de"":""Ich schicke dir eine E-Pastu.""},{""word"":""schicken"",""example_de"":""Ich schicke dir eine E-Pastéis.""},{""word"":""schicken"",""example_de"":""Ich schicke dir eine E-laišką.""},{""word"":""schicken"",""example_de"":""Ich schicke dir eine E-posta gönderiyorum.""}]}","[""meaning""]",,"2: nl, sl","29: bg, bs, cs, da, en, es, et, fi, fr, gr, hr, hu, is, it, lb, lt, mk, nb, nn, pl, pt, ro, ru, sk, sq, sr, sv, tr, uk",,,"{""meaning"":""""}",
E0040,b1,b1-richten,study.comparison,SMALL_GROUP/NEW_CONTENT+DE_VARIANT,"{""word"":""schicken"",""example_de"":""Ich schicke dir eine E-posta gönderiyorum."",""DE_VARIANT"":[{""word"":""schicken"",""example_de"":""Ich schicke dir eine E-mail.""},{""word"":""schicken"",""example_de"":""Ich schicke dir eine E-Te envié un correo electrónico.""},{""word"":""schicken"",""example_de"":""Ich schicke dir eine E-kirja.""},{""word"":""schicken"",""example_de"":""Ich schicke dir eine E-mailt küldök.""},{""word"":""schicken"",""example_de"":""Ich schicke dir eine E-Kirja.""},{""word"":""schicken"",""example_de"":""Ich schicke dir eine E-Pastu.""},{""word"":""schicken"",""example_de"":""Ich schicke dir eine E-Pastéis.""},{""word"":""schicken"",""example_de"":""Ich schicke dir eine E-laišką.""},{""word"":""schicken"",""example_de"":""Ich schicke dir eine E-pastu.""}]}","[""meaning""]",,"2: sq, tr","29: bg, bs, cs, da, en, es, et, fi, fr, gr, hr, hu, is, it, lb, lt, mk, nb, nl, nn, pl, pt, ro, ru, sk, sl, sr, sv, uk",,,"{""meaning"":""""}",
E0041,a1,a1-aber,study.comparison,SMALL_GROUP/NEW_CONTENT,"{""word"":""sondern"",""example_de"":""Nicht Tee, sondern Kaffee.""}","[""example_translation"",""meaning""]",,1: fi,"30: bg, bs, cs, da, en, es, et, fr, gr, hr, hu, is, it, lb, lt, mk, nb, nl, nn, pl, pt, ro, ru, sk, sl, sq, sr, sv, tr, uk",,,"{""example_translation"":"""",""meaning"":""""}",
E0042,a1,a1-auf,study.comparison,SMALL_GROUP/NEW_CONTENT,"{""word"":""an"",""example_de"":""an die Wand""}","[""example_translation"",""meaning""]",,1: sr,"30: bg, bs, cs, da, en, es, et, fi, fr, gr, hr, hu, is, it, lb, lt, mk, nb, nl, nn, pl, pt, ro, ru, sk, sl, sq, sv, tr, uk",,,"{""example_translation"":"""",""meaning"":""""}",
E0043,a1,a1-auf,study.comparison,SMALL_GROUP/NEW_CONTENT,"{""word"":""auf"",""example_de"":""auf den Tisch""}","[""example_translation"",""meaning""]",,1: sr,"30: bg, bs, cs, da, en, es, et, fi, fr, gr, hr, hu, is, it, lb, lt, mk, nb, nl, nn, pl, pt, ro, ru, sk, sl, sq, sv, tr, uk",,,"{""example_translation"":"""",""meaning"":""""}",
E0044,a1,a1-besuchen,study.examples,SMALL_GROUP/NEW_CONTENT,"{""de"":""Er besucht einen Freund.""}","[""lv""]",,1: da,"30: bg, bs, cs, en, es, et, fi, fr, gr, hr, hu, is, it, lb, lt, mk, nb, nl, nn, pl, pt, ro, ru, sk, sl, sq, sr, sv, tr, uk",,,"{""lv"":""""}",
E0045,a1,a1-bis,study.comparison,SMALL_GROUP/NEW_CONTENT+DE_VARIANT,"{""word"":""Bis jetzt"",""example_de"":""Bis jetzt ist alles gut."",""DE_VARIANT"":[{""word"":""bis jetzt"",""example_de"":""Bis jetzt ist alles gut.""},{""word"":""Бис Джетц"",""example_de"":""Bis jetzt ist alles gut.""}]}","[""example_translation"",""meaning""]",,1: ro,"30: bg, bs, cs, da, en, es, et, fi, fr, gr, hr, hu, is, it, lb, lt, mk, nb, nl, nn, pl, pt, ru, sk, sl, sq, sr, sv, tr, uk",,,"{""example_translation"":"""",""meaning"":""""}",
E0046,a1,a1-bis,study.comparison,SMALL_GROUP/NEW_CONTENT+DE_VARIANT,"{""word"":""Бис Джетц"",""example_de"":""Bis jetzt ist alles gut."",""DE_VARIANT"":[{""word"":""bis jetzt"",""example_de"":""Bis jetzt ist alles gut.""},{""word"":""Bis jetzt"",""example_de"":""Bis jetzt ist alles gut.""}]}","[""example_translation"",""meaning""]",,1: ru,"30: bg, bs, cs, da, en, es, et, fi, fr, gr, hr, hu, is, it, lb, lt, mk, nb, nl, nn, pl, pt, ro, sk, sl, sq, sr, sv, tr, uk",,,"{""example_translation"":"""",""meaning"":""""}",
E0047,a1,a1-bitte,study.comparison,SMALL_GROUP/NEW_CONTENT,"{""word"":""bitte"",""example_de"":""Komm bitte herein. -- Kom venligst ind.""}","[""meaning""]",,1: da,"30: bg, bs, cs, en, es, et, fi, fr, gr, hr, hu, is, it, lb, lt, mk, nb, nl, nn, pl, pt, ro, ru, sk, sl, sq, sr, sv, tr, uk",,,"{""meaning"":""""}",
E0048,a1,a1-bitte,study.comparison,SMALL_GROUP/NEW_CONTENT,"{""word"":""die Bitte"",""example_de"":""Ich habe eine Bitte. -- Jeg har en anmodning.""}","[""meaning""]",,1: da,"30: bg, bs, cs, en, es, et, fi, fr, gr, hr, hu, is, it, lb, lt, mk, nb, nl, nn, pl, pt, ro, ru, sk, sl, sq, sr, sv, tr, uk",,,"{""meaning"":""""}",
E0049,a1,a1-bitte-study,study.comparison,SMALL_GROUP/NEW_CONTENT,"{""word"":""bitte"",""example_de"":""Komm bitte herein. -- Kom venligst ind.""}","[""meaning""]",,1: da,"30: bg, bs, cs, en, es, et, fi, fr, gr, hr, hu, is, it, lb, lt, mk, nb, nl, nn, pl, pt, ro, ru, sk, sl, sq, sr, sv, tr, uk",,,"{""meaning"":""""}",
E0050,a1,a1-bitte-study,study.comparison,SMALL_GROUP/NEW_CONTENT,"{""word"":""die Bitte"",""example_de"":""Ich habe eine Bitte. -- Jeg har en anmodning.""}","[""meaning""]",,1: da,"30: bg, bs, cs, en, es, et, fi, fr, gr, hr, hu, is, it, lb, lt, mk, nb, nl, nn, pl, pt, ro, ru, sk, sl, sq, sr, sv, tr, uk",,,"{""meaning"":""""}",
E0051,a1,a1-bringen,study.comparison,SMALL_GROUP/NEW_CONTENT+DE_VARIANT,"{""word"":""bringen"",""example_de"":""Ich bringe das Paket zur Post. -- Jeg bringer pakken til posthuset."",""DE_VARIANT"":[{""word"":""bringen"",""example_de"":""Ich bringe dir ein Buch. -- Jeg bringer dig en bog.""},{""word"":""bringen"",""example_de"":""Ich bringe die Kinder zur Schule. -- Jeg kører børnene i skole.""}]}","[""meaning""]",,1: da,"30: bg, bs, cs, en, es, et, fi, fr, gr, hr, hu, is, it, lb, lt, mk, nb, nl, nn, pl, pt, ro, ru, sk, sl, sq, sr, sv, tr, uk",,,"{""meaning"":""""}",
E0052,a1,a1-bringen,study.comparison,SMALL_GROUP/NEW_CONTENT+DE_VARIANT,"{""word"":""bringen"",""example_de"":""Ich bringe die Kinder zur Schule. -- Jeg kører børnene i skole."",""DE_VARIANT"":[{""word"":""bringen"",""example_de"":""Ich bringe dir ein Buch. -- Jeg bringer dig en bog.""},{""word"":""bringen"",""example_de"":""Ich bringe das Paket zur Post. -- Jeg bringer pakken til posthuset.""}]}","[""meaning""]",,1: da,"30: bg, bs, cs, en, es, et, fi, fr, gr, hr, hu, is, it, lb, lt, mk, nb, nl, nn, pl, pt, ro, ru, sk, sl, sq, sr, sv, tr, uk",,,"{""meaning"":""""}",
E0053,a1,a1-bringen,study.comparison,SMALL_GROUP/NEW_CONTENT+DE_VARIANT,"{""word"":""bringen"",""example_de"":""Ich bringe dir ein Buch. -- Jeg bringer dig en bog."",""DE_VARIANT"":[{""word"":""bringen"",""example_de"":""Ich bringe das Paket zur Post. -- Jeg bringer pakken til posthuset.""},{""word"":""bringen"",""example_de"":""Ich bringe die Kinder zur Schule. -- Jeg kører børnene i skole.""}]}","[""meaning""]",,1: da,"30: bg, bs, cs, en, es, et, fi, fr, gr, hr, hu, is, it, lb, lt, mk, nb, nl, nn, pl, pt, ro, ru, sk, sl, sq, sr, sv, tr, uk",,,"{""meaning"":""""}",
E0054,a1,a1-bringen,study.comparison,SMALL_GROUP/NEW_CONTENT,"{""word"":""nehmen"",""example_de"":""Ich nehme das Buch. -- Jeg tager bogen.""}","[""meaning""]",,1: da,"30: bg, bs, cs, en, es, et, fi, fr, gr, hr, hu, is, it, lb, lt, mk, nb, nl, nn, pl, pt, ro, ru, sk, sl, sq, sr, sv, tr, uk",,,"{""meaning"":""""}",
E0055,a1,a1-ein,study.comparison,SMALL_GROUP/NEW_CONTENT+DE_VARIANT,"{""word"":""ein Mann"",""example_de"":""Ich gehe baden."",""DE_VARIANT"":[{""word"":""einen Mann"",""example_de"":""Ich sehe einen Mann.""},{""word"":""einen Mann"",""example_de"":""Ich gehe baden.""}]}","[""meaning""]",,1: lt,"30: bg, bs, cs, da, en, es, et, fi, fr, gr, hr, hu, is, it, lb, mk, nb, nl, nn, pl, pt, ro, ru, sk, sl, sq, sr, sv, tr, uk",,,"{""meaning"":""""}",
E0056,a1,a1-ein,study.comparison,SMALL_GROUP/NEW_CONTENT+DE_VARIANT,"{""word"":""eine Frau"",""example_de"":""Eine Frau wartet."",""DE_VARIANT"":[{""word"":""eine Frau"",""example_de"":""Ich dusche am Morgen.""}]}","[""example_translation"",""meaning""]",,1: en,"30: bg, bs, cs, da, es, et, fi, fr, gr, hr, hu, is, it, lb, lt, mk, nb, nl, nn, pl, pt, ro, ru, sk, sl, sq, sr, sv, tr, uk",,,"{""example_translation"":"""",""meaning"":""""}",
E0057,a1,a1-ein,study.comparison,SMALL_GROUP/NEW_CONTENT+DE_VARIANT,"{""word"":""eine Frau"",""example_de"":""Ich dusche am Morgen."",""DE_VARIANT"":[{""word"":""eine Frau"",""example_de"":""Eine Frau wartet.""}]}","[""meaning""]",,1: lt,"30: bg, bs, cs, da, en, es, et, fi, fr, gr, hr, hu, is, it, lb, mk, nb, nl, nn, pl, pt, ro, ru, sk, sl, sq, sr, sv, tr, uk",,,"{""meaning"":""""}",
E0058,a1,a1-ein,study.comparison,SMALL_GROUP/NEW_CONTENT+DE_VARIANT,"{""word"":""einen Mann"",""example_de"":""Ich gehe baden."",""DE_VARIANT"":[{""word"":""einen Mann"",""example_de"":""Ich sehe einen Mann.""},{""word"":""ein Mann"",""example_de"":""Ich gehe baden.""}]}","[""meaning""]",,1: lt,"30: bg, bs, cs, da, en, es, et, fi, fr, gr, hr, hu, is, it, lb, mk, nb, nl, nn, pl, pt, ro, ru, sk, sl, sq, sr, sv, tr, uk",,,"{""meaning"":""""}",
E0059,a1,a1-ein,study.comparison,SMALL_GROUP/NEW_CONTENT+DE_VARIANT,"{""word"":""einen Mann"",""example_de"":""Ich sehe einen Mann."",""DE_VARIANT"":[{""word"":""ein Mann"",""example_de"":""Ich gehe baden.""},{""word"":""einen Mann"",""example_de"":""Ich gehe baden.""}]}","[""example_translation"",""meaning""]",,1: en,"30: bg, bs, cs, da, es, et, fi, fr, gr, hr, hu, is, it, lb, lt, mk, nb, nl, nn, pl, pt, ro, ru, sk, sl, sq, sr, sv, tr, uk",,,"{""example_translation"":"""",""meaning"":""""}",
E0060,a1,a1-es,study.comparison,SMALL_GROUP/NEW_CONTENT,"{""word"":""ich"",""example_de"":""Ich lerne Deutsch. -- Jeg lærer tysk.""}","[""meaning""]",,1: da,"30: bg, bs, cs, en, es, et, fi, fr, gr, hr, hu, is, it, lb, lt, mk, nb, nl, nn, pl, pt, ro, ru, sk, sl, sq, sr, sv, tr, uk",,,"{""meaning"":""""}",
E0061,a1,a1-etwas,study.comparison,SMALL_GROUP/NEW_CONTENT,"{""word"":""etwas"",""example_de"":""Ich möchte etwas trinken.""}","[""example_translation"",""meaning""]",,1: lb,"30: bg, bs, cs, da, en, es, et, fi, fr, gr, hr, hu, is, it, lt, mk, nb, nl, nn, pl, pt, ro, ru, sk, sl, sq, sr, sv, tr, uk",,,"{""example_translation"":"""",""meaning"":""""}",
E0062,a1,a1-etwas,study.comparison,SMALL_GROUP/NEW_CONTENT,"{""word"":""nichts"",""example_de"":""Ich sehe nichts.""}","[""example_translation"",""meaning""]",,1: lb,"30: bg, bs, cs, da, en, es, et, fi, fr, gr, hr, hu, is, it, lt, mk, nb, nl, nn, pl, pt, ro, ru, sk, sl, sq, sr, sv, tr, uk",,,"{""example_translation"":"""",""meaning"":""""}",
E0063,a1,a1-finden,study.comparison,SMALL_GROUP/NEW_CONTENT+DE_VARIANT,"{""word"":""Gandeste-te"",""example_de"":""Ich denke an dich."",""DE_VARIANT"":[{""word"":""denken"",""example_de"":""Ich denke an dich.""},{""word"":""denken""},{""word"":""Думать"",""example_de"":""Ich denke an dich.""}]}","[""example_translation"",""meaning""]",,1: ro,"30: bg, bs, cs, da, en, es, et, fi, fr, gr, hr, hu, is, it, lb, lt, mk, nb, nl, nn, pl, pt, ru, sk, sl, sq, sr, sv, tr, uk",,,"{""example_translation"":"""",""meaning"":""""}",
E0064,a1,a1-finden,study.comparison,SMALL_GROUP/NEW_CONTENT+DE_VARIANT,"{""word"":""Glauben"",""example_de"":""Ich glaube, er kommt."",""DE_VARIANT"":[{""word"":""glauben"",""example_de"":""Ich glaube, er kommt.""},{""word"":""Глаубен"",""example_de"":""Ich glaube, er kommt.""}]}","[""example_translation"",""meaning""]",,1: ro,"30: bg, bs, cs, da, en, es, et, fi, fr, gr, hr, hu, is, it, lb, lt, mk, nb, nl, nn, pl, pt, ru, sk, sl, sq, sr, sv, tr, uk",,,"{""example_translation"":"""",""meaning"":""""}",
E0065,a1,a1-finden,study.comparison,SMALL_GROUP/NEW_CONTENT+DE_VARIANT,"{""word"":""Suchen"",""example_de"":""Ich suche den Schlüssel."",""DE_VARIANT"":[{""word"":""suchen"",""example_de"":""Ich suche den Schlüssel.""},{""word"":""Сучен"",""example_de"":""Ich suche den Schlüssel.""}]}","[""example_translation"",""meaning""]",,1: ro,"30: bg, bs, cs, da, en, es, et, fi, fr, gr, hr, hu, is, it, lb, lt, mk, nb, nl, nn, pl, pt, ru, sk, sl, sq, sr, sv, tr, uk",,,"{""example_translation"":"""",""meaning"":""""}",
E0066,a1,a1-finden,study.comparison,SMALL_GROUP/NEW_CONTENT+DE_VARIANT,"{""word"":""Глаубен"",""example_de"":""Ich glaube, er kommt."",""DE_VARIANT"":[{""word"":""glauben"",""example_de"":""Ich glaube, er kommt.""},{""word"":""Glauben"",""example_de"":""Ich glaube, er kommt.""}]}","[""example_translation"",""meaning""]",,1: ru,"30: bg, bs, cs, da, en, es, et, fi, fr, gr, hr, hu, is, it, lb, lt, mk, nb, nl, nn, pl, pt, ro, sk, sl, sq, sr, sv, tr, uk",,,"{""example_translation"":"""",""meaning"":""""}",
E0067,a1,a1-finden,study.comparison,SMALL_GROUP/NEW_CONTENT+DE_VARIANT,"{""word"":""Думать"",""example_de"":""Ich denke an dich."",""DE_VARIANT"":[{""word"":""denken"",""example_de"":""Ich denke an dich.""},{""word"":""denken""},{""word"":""Gandeste-te"",""example_de"":""Ich denke an dich.""}]}","[""example_translation"",""meaning""]",,1: ru,"30: bg, bs, cs, da, en, es, et, fi, fr, gr, hr, hu, is, it, lb, lt, mk, nb, nl, nn, pl, pt, ro, sk, sl, sq, sr, sv, tr, uk",,,"{""example_translation"":"""",""meaning"":""""}",
E0068,a1,a1-finden,study.comparison,SMALL_GROUP/NEW_CONTENT+DE_VARIANT,"{""word"":""Сучен"",""example_de"":""Ich suche den Schlüssel."",""DE_VARIANT"":[{""word"":""suchen"",""example_de"":""Ich suche den Schlüssel.""},{""word"":""Suchen"",""example_de"":""Ich suche den Schlüssel.""}]}","[""example_translation"",""meaning""]",,1: ru,"30: bg, bs, cs, da, en, es, et, fi, fr, gr, hr, hu, is, it, lb, lt, mk, nb, nl, nn, pl, pt, ro, sk, sl, sq, sr, sv, tr, uk",,,"{""example_translation"":"""",""meaning"":""""}",
E0069,a1,a1-fussball-study,study.comparison,SMALL_GROUP/NEW_CONTENT,"{""word"":""der Fußball"",""example_de"":""Der Fußball liegt im Garten.""}","[""example_translation"",""meaning""]",,1: da,"30: bg, bs, cs, en, es, et, fi, fr, gr, hr, hu, is, it, lb, lt, mk, nb, nl, nn, pl, pt, ro, ru, sk, sl, sq, sr, sv, tr, uk",,,"{""example_translation"":"""",""meaning"":""""}",
E0070,a1,a1-land,study.comparison,SMALL_GROUP/NEW_CONTENT,"{""word"":""das Dorf"",""example_de"":""Er wohnt in einem Dorf.""}","[""example_translation"",""meaning""]",,1: da,"30: bg, bs, cs, en, es, et, fi, fr, gr, hr, hu, is, it, lb, lt, mk, nb, nl, nn, pl, pt, ro, ru, sk, sl, sq, sr, sv, tr, uk",,,"{""example_translation"":"""",""meaning"":""""}",
E0071,a1,a1-land,study.comparison,SMALL_GROUP/NEW_CONTENT,"{""word"":""das Land"",""example_de"":""Ich bin ein Land.""}","[""example_translation"",""meaning""]",,1: nn,"30: bg, bs, cs, da, en, es, et, fi, fr, gr, hr, hu, is, it, lb, lt, mk, nb, nl, pl, pt, ro, ru, sk, sl, sq, sr, sv, tr, uk",,,"{""example_translation"":"""",""meaning"":""""}",
E0072,a1,a1-liter,study.comparison,SMALL_GROUP/NEW_CONTENT,"{""word"":""Das Liter""}","[""example_translation"",""meaning""]",,1: gr,"30: bg, bs, cs, da, en, es, et, fi, fr, hr, hu, is, it, lb, lt, mk, nb, nl, nn, pl, pt, ro, ru, sk, sl, sq, sr, sv, tr, uk",,,"{""example_translation"":"""",""meaning"":""""}",
E0073,a1,a1-liter,study.comparison,SMALL_GROUP/NEW_CONTENT,"{""word"":""Der Liter""}","[""example_translation"",""meaning""]",,1: gr,"30: bg, bs, cs, da, en, es, et, fi, fr, hr, hu, is, it, lb, lt, mk, nb, nl, nn, pl, pt, ro, ru, sk, sl, sq, sr, sv, tr, uk",,,"{""example_translation"":"""",""meaning"":""""}",
E0074,a1,a1-liter,study.comparison,SMALL_GROUP/NEW_CONTENT,"{""word"":""Die Liter""}","[""example_translation"",""meaning""]",,1: gr,"30: bg, bs, cs, da, en, es, et, fi, fr, hr, hu, is, it, lb, lt, mk, nb, nl, nn, pl, pt, ro, ru, sk, sl, sq, sr, sv, tr, uk",,,"{""example_translation"":"""",""meaning"":""""}",
E0075,a1,a1-liter,study.comparison,SMALL_GROUP/NEW_CONTENT,"{""word"":""das Liter""}","[""example_translation"",""meaning""]",,1: et,"30: bg, bs, cs, da, en, es, fi, fr, gr, hr, hu, is, it, lb, lt, mk, nb, nl, nn, pl, pt, ro, ru, sk, sl, sq, sr, sv, tr, uk",,,"{""example_translation"":"""",""meaning"":""""}",
E0076,a1,a1-liter,study.comparison,SMALL_GROUP/NEW_CONTENT,"{""word"":""der Liter""}","[""example_translation"",""meaning""]",,1: et,"30: bg, bs, cs, da, en, es, fi, fr, gr, hr, hu, is, it, lb, lt, mk, nb, nl, nn, pl, pt, ro, ru, sk, sl, sq, sr, sv, tr, uk",,,"{""example_translation"":"""",""meaning"":""""}",
E0077,a1,a1-liter,study.comparison,SMALL_GROUP/NEW_CONTENT,"{""word"":""die Liter""}","[""example_translation"",""meaning""]",,1: et,"30: bg, bs, cs, da, en, es, fi, fr, gr, hr, hu, is, it, lb, lt, mk, nb, nl, nn, pl, pt, ro, ru, sk, sl, sq, sr, sv, tr, uk",,,"{""example_translation"":"""",""meaning"":""""}",
E0078,a1,a1-morgen,study.comparison,SMALL_GROUP/NEW_CONTENT,"{""word"":""Morgen"",""example_de"":""Der Morgen ist schön.""}","[""example_translation"",""meaning""]",,1: sr,"30: bg, bs, cs, da, en, es, et, fi, fr, gr, hr, hu, is, it, lb, lt, mk, nb, nl, nn, pl, pt, ro, ru, sk, sl, sq, sv, tr, uk",,,"{""example_translation"":"""",""meaning"":""""}",
E0079,a1,a1-morgen,study.comparison,SMALL_GROUP/NEW_CONTENT,"{""word"":""morgen"",""example_de"":""Ich komme morgen.""}","[""example_translation"",""meaning""]",,1: sr,"30: bg, bs, cs, da, en, es, et, fi, fr, gr, hr, hu, is, it, lb, lt, mk, nb, nl, nn, pl, pt, ro, ru, sk, sl, sq, sv, tr, uk",,,"{""example_translation"":"""",""meaning"":""""}",
E0080,a1,a1-morgen-study,study.comparison,SMALL_GROUP/NEW_CONTENT,"{""word"":""Morgen"",""example_de"":""Guten Morgen!""}","[""example_translation"",""meaning""]",,1: sr,"30: bg, bs, cs, da, en, es, et, fi, fr, gr, hr, hu, is, it, lb, lt, mk, nb, nl, nn, pl, pt, ro, ru, sk, sl, sq, sv, tr, uk",,,"{""example_translation"":"""",""meaning"":""""}",
E0081,a1,a1-morgen-study,study.comparison,SMALL_GROUP/NEW_CONTENT,"{""word"":""morgen"",""example_de"":""Bis morgen!""}","[""example_translation"",""meaning""]",,1: sr,"30: bg, bs, cs, da, en, es, et, fi, fr, gr, hr, hu, is, it, lb, lt, mk, nb, nl, nn, pl, pt, ro, ru, sk, sl, sq, sv, tr, uk",,,"{""example_translation"":"""",""meaning"":""""}",
E0082,a1,a1-müssen,study.comparison,SMALL_GROUP/NEW_CONTENT+DE_VARIANT,"{""word"":""dürfen"",""example_de"":""Darf ich gehen;"",""DE_VARIANT"":[{""word"":""dürfen"",""example_de"":""¿Darf ich gehen?""}]}","[""meaning""]",,1: gr,"30: bg, bs, cs, da, en, es, et, fi, fr, hr, hu, is, it, lb, lt, mk, nb, nl, nn, pl, pt, ro, ru, sk, sl, sq, sr, sv, tr, uk",,,"{""meaning"":""""}",
E0083,a1,a1-müssen,study.comparison,SMALL_GROUP/NEW_CONTENT+DE_VARIANT,"{""word"":""dürfen"",""example_de"":""¿Darf ich gehen?"",""DE_VARIANT"":[{""word"":""dürfen"",""example_de"":""Darf ich gehen;""}]}","[""meaning""]",,1: es,"30: bg, bs, cs, da, en, et, fi, fr, gr, hr, hu, is, it, lb, lt, mk, nb, nl, nn, pl, pt, ro, ru, sk, sl, sq, sr, sv, tr, uk",,,"{""meaning"":""""}",
E0084,a1,a1-nach,study.comparison,SMALL_GROUP/NEW_CONTENT,"{""word"":""vor"",""example_de"":""Vor dem Essen wasche ich mir die Hände.""}","[""example_translation"",""meaning""]",,1: en,"30: bg, bs, cs, da, es, et, fi, fr, gr, hr, hu, is, it, lb, lt, mk, nb, nl, nn, pl, pt, ro, ru, sk, sl, sq, sr, sv, tr, uk",,,"{""example_translation"":"""",""meaning"":""""}",
E0085,a1,a1-passen,study.comparison,SMALL_GROUP/NEW_CONTENT,"{""word"":""passen"",""example_de"":""Ich mag Musik.""}","[""meaning""]",,1: hr,"30: bg, bs, cs, da, en, es, et, fi, fr, gr, hu, is, it, lb, lt, mk, nb, nl, nn, pl, pt, ro, ru, sk, sl, sq, sr, sv, tr, uk",,,"{""meaning"":""""}",
E0086,a1,a1-probieren,study.comparison,SMALL_GROUP/DUPLICATE_OF_LV_ROW+DE_VARIANT,"{""word"":""anprobieren"",""example_de"":""Ich probiere die Jacke an."",""DE_VARIANT"":[{""word"":""Anprobieren"",""example_de"":""Ich probiere die Jacke an.""},{""word"":""Testen"",""example_de"":""Ich probiere die Jacke an.""}]}","[""meaning""]",,1: et,"30: bg, bs, cs, da, en, es, fi, fr, gr, hr, hu, is, it, lb, lt, mk, nb, nl, nn, pl, pt, ro, ru, sk, sl, sq, sr, sv, tr, uk",,,"{""meaning"":""""}",
E0087,a1,a1-seite,study.comparison,SMALL_GROUP/NEW_CONTENT,"{""word"":""Blatt""}","[""example_translation"",""meaning""]",,1: sr,"30: bg, bs, cs, da, en, es, et, fi, fr, gr, hr, hu, is, it, lb, lt, mk, nb, nl, nn, pl, pt, ro, ru, sk, sl, sq, sv, tr, uk",,,"{""example_translation"":"""",""meaning"":""""}",
E0088,a1,a1-seite,study.comparison,SMALL_GROUP/NEW_CONTENT,"{""word"":""Seite""}","[""example_translation"",""meaning""]",,1: sr,"30: bg, bs, cs, da, en, es, et, fi, fr, gr, hr, hu, is, it, lb, lt, mk, nb, nl, nn, pl, pt, ro, ru, sk, sl, sq, sv, tr, uk",,,"{""example_translation"":"""",""meaning"":""""}",
E0089,a1,a1-sicher,study.comparison,SMALL_GROUP/NEW_CONTENT,"{""word"":""bestimmt"",""example_de"":""Er kommt bestimmt.""}","[""example_translation"",""meaning""]",,1: sr,"30: bg, bs, cs, da, en, es, et, fi, fr, gr, hr, hu, is, it, lb, lt, mk, nb, nl, nn, pl, pt, ro, ru, sk, sl, sq, sv, tr, uk",,,"{""example_translation"":"""",""meaning"":""""}",
E0090,a1,a1-sicher,study.comparison,SMALL_GROUP/NEW_CONTENT,"{""word"":""sicher"",""example_de"":""Ich bin mir sicher.""}","[""example_translation"",""meaning""]",,1: sr,"30: bg, bs, cs, da, en, es, et, fi, fr, gr, hr, hu, is, it, lb, lt, mk, nb, nl, nn, pl, pt, ro, ru, sk, sl, sq, sv, tr, uk",,,"{""example_translation"":"""",""meaning"":""""}",
E0091,a1,a1-sie-study,study.comparison,SMALL_GROUP/NEW_CONTENT,"{""word"":""Sie"",""example_de"":""Sie kochen, bitte.""}","[""example_translation"",""meaning""]",,1: sr,"30: bg, bs, cs, da, en, es, et, fi, fr, gr, hr, hu, is, it, lb, lt, mk, nb, nl, nn, pl, pt, ro, ru, sk, sl, sq, sv, tr, uk",,,"{""example_translation"":"""",""meaning"":""""}",
E0092,a1,a1-sie-study,study.comparison,SMALL_GROUP/NEW_CONTENT,"{""word"":""sie + множина""}","[""example_translation"",""meaning""]",,1: sr,"30: bg, bs, cs, da, en, es, et, fi, fr, gr, hr, hu, is, it, lb, lt, mk, nb, nl, nn, pl, pt, ro, ru, sk, sl, sq, sv, tr, uk",,,"{""example_translation"":"""",""meaning"":""""}",
E0093,a1,a1-sie-study,study.comparison,SMALL_GROUP/NEW_CONTENT,"{""word"":""sie + једнина""}","[""example_translation"",""meaning""]",,1: sr,"30: bg, bs, cs, da, en, es, et, fi, fr, gr, hr, hu, is, it, lb, lt, mk, nb, nl, nn, pl, pt, ro, ru, sk, sl, sq, sv, tr, uk",,,"{""example_translation"":"""",""meaning"":""""}",
E0094,a1,a1-sie-study-2,study.comparison,SMALL_GROUP/NEW_CONTENT,"{""word"":""Sie"",""example_de"":""Sie kochen, bitte.""}","[""example_translation"",""meaning""]",,1: sr,"30: bg, bs, cs, da, en, es, et, fi, fr, gr, hr, hu, is, it, lb, lt, mk, nb, nl, nn, pl, pt, ro, ru, sk, sl, sq, sv, tr, uk",,,"{""example_translation"":"""",""meaning"":""""}",
E0095,a1,a1-sie-study-2,study.comparison,SMALL_GROUP/NEW_CONTENT,"{""word"":""sie + множина""}","[""example_translation"",""meaning""]",,1: sr,"30: bg, bs, cs, da, en, es, et, fi, fr, gr, hr, hu, is, it, lb, lt, mk, nb, nl, nn, pl, pt, ro, ru, sk, sl, sq, sv, tr, uk",,,"{""example_translation"":"""",""meaning"":""""}",
E0096,a1,a1-sie-study-2,study.comparison,SMALL_GROUP/NEW_CONTENT,"{""word"":""sie + једнина""}","[""example_translation"",""meaning""]",,1: sr,"30: bg, bs, cs, da, en, es, et, fi, fr, gr, hr, hu, is, it, lb, lt, mk, nb, nl, nn, pl, pt, ro, ru, sk, sl, sq, sv, tr, uk",,,"{""example_translation"":"""",""meaning"":""""}",
E0097,a1,a1-sitzen,study.comparison,SMALL_GROUP/NEW_CONTENT,"{""word"":""sich setzen"",""example_de"":""Ich setze mich.""}","[""example_translation"",""meaning""]",,1: sr,"30: bg, bs, cs, da, en, es, et, fi, fr, gr, hr, hu, is, it, lb, lt, mk, nb, nl, nn, pl, pt, ro, ru, sk, sl, sq, sv, tr, uk",,,"{""example_translation"":"""",""meaning"":""""}",
E0098,a1,a1-sollen,study.comparison,SMALL_GROUP/NEW_CONTENT,"{""word"":""sollen"",""example_de"":""Was soll ich machen;""}","[""meaning""]",,1: gr,"30: bg, bs, cs, da, en, es, et, fi, fr, hr, hu, is, it, lb, lt, mk, nb, nl, nn, pl, pt, ro, ru, sk, sl, sq, sr, sv, tr, uk",,,"{""meaning"":""""}",
E0099,a1,a1-verstehen,study.comparison,SMALL_GROUP/NEW_CONTENT,"{""word"":""wissen"",""example_de"":""Ich weiß es.""}","[""example_translation"",""meaning""]",,1: nn,"30: bg, bs, cs, da, en, es, et, fi, fr, gr, hr, hu, is, it, lb, lt, mk, nb, nl, pl, pt, ro, ru, sk, sl, sq, sr, sv, tr, uk",,,"{""example_translation"":"""",""meaning"":""""}",
E0100,a1,a1-wenn,study.comparison,SMALL_GROUP/NEW_CONTENT,"{""word"":""weil"",""example_de"":""weil ich krank bin""}","[""example_translation"",""meaning""]",,1: sr,"30: bg, bs, cs, da, en, es, et, fi, fr, gr, hr, hu, is, it, lb, lt, mk, nb, nl, nn, pl, pt, ro, ru, sk, sl, sq, sv, tr, uk",,,"{""example_translation"":"""",""meaning"":""""}",
E0101,a1,a1-wie,study.comparison,SMALL_GROUP/NEW_CONTENT,"{""word"":""wie alt"",""example_de"":""Wie alt bist du?""}","[""example_translation"",""meaning""]",,1: nn,"30: bg, bs, cs, da, en, es, et, fi, fr, gr, hr, hu, is, it, lb, lt, mk, nb, nl, pl, pt, ro, ru, sk, sl, sq, sr, sv, tr, uk",,,"{""example_translation"":"""",""meaning"":""""}",
E0102,a1,a1-wie,study.comparison,SMALL_GROUP/NEW_CONTENT,"{""word"":""wie lange"",""example_de"":""Wie lange dauert der Film?""}","[""example_translation"",""meaning""]",,1: nn,"30: bg, bs, cs, da, en, es, et, fi, fr, gr, hr, hu, is, it, lb, lt, mk, nb, nl, pl, pt, ro, ru, sk, sl, sq, sr, sv, tr, uk",,,"{""example_translation"":"""",""meaning"":""""}",
E0103,a1,a1-wie,study.comparison,SMALL_GROUP/NEW_CONTENT,"{""word"":""wie viel"",""example_de"":""Wie viel kostet das?""}","[""example_translation"",""meaning""]",,1: nn,"30: bg, bs, cs, da, en, es, et, fi, fr, gr, hr, hu, is, it, lb, lt, mk, nb, nl, pl, pt, ro, ru, sk, sl, sq, sr, sv, tr, uk",,,"{""example_translation"":"""",""meaning"":""""}",
E0104,a1,a1-wie,study.comparison,SMALL_GROUP/NEW_CONTENT,"{""word"":""wie"",""example_de"":""Wie geht es dir?""}","[""example_translation"",""meaning""]",,1: nn,"30: bg, bs, cs, da, en, es, et, fi, fr, gr, hr, hu, is, it, lb, lt, mk, nb, nl, pl, pt, ro, ru, sk, sl, sq, sr, sv, tr, uk",,,"{""example_translation"":"""",""meaning"":""""}",
E0105,a2,a2-abstellen,study.comparison,SMALL_GROUP/NEW_CONTENT,"{""word"":""stellen"",""example_de"":""Ich stelle die Tür.""}","[""example_translation"",""meaning""]",,1: et,"30: bg, bs, cs, da, en, es, fi, fr, gr, hr, hu, is, it, lb, lt, mk, nb, nl, nn, pl, pt, ro, ru, sk, sl, sq, sr, sv, tr, uk",,,"{""example_translation"":"""",""meaning"":""""}",
E0106,a2,a2-angewandt,study.comparison,SMALL_GROUP/NEW_CONTENT,"{""word"":""praktisch"",""example_de"":""Das ist eine Lösung.""}","[""example_translation"",""meaning""]",,1: et,"30: bg, bs, cs, da, en, es, fi, fr, gr, hr, hu, is, it, lb, lt, mk, nb, nl, nn, pl, pt, ro, ru, sk, sl, sq, sr, sv, tr, uk",,,"{""example_translation"":"""",""meaning"":""""}",
E0107,a2,a2-aschenputtel,study.variants,SMALL_GROUP/NEW_CONTENT+DE_VARIANT,"{""article"":""Das"",""de"":""Aschenputtel"",""DE_VARIANT"":[{""article"":""Дас"",""de"":""Aschenputtel""}]}",[],,1: ro,"30: bg, bs, cs, da, en, es, et, fi, fr, gr, hr, hu, is, it, lb, lt, mk, nb, nl, nn, pl, pt, ru, sk, sl, sq, sr, sv, tr, uk",,,{},
E0108,a2,a2-beinahe,study.comparison,SMALL_GROUP/NEW_CONTENT,"{""word"":""beinahe"",""example_de"":""Ich hätte""}","[""example_translation"",""meaning""]",,1: et,"30: bg, bs, cs, da, en, es, fi, fr, gr, hr, hu, is, it, lb, lt, mk, nb, nl, nn, pl, pt, ro, ru, sk, sl, sq, sr, sv, tr, uk",,,"{""example_translation"":"""",""meaning"":""""}",
E0109,a2,a2-bestimmt,study.comparison,SMALL_GROUP/NEW_CONTENT,"{""word"":""konkret"",""example_de"":""Ich brauche ein Beispiel.""}","[""example_translation"",""meaning""]",,1: et,"30: bg, bs, cs, da, en, es, fi, fr, gr, hr, hu, is, it, lb, lt, mk, nb, nl, nn, pl, pt, ro, ru, sk, sl, sq, sr, sv, tr, uk",,,"{""example_translation"":"""",""meaning"":""""}",
E0110,a2,a2-bestimmt,study.comparison,SMALL_GROUP/NEW_CONTENT,"{""word"":""wahrscheinlich"",""example_de"":""Er kommt morgen.""}","[""example_translation"",""meaning""]",,1: et,"30: bg, bs, cs, da, en, es, fi, fr, gr, hr, hu, is, it, lb, lt, mk, nb, nl, nn, pl, pt, ro, ru, sk, sl, sq, sr, sv, tr, uk",,,"{""example_translation"":"""",""meaning"":""""}",
E0111,a2,a2-dabei,study.comparison,SMALL_GROUP/NEW_CONTENT,"{""word"":""dabei"",""example_de"":""Ich habe den""}","[""example_translation"",""meaning""]",,1: et,"30: bg, bs, cs, da, en, es, fi, fr, gr, hr, hu, is, it, lb, lt, mk, nb, nl, nn, pl, pt, ro, ru, sk, sl, sq, sr, sv, tr, uk",,,"{""example_translation"":"""",""meaning"":""""}",
E0112,a2,a2-dabei,study.comparison,SMALL_GROUP/NEW_CONTENT,"{""word"":""trotzdem"",""example_de"":""ich.""}","[""example_translation"",""meaning""]",,1: et,"30: bg, bs, cs, da, en, es, fi, fr, gr, hr, hu, is, it, lb, lt, mk, nb, nl, nn, pl, pt, ro, ru, sk, sl, sq, sr, sv, tr, uk",,,"{""example_translation"":"""",""meaning"":""""}",
E0113,a2,a2-dafür,study.comparison,SMALL_GROUP/NEW_CONTENT,"{""word"":""deshalb"",""example_de"":""ich später.""}","[""example_translation"",""meaning""]",,1: et,"30: bg, bs, cs, da, en, es, fi, fr, gr, hr, hu, is, it, lb, lt, mk, nb, nl, nn, pl, pt, ro, ru, sk, sl, sq, sr, sv, tr, uk",,,"{""example_translation"":"""",""meaning"":""""}",
E0114,a2,a2-darauf,study.comparison,SMALL_GROUP/NEW_CONTENT,"{""word"":""auf das"",""example_de"":""Ich lege es auf""}","[""example_translation"",""meaning""]",,1: et,"30: bg, bs, cs, da, en, es, fi, fr, gr, hr, hu, is, it, lb, lt, mk, nb, nl, nn, pl, pt, ro, ru, sk, sl, sq, sr, sv, tr, uk",,,"{""example_translation"":"""",""meaning"":""""}",
E0115,a2,a2-darum,study.comparison,SMALL_GROUP/NEW_CONTENT,"{""word"":""deshalb"",""example_de"":""ich später.""}","[""example_translation"",""meaning""]",,1: et,"30: bg, bs, cs, da, en, es, fi, fr, gr, hr, hu, is, it, lb, lt, mk, nb, nl, nn, pl, pt, ro, ru, sk, sl, sq, sr, sv, tr, uk",,,"{""example_translation"":"""",""meaning"":""""}",
E0116,a2,a2-denn,study.comparison,SMALL_GROUP/NEW_CONTENT,"{""word"":""deshalb"",""example_de"":""ich.""}","[""example_translation"",""meaning""]",,1: et,"30: bg, bs, cs, da, en, es, fi, fr, gr, hr, hu, is, it, lb, lt, mk, nb, nl, nn, pl, pt, ro, ru, sk, sl, sq, sr, sv, tr, uk",,,"{""example_translation"":"""",""meaning"":""""}",
E0117,a2,a2-doch,study.comparison,SMALL_GROUP/NEW_CONTENT,"{""word"":""aber"",""example_de"":""Ich will, aber""}","[""example_translation"",""meaning""]",,1: et,"30: bg, bs, cs, da, en, es, fi, fr, gr, hr, hu, is, it, lb, lt, mk, nb, nl, nn, pl, pt, ro, ru, sk, sl, sq, sr, sv, tr, uk",,,"{""example_translation"":"""",""meaning"":""""}",
E0118,a2,a2-doch,study.comparison,SMALL_GROUP/NEW_CONTENT,"{""word"":""trotzdem"",""example_de"":""Es regnet, ich.""}","[""example_translation"",""meaning""]",,1: et,"30: bg, bs, cs, da, en, es, fi, fr, gr, hr, hu, is, it, lb, lt, mk, nb, nl, nn, pl, pt, ro, ru, sk, sl, sq, sr, sv, tr, uk",,,"{""example_translation"":"""",""meaning"":""""}",
E0119,a2,a2-eigentlich,study.comparison,SMALL_GROUP/NEW_CONTENT,"{""word"":""eigentlich"",""example_de"":""ich keine Zeit.""}","[""example_translation"",""meaning""]",,1: et,"30: bg, bs, cs, da, en, es, fi, fr, gr, hr, hu, is, it, lb, lt, mk, nb, nl, nn, pl, pt, ro, ru, sk, sl, sq, sr, sv, tr, uk",,,"{""example_translation"":"""",""meaning"":""""}",
E0120,a2,a2-erinnern,study.comparison,SMALL_GROUP/NEW_CONTENT,"{""word"":""erinnern"",""example_de"":""bitte daran.""}","[""example_translation"",""meaning""]",,1: et,"30: bg, bs, cs, da, en, es, fi, fr, gr, hr, hu, is, it, lb, lt, mk, nb, nl, nn, pl, pt, ro, ru, sk, sl, sq, sr, sv, tr, uk",,,"{""example_translation"":"""",""meaning"":""""}",
E0121,a2,a2-gott,study.variants,SMALL_GROUP/NEW_CONTENT,"{""article"":""der"",""de"":""Gott"",""plural"":""los dioses""}",[],,1: es,"30: bg, bs, cs, da, en, et, fi, fr, gr, hr, hu, is, it, lb, lt, mk, nb, nl, nn, pl, pt, ro, ru, sk, sl, sq, sr, sv, tr, uk",,,{},
E0122,a2,a2-hängen,study.comparison,SMALL_GROUP/NEW_CONTENT,"{""word"":""legen"",""example_de"":""Ich lege das Tisch.""}","[""example_translation"",""meaning""]",,1: et,"30: bg, bs, cs, da, en, es, fi, fr, gr, hr, hu, is, it, lb, lt, mk, nb, nl, nn, pl, pt, ro, ru, sk, sl, sq, sr, sv, tr, uk",,,"{""example_translation"":"""",""meaning"":""""}",
E0123,a2,a2-indem,study.comparison,SMALL_GROUP/NEW_CONTENT,"{""word"":""weil"",""example_de"":""Ich lerne, weil brauche.""}","[""example_translation"",""meaning""]",,1: et,"30: bg, bs, cs, da, en, es, fi, fr, gr, hr, hu, is, it, lb, lt, mk, nb, nl, nn, pl, pt, ro, ru, sk, sl, sq, sr, sv, tr, uk",,,"{""example_translation"":"""",""meaning"":""""}",
E0124,a2,a2-keyboard,study.variants,SMALL_GROUP/NEW_CONTENT+DE_VARIANT,"{""article"":""Das"",""de"":""Keyboard"",""plural"":""die Keyboards"",""DE_VARIANT"":[{""article"":""Дас"",""de"":""Keyboard"",""plural"":""die Keyboards""}]}",[],,1: ro,"30: bg, bs, cs, da, en, es, et, fi, fr, gr, hr, hu, is, it, lb, lt, mk, nb, nl, nn, pl, pt, ru, sk, sl, sq, sr, sv, tr, uk",,,{},
E0125,a2,a2-kinderarzt,study.variants,SMALL_GROUP/NEW_CONTENT,"{""article"":""der"",""de"":""Kinderarzt"",""plural"":""el Kinderzte""}",[],,1: es,"30: bg, bs, cs, da, en, et, fi, fr, gr, hr, hu, is, it, lb, lt, mk, nb, nl, nn, pl, pt, ro, ru, sk, sl, sq, sr, sv, tr, uk",,,{},
E0126,a2,a2-kino,study.variants,SMALL_GROUP/NEW_CONTENT+DE_VARIANT,"{""article"":""Das"",""de"":""Kino"",""plural"":""die Kinos"",""DE_VARIANT"":[{""article"":""Дас"",""de"":""Kino"",""plural"":""die Kinos""}]}",[],,1: ro,"30: bg, bs, cs, da, en, es, et, fi, fr, gr, hr, hu, is, it, lb, lt, mk, nb, nl, nn, pl, pt, ru, sk, sl, sq, sr, sv, tr, uk",,,{},
E0127,a2,a2-kissen,study.variants,SMALL_GROUP/NEW_CONTENT+DE_VARIANT,"{""article"":""Das"",""de"":""Kissen"",""plural"":""die Kissen"",""DE_VARIANT"":[{""article"":""Дас"",""de"":""Kissen"",""plural"":""die Kissen""}]}",[],,1: ro,"30: bg, bs, cs, da, en, es, et, fi, fr, gr, hr, hu, is, it, lb, lt, mk, nb, nl, nn, pl, pt, ru, sk, sl, sq, sr, sv, tr, uk",,,{},
E0128,a2,a2-kissenbezug,study.variants,SMALL_GROUP/NEW_CONTENT,"{""article"":""der"",""de"":""Kissenbezug"",""plural"":""morir besos""}",[],,1: es,"30: bg, bs, cs, da, en, et, fi, fr, gr, hr, hu, is, it, lb, lt, mk, nb, nl, nn, pl, pt, ro, ru, sk, sl, sq, sr, sv, tr, uk",,,{},
E0129,a2,a2-leitung,study.comparison,SMALL_GROUP/NEW_CONTENT,"{""word"":""die Telefonleitung"",""example_de"":""Die ist frei.""}","[""example_translation"",""meaning""]",,1: et,"30: bg, bs, cs, da, en, es, fi, fr, gr, hr, hu, is, it, lb, lt, mk, nb, nl, nn, pl, pt, ro, ru, sk, sl, sq, sr, sv, tr, uk",,,"{""example_translation"":"""",""meaning"":""""}",
E0130,a2,a2-nummernschild,study.variants,SMALL_GROUP/NEW_CONTENT+DE_VARIANT,"{""article"":""Das"",""de"":""Kennzeichen"",""plural"":""die Kennzeichen"",""DE_VARIANT"":[{""article"":""Дас"",""de"":""Kennzeichen"",""plural"":""die Kennzeichen""}]}",[],,1: ro,"30: bg, bs, cs, da, en, es, et, fi, fr, gr, hr, hu, is, it, lb, lt, mk, nb, nl, nn, pl, pt, ru, sk, sl, sq, sr, sv, tr, uk",,,{},
E0131,a2,a2-nummernschild,study.variants,SMALL_GROUP/NEW_CONTENT+DE_VARIANT,"{""article"":""Das"",""de"":""Nummernschild"",""plural"":""die Nummernschilder"",""DE_VARIANT"":[{""article"":""Дас"",""de"":""Nummernschild"",""plural"":""die Nummernschilder""}]}",[],,1: ro,"30: bg, bs, cs, da, en, es, et, fi, fr, gr, hr, hu, is, it, lb, lt, mk, nb, nl, nn, pl, pt, ru, sk, sl, sq, sr, sv, tr, uk",,,{},
E0132,a2,a2-satz,study.comparison,SMALL_GROUP/NEW_CONTENT,"{""word"":""der Satz Reifen"",""example_de"":""ist teuer.""}","[""example_translation"",""meaning""]",,1: et,"30: bg, bs, cs, da, en, es, fi, fr, gr, hr, hu, is, it, lb, lt, mk, nb, nl, nn, pl, pt, ro, ru, sk, sl, sq, sr, sv, tr, uk",,,"{""example_translation"":"""",""meaning"":""""}",
E0133,a2,a2-schließen,study.comparison,SMALL_GROUP/NEW_CONTENT,"{""word"":""folgern"",""example_de"":""ich etwas.""}","[""example_translation"",""meaning""]",,1: et,"30: bg, bs, cs, da, en, es, fi, fr, gr, hr, hu, is, it, lb, lt, mk, nb, nl, nn, pl, pt, ro, ru, sk, sl, sq, sr, sv, tr, uk",,,"{""example_translation"":"""",""meaning"":""""}",
E0134,a2,a2-sobald,study.comparison,SMALL_GROUP/NEW_CONTENT,"{""word"":""wenn"",""example_de"":""habe, komme ich.""}","[""example_translation"",""meaning""]",,1: et,"30: bg, bs, cs, da, en, es, fi, fr, gr, hr, hu, is, it, lb, lt, mk, nb, nl, nn, pl, pt, ro, ru, sk, sl, sq, sr, sv, tr, uk",,,"{""example_translation"":"""",""meaning"":""""}",
E0135,a2,a2-sonst,study.comparison,SMALL_GROUP/NEW_CONTENT,"{""word"":""normalerweise"",""example_de"":""ich zu Hause.""}","[""example_translation"",""meaning""]",,1: et,"30: bg, bs, cs, da, en, es, fi, fr, gr, hr, hu, is, it, lb, lt, mk, nb, nl, nn, pl, pt, ro, ru, sk, sl, sq, sr, sv, tr, uk",,,"{""example_translation"":"""",""meaning"":""""}",
E0136,a2,a2-sonst,study.comparison,SMALL_GROUP/NEW_CONTENT,"{""word"":""sonst"",""example_de"":""ist es zu spät.""}","[""example_translation"",""meaning""]",,1: et,"30: bg, bs, cs, da, en, es, fi, fr, gr, hr, hu, is, it, lb, lt, mk, nb, nl, nn, pl, pt, ro, ru, sk, sl, sq, sr, sv, tr, uk",,,"{""example_translation"":"""",""meaning"":""""}",
E0137,a2,a2-stelle,study.comparison,SMALL_GROUP/NEW_CONTENT,"{""word"":""die Textstelle"",""example_de"":""ist wichtig.""}","[""example_translation"",""meaning""]",,1: et,"30: bg, bs, cs, da, en, es, fi, fr, gr, hr, hu, is, it, lb, lt, mk, nb, nl, nn, pl, pt, ro, ru, sk, sl, sq, sr, sv, tr, uk",,,"{""example_translation"":"""",""meaning"":""""}",
E0138,a2,a2-stoff,study.comparison,SMALL_GROUP/NEW_CONTENT,"{""word"":""der Unterrichtsstoff"",""example_de"":""Der ist schwer.""}","[""example_translation"",""meaning""]",,1: et,"30: bg, bs, cs, da, en, es, fi, fr, gr, hr, hu, is, it, lb, lt, mk, nb, nl, nn, pl, pt, ro, ru, sk, sl, sq, sr, sv, tr, uk",,,"{""example_translation"":"""",""meaning"":""""}",
E0139,a2,a2-verkehr,study.comparison,SMALL_GROUP/NEW_CONTENT,"{""word"":""der Straßenverkehr"",""example_de"":""Der ist gefährlich.""}","[""example_translation"",""meaning""]",,1: et,"30: bg, bs, cs, da, en, es, fi, fr, gr, hr, hu, is, it, lb, lt, mk, nb, nl, nn, pl, pt, ro, ru, sk, sl, sq, sr, sv, tr, uk",,,"{""example_translation"":"""",""meaning"":""""}",
E0140,a2,a2-vorstellen,study.comparison,SMALL_GROUP/NEW_CONTENT,"{""word"":""vorstellen"",""example_de"":""Ich stelle dir vor.""}","[""example_translation"",""meaning""]",,1: et,"30: bg, bs, cs, da, en, es, fi, fr, gr, hr, hu, is, it, lb, lt, mk, nb, nl, nn, pl, pt, ro, ru, sk, sl, sq, sr, sv, tr, uk",,,"{""example_translation"":"""",""meaning"":""""}",
E0141,a2,a2-zurzeit,study.comparison,SMALL_GROUP/NEW_CONTENT,"{""word"":""momentan"",""example_de"":""ich krank.""}","[""example_translation"",""meaning""]",,1: et,"30: bg, bs, cs, da, en, es, fi, fr, gr, hr, hu, is, it, lb, lt, mk, nb, nl, nn, pl, pt, ro, ru, sk, sl, sq, sr, sv, tr, uk",,,"{""example_translation"":"""",""meaning"":""""}",
E0142,b1,b1-empfangen,study.comparison,SMALL_GROUP/NEW_CONTENT+DE_VARIANT,"{""word"":""bekommen"",""example_de"":""Ich bekomme eine E-Pastéis."",""DE_VARIANT"":[{""word"":""bekommen"",""example_de"":""Ich bekomme eine E-mail.""},{""word"":""bekommen"",""example_de"":""Ich bekomme eine E-Recibí un correo electrónico.""},{""word"":""bekommen"",""example_de"":""Ich bekomme eine E-kirja.""},{""word"":""bekommen"",""example_de"":""Ich bekomme eine E-mailt.""},{""word"":""bekommen"",""example_de"":""Ich bekomme eine E-Kirja.""},{""word"":""bekommen"",""example_de"":""Ich bekomme eine E-Pastu.""},{""word"":""bekommen"",""example_de"":""Ich bekomme eine E-laišką.""},{""word"":""bekommen"",""example_de"":""Ich bekomme eine E-pastu.""},{""word"":""bekommen"",""example_de"":""Ich bekomme eine E-posta aldım.""}]}","[""meaning""]",,1: lb,"30: bg, bs, cs, da, en, es, et, fi, fr, gr, hr, hu, is, it, lt, mk, nb, nl, nn, pl, pt, ro, ru, sk, sl, sq, sr, sv, tr, uk",,,"{""meaning"":""""}",
E0143,b1,b1-empfangen,study.comparison,SMALL_GROUP/NEW_CONTENT+DE_VARIANT,"{""word"":""bekommen"",""example_de"":""Ich bekomme eine E-Recibí un correo electrónico."",""DE_VARIANT"":[{""word"":""bekommen"",""example_de"":""Ich bekomme eine E-mail.""},{""word"":""bekommen"",""example_de"":""Ich bekomme eine E-kirja.""},{""word"":""bekommen"",""example_de"":""Ich bekomme eine E-mailt.""},{""word"":""bekommen"",""example_de"":""Ich bekomme eine E-Kirja.""},{""word"":""bekommen"",""example_de"":""Ich bekomme eine E-Pastu.""},{""word"":""bekommen"",""example_de"":""Ich bekomme eine E-Pastéis.""},{""word"":""bekommen"",""example_de"":""Ich bekomme eine E-laišką.""},{""word"":""bekommen"",""example_de"":""Ich bekomme eine E-pastu.""},{""word"":""bekommen"",""example_de"":""Ich bekomme eine E-posta aldım.""}]}","[""example_translation"",""meaning""]",,1: es,"30: bg, bs, cs, da, en, et, fi, fr, gr, hr, hu, is, it, lb, lt, mk, nb, nl, nn, pl, pt, ro, ru, sk, sl, sq, sr, sv, tr, uk",,,"{""example_translation"":"""",""meaning"":""""}",
E0144,b1,b1-empfangen,study.comparison,SMALL_GROUP/NEW_CONTENT+DE_VARIANT,"{""word"":""bekommen"",""example_de"":""Ich bekomme eine E-laišką."",""DE_VARIANT"":[{""word"":""bekommen"",""example_de"":""Ich bekomme eine E-mail.""},{""word"":""bekommen"",""example_de"":""Ich bekomme eine E-Recibí un correo electrónico.""},{""word"":""bekommen"",""example_de"":""Ich bekomme eine E-kirja.""},{""word"":""bekommen"",""example_de"":""Ich bekomme eine E-mailt.""},{""word"":""bekommen"",""example_de"":""Ich bekomme eine E-Kirja.""},{""word"":""bekommen"",""example_de"":""Ich bekomme eine E-Pastu.""},{""word"":""bekommen"",""example_de"":""Ich bekomme eine E-Pastéis.""},{""word"":""bekommen"",""example_de"":""Ich bekomme eine E-pastu.""},{""word"":""bekommen"",""example_de"":""Ich bekomme eine E-posta aldım.""}]}","[""meaning""]",,1: lt,"30: bg, bs, cs, da, en, es, et, fi, fr, gr, hr, hu, is, it, lb, mk, nb, nl, nn, pl, pt, ro, ru, sk, sl, sq, sr, sv, tr, uk",,,"{""meaning"":""""}",
E0145,b1,b1-empfangen,study.comparison,SMALL_GROUP/NEW_CONTENT+DE_VARIANT,"{""word"":""bekommen"",""example_de"":""Ich bekomme eine E-mailt."",""DE_VARIANT"":[{""word"":""bekommen"",""example_de"":""Ich bekomme eine E-mail.""},{""word"":""bekommen"",""example_de"":""Ich bekomme eine E-Recibí un correo electrónico.""},{""word"":""bekommen"",""example_de"":""Ich bekomme eine E-kirja.""},{""word"":""bekommen"",""example_de"":""Ich bekomme eine E-Kirja.""},{""word"":""bekommen"",""example_de"":""Ich bekomme eine E-Pastu.""},{""word"":""bekommen"",""example_de"":""Ich bekomme eine E-Pastéis.""},{""word"":""bekommen"",""example_de"":""Ich bekomme eine E-laišką.""},{""word"":""bekommen"",""example_de"":""Ich bekomme eine E-pastu.""},{""word"":""bekommen"",""example_de"":""Ich bekomme eine E-posta aldım.""}]}","[""meaning""]",,1: hu,"30: bg, bs, cs, da, en, es, et, fi, fr, gr, hr, is, it, lb, lt, mk, nb, nl, nn, pl, pt, ro, ru, sk, sl, sq, sr, sv, tr, uk",,,"{""meaning"":""""}",
E0146,b1,b1-richten,study.comparison,SMALL_GROUP/NEW_CONTENT+DE_VARIANT,"{""word"":""schicken"",""example_de"":""Ich schicke dir eine E-Pastéis."",""DE_VARIANT"":[{""word"":""schicken"",""example_de"":""Ich schicke dir eine E-mail.""},{""word"":""schicken"",""example_de"":""Ich schicke dir eine E-Te envié un correo electrónico.""},{""word"":""schicken"",""example_de"":""Ich schicke dir eine E-kirja.""},{""word"":""schicken"",""example_de"":""Ich schicke dir eine E-mailt küldök.""},{""word"":""schicken"",""example_de"":""Ich schicke dir eine E-Kirja.""},{""word"":""schicken"",""example_de"":""Ich schicke dir eine E-Pastu.""},{""word"":""schicken"",""example_de"":""Ich schicke dir eine E-laišką.""},{""word"":""schicken"",""example_de"":""Ich schicke dir eine E-pastu.""},{""word"":""schicken"",""example_de"":""Ich schicke dir eine E-posta gönderiyorum.""}]}","[""meaning""]",,1: lb,"30: bg, bs, cs, da, en, es, et, fi, fr, gr, hr, hu, is, it, lt, mk, nb, nl, nn, pl, pt, ro, ru, sk, sl, sq, sr, sv, tr, uk",,,"{""meaning"":""""}",
E0147,b1,b1-richten,study.comparison,SMALL_GROUP/NEW_CONTENT+DE_VARIANT,"{""word"":""schicken"",""example_de"":""Ich schicke dir eine E-Te envié un correo electrónico."",""DE_VARIANT"":[{""word"":""schicken"",""example_de"":""Ich schicke dir eine E-mail.""},{""word"":""schicken"",""example_de"":""Ich schicke dir eine E-kirja.""},{""word"":""schicken"",""example_de"":""Ich schicke dir eine E-mailt küldök.""},{""word"":""schicken"",""example_de"":""Ich schicke dir eine E-Kirja.""},{""word"":""schicken"",""example_de"":""Ich schicke dir eine E-Pastu.""},{""word"":""schicken"",""example_de"":""Ich schicke dir eine E-Pastéis.""},{""word"":""schicken"",""example_de"":""Ich schicke dir eine E-laišką.""},{""word"":""schicken"",""example_de"":""Ich schicke dir eine E-pastu.""},{""word"":""schicken"",""example_de"":""Ich schicke dir eine E-posta gönderiyorum.""}]}","[""example_translation"",""meaning""]",,1: es,"30: bg, bs, cs, da, en, et, fi, fr, gr, hr, hu, is, it, lb, lt, mk, nb, nl, nn, pl, pt, ro, ru, sk, sl, sq, sr, sv, tr, uk",,,"{""example_translation"":"""",""meaning"":""""}",
E0148,b1,b1-richten,study.comparison,SMALL_GROUP/NEW_CONTENT+DE_VARIANT,"{""word"":""schicken"",""example_de"":""Ich schicke dir eine E-laišką."",""DE_VARIANT"":[{""word"":""schicken"",""example_de"":""Ich schicke dir eine E-mail.""},{""word"":""schicken"",""example_de"":""Ich schicke dir eine E-Te envié un correo electrónico.""},{""word"":""schicken"",""example_de"":""Ich schicke dir eine E-kirja.""},{""word"":""schicken"",""example_de"":""Ich schicke dir eine E-mailt küldök.""},{""word"":""schicken"",""example_de"":""Ich schicke dir eine E-Kirja.""},{""word"":""schicken"",""example_de"":""Ich schicke dir eine E-Pastu.""},{""word"":""schicken"",""example_de"":""Ich schicke dir eine E-Pastéis.""},{""word"":""schicken"",""example_de"":""Ich schicke dir eine E-pastu.""},{""word"":""schicken"",""example_de"":""Ich schicke dir eine E-posta gönderiyorum.""}]}","[""meaning""]",,1: lt,"30: bg, bs, cs, da, en, es, et, fi, fr, gr, hr, hu, is, it, lb, mk, nb, nl, nn, pl, pt, ro, ru, sk, sl, sq, sr, sv, tr, uk",,,"{""meaning"":""""}",
E0149,b1,b1-richten,study.comparison,SMALL_GROUP/NEW_CONTENT+DE_VARIANT,"{""word"":""schicken"",""example_de"":""Ich schicke dir eine E-mailt küldök."",""DE_VARIANT"":[{""word"":""schicken"",""example_de"":""Ich schicke dir eine E-mail.""},{""word"":""schicken"",""example_de"":""Ich schicke dir eine E-Te envié un correo electrónico.""},{""word"":""schicken"",""example_de"":""Ich schicke dir eine E-kirja.""},{""word"":""schicken"",""example_de"":""Ich schicke dir eine E-Kirja.""},{""word"":""schicken"",""example_de"":""Ich schicke dir eine E-Pastu.""},{""word"":""schicken"",""example_de"":""Ich schicke dir eine E-Pastéis.""},{""word"":""schicken"",""example_de"":""Ich schicke dir eine E-laišką.""},{""word"":""schicken"",""example_de"":""Ich schicke dir eine E-pastu.""},{""word"":""schicken"",""example_de"":""Ich schicke dir eine E-posta gönderiyorum.""}]}","[""meaning""]",,1: hu,"30: bg, bs, cs, da, en, es, et, fi, fr, gr, hr, is, it, lb, lt, mk, nb, nl, nn, pl, pt, ro, ru, sk, sl, sq, sr, sv, tr, uk",,,"{""meaning"":""""}",
E0150,c1,c1-einfamilienhaus,study.comparison,SMALL_GROUP/NEW_CONTENT+DE_VARIANT,"{""word"":""Das Einfamilienhaus"",""example_de"":""Sie wohnen in einem Einfamilienhaus."",""DE_VARIANT"":[{""word"":""das Einfamilienhaus"",""example_de"":""Sie wohnen in einem Einfamilienhaus.""}]}","[""example_translation"",""meaning""]",,1: gr,"30: bg, bs, cs, da, en, es, et, fi, fr, hr, hu, is, it, lb, lt, mk, nb, nl, nn, pl, pt, ro, ru, sk, sl, sq, sr, sv, tr, uk",,,"{""example_translation"":"""",""meaning"":""""}",
E0151,c1,c1-einfamilienhaus,study.comparison,SMALL_GROUP/NEW_CONTENT+DE_VARIANT,"{""word"":""Das Mehrfamilienhaus"",""example_de"":""Nebenan steht ein Mehrfamilienhaus."",""DE_VARIANT"":[{""word"":""das Mehrfamilienhaus"",""example_de"":""Nebenan steht ein Mehrfamilienhaus.""}]}","[""example_translation"",""meaning""]",,1: gr,"30: bg, bs, cs, da, en, es, et, fi, fr, hr, hu, is, it, lb, lt, mk, nb, nl, nn, pl, pt, ro, ru, sk, sl, sq, sr, sv, tr, uk",,,"{""example_translation"":"""",""meaning"":""""}",
E0152,c1,c1-einfamilienhaus,study.comparison,SMALL_GROUP/NEW_CONTENT+DE_VARIANT,"{""word"":""Das Reihenhaus"",""example_de"":""Das Reihenhaus hat eine gemeinsame Wand."",""DE_VARIANT"":[{""word"":""das Reihenhaus"",""example_de"":""Das Reihenhaus hat eine gemeinsame Wand.""}]}","[""example_translation"",""meaning""]",,1: gr,"30: bg, bs, cs, da, en, es, et, fi, fr, hr, hu, is, it, lb, lt, mk, nb, nl, nn, pl, pt, ro, ru, sk, sl, sq, sr, sv, tr, uk",,,"{""example_translation"":"""",""meaning"":""""}",
E0153,c1,c1-einfamilienhaus,study.comparison,SMALL_GROUP/NEW_CONTENT+DE_VARIANT,"{""word"":""das Einfamilienhaus"",""example_de"":""Sie wohnen in einem Einfamilienhaus."",""DE_VARIANT"":[{""word"":""Das Einfamilienhaus"",""example_de"":""Sie wohnen in einem Einfamilienhaus.""}]}","[""example_translation"",""meaning""]",,1: et,"30: bg, bs, cs, da, en, es, fi, fr, gr, hr, hu, is, it, lb, lt, mk, nb, nl, nn, pl, pt, ro, ru, sk, sl, sq, sr, sv, tr, uk",,,"{""example_translation"":"""",""meaning"":""""}",
E0154,c1,c1-einfamilienhaus,study.comparison,SMALL_GROUP/NEW_CONTENT+DE_VARIANT,"{""word"":""das Mehrfamilienhaus"",""example_de"":""Nebenan steht ein Mehrfamilienhaus."",""DE_VARIANT"":[{""word"":""Das Mehrfamilienhaus"",""example_de"":""Nebenan steht ein Mehrfamilienhaus.""}]}","[""example_translation"",""meaning""]",,1: et,"30: bg, bs, cs, da, en, es, fi, fr, gr, hr, hu, is, it, lb, lt, mk, nb, nl, nn, pl, pt, ro, ru, sk, sl, sq, sr, sv, tr, uk",,,"{""example_translation"":"""",""meaning"":""""}",
E0155,c1,c1-einfamilienhaus,study.comparison,SMALL_GROUP/NEW_CONTENT+DE_VARIANT,"{""word"":""das Reihenhaus"",""example_de"":""Das Reihenhaus hat eine gemeinsame Wand."",""DE_VARIANT"":[{""word"":""Das Reihenhaus"",""example_de"":""Das Reihenhaus hat eine gemeinsame Wand.""}]}","[""example_translation"",""meaning""]",,1: et,"30: bg, bs, cs, da, en, es, fi, fr, gr, hr, hu, is, it, lb, lt, mk, nb, nl, nn, pl, pt, ro, ru, sk, sl, sq, sr, sv, tr, uk",,,"{""example_translation"":"""",""meaning"":""""}",
E0156,c1,c1-offentlichkeit,study.comparison,SMALL_GROUP/NEW_CONTENT,"{""word"":""Die Privacy""}","[""example_translation"",""meaning""]",,1: gr,"30: bg, bs, cs, da, en, es, et, fi, fr, hr, hu, is, it, lb, lt, mk, nb, nl, nn, pl, pt, ro, ru, sk, sl, sq, sr, sv, tr, uk",,,"{""example_translation"":"""",""meaning"":""""}",
E0157,c1,c1-offentlichkeit,study.comparison,SMALL_GROUP/NEW_CONTENT+DE_VARIANT,"{""word"":""Die Öffentlichkeit"",""example_de"":""Die Öffentlichkeit reagierte kritisch."",""DE_VARIANT"":[{""word"":""die Öffentlichkeit"",""example_de"":""Die Öffentlichkeit reagierte kritisch.""}]}","[""example_translation"",""meaning""]",,1: gr,"30: bg, bs, cs, da, en, es, et, fi, fr, hr, hu, is, it, lb, lt, mk, nb, nl, nn, pl, pt, ro, ru, sk, sl, sq, sr, sv, tr, uk",,,"{""example_translation"":"""",""meaning"":""""}",
E0158,c1,c1-offentlichkeit,study.comparison,SMALL_GROUP/NEW_CONTENT,"{""word"":""die Privatsphäre""}","[""example_translation"",""meaning""]",,1: et,"30: bg, bs, cs, da, en, es, fi, fr, gr, hr, hu, is, it, lb, lt, mk, nb, nl, nn, pl, pt, ro, ru, sk, sl, sq, sr, sv, tr, uk",,,"{""example_translation"":"""",""meaning"":""""}",
E0159,c1,c1-offentlichkeit,study.comparison,SMALL_GROUP/NEW_CONTENT+DE_VARIANT,"{""word"":""die Öffentlichkeit"",""example_de"":""Die Öffentlichkeit reagierte kritisch."",""DE_VARIANT"":[{""word"":""Die Öffentlichkeit"",""example_de"":""Die Öffentlichkeit reagierte kritisch.""}]}","[""example_translation"",""meaning""]",,1: et,"30: bg, bs, cs, da, en, es, fi, fr, gr, hr, hu, is, it, lb, lt, mk, nb, nl, nn, pl, pt, ro, ru, sk, sl, sq, sr, sv, tr, uk",,,"{""example_translation"":"""",""meaning"":""""}",
E0160,c1,c1-offentlichkeit,study.comparison,SMALL_GROUP/NEW_CONTENT+DE_VARIANT,"{""word"":""Öffentlich"",""example_de"":""Das ist eine öffentliche Angelegenheit."",""DE_VARIANT"":[{""word"":""öffentlich"",""example_de"":""Das ist eine öffentliche Angelegenheit.""}]}","[""example_translation"",""meaning""]",,1: gr,"30: bg, bs, cs, da, en, es, et, fi, fr, hr, hu, is, it, lb, lt, mk, nb, nl, nn, pl, pt, ro, ru, sk, sl, sq, sr, sv, tr, uk",,,"{""example_translation"":"""",""meaning"":""""}",
E0161,c1,c1-offentlichkeit,study.comparison,SMALL_GROUP/NEW_CONTENT+DE_VARIANT,"{""word"":""öffentlich"",""example_de"":""Das ist eine öffentliche Angelegenheit."",""DE_VARIANT"":[{""word"":""Öffentlich"",""example_de"":""Das ist eine öffentliche Angelegenheit.""}]}","[""example_translation"",""meaning""]",,1: et,"30: bg, bs, cs, da, en, es, fi, fr, gr, hr, hu, is, it, lb, lt, mk, nb, nl, nn, pl, pt, ro, ru, sk, sl, sq, sr, sv, tr, uk",,,"{""example_translation"":"""",""meaning"":""""}",
E0162,c1,c1-partei,study.comparison,SMALL_GROUP/NEW_CONTENT+DE_VARIANT,"{""word"":""der Teil"",""example_de"":""Das ist nur ein Teil der Lösung."",""DE_VARIANT"":[{""word"":""Έχετε"",""example_de"":""Das ist nur ein Teil der Lösung.""}]}","[""example_translation"",""meaning""]",,1: et,"30: bg, bs, cs, da, en, es, fi, fr, gr, hr, hu, is, it, lb, lt, mk, nb, nl, nn, pl, pt, ro, ru, sk, sl, sq, sr, sv, tr, uk",,,"{""example_translation"":"""",""meaning"":""""}",
E0163,c1,c1-partei,study.comparison,SMALL_GROUP/NEW_CONTENT,"{""word"":""die Partei (juristisch)""}","[""example_translation"",""meaning""]",,1: et,"30: bg, bs, cs, da, en, es, fi, fr, gr, hr, hu, is, it, lb, lt, mk, nb, nl, nn, pl, pt, ro, ru, sk, sl, sq, sr, sv, tr, uk",,,"{""example_translation"":"""",""meaning"":""""}",
E0164,c1,c1-partei,study.comparison,SMALL_GROUP/NEW_CONTENT+DE_VARIANT,"{""word"":""die Partei (politisch)"",""example_de"":""Diese Partei gewann die Wahl."",""DE_VARIANT"":[{""word"":""Το κόμμα (πολιτικό)"",""example_de"":""Diese Partei gewann die Wahl.""}]}","[""example_translation"",""meaning""]",,1: et,"30: bg, bs, cs, da, en, es, fi, fr, gr, hr, hu, is, it, lb, lt, mk, nb, nl, nn, pl, pt, ro, ru, sk, sl, sq, sr, sv, tr, uk",,,"{""example_translation"":"""",""meaning"":""""}",
E0165,c1,c1-partei,study.comparison,SMALL_GROUP/NEW_CONTENT+DE_VARIANT,"{""word"":""Έχετε"",""example_de"":""Das ist nur ein Teil der Lösung."",""DE_VARIANT"":[{""word"":""der Teil"",""example_de"":""Das ist nur ein Teil der Lösung.""}]}","[""example_translation"",""meaning""]",,1: gr,"30: bg, bs, cs, da, en, es, et, fi, fr, hr, hu, is, it, lb, lt, mk, nb, nl, nn, pl, pt, ro, ru, sk, sl, sq, sr, sv, tr, uk",,,"{""example_translation"":"""",""meaning"":""""}",
E0166,c1,c1-partei,study.comparison,SMALL_GROUP/NEW_CONTENT,"{""word"":""Το κόμμα (νόμιμο)""}","[""example_translation"",""meaning""]",,1: gr,"30: bg, bs, cs, da, en, es, et, fi, fr, hr, hu, is, it, lb, lt, mk, nb, nl, nn, pl, pt, ro, ru, sk, sl, sq, sr, sv, tr, uk",,,"{""example_translation"":"""",""meaning"":""""}",
E0167,c1,c1-partei,study.comparison,SMALL_GROUP/NEW_CONTENT+DE_VARIANT,"{""word"":""Το κόμμα (πολιτικό)"",""example_de"":""Diese Partei gewann die Wahl."",""DE_VARIANT"":[{""word"":""die Partei (politisch)"",""example_de"":""Diese Partei gewann die Wahl.""}]}","[""example_translation"",""meaning""]",,1: gr,"30: bg, bs, cs, da, en, es, et, fi, fr, hr, hu, is, it, lb, lt, mk, nb, nl, nn, pl, pt, ro, ru, sk, sl, sq, sr, sv, tr, uk",,,"{""example_translation"":"""",""meaning"":""""}",
E0168,c1,c1-prozess,study.comparison,SMALL_GROUP/NEW_CONTENT,"{""word"":""Das Verfahren""}","[""example_translation"",""meaning""]",,1: gr,"30: bg, bs, cs, da, en, es, et, fi, fr, hr, hu, is, it, lb, lt, mk, nb, nl, nn, pl, pt, ro, ru, sk, sl, sq, sr, sv, tr, uk",,,"{""example_translation"":"""",""meaning"":""""}",
E0169,c1,c1-prozess,study.comparison,SMALL_GROUP/NEW_CONTENT,"{""word"":""Der Prozess (γενικά)""}","[""example_translation"",""meaning""]",,1: gr,"30: bg, bs, cs, da, en, es, et, fi, fr, hr, hu, is, it, lb, lt, mk, nb, nl, nn, pl, pt, ro, ru, sk, sl, sq, sr, sv, tr, uk",,,"{""example_translation"":"""",""meaning"":""""}",
E0170,c1,c1-prozess,study.comparison,SMALL_GROUP/NEW_CONTENT+DE_VARIANT,"{""word"":""Der Prozess (νομικό)"",""example_de"":""Der Prozess vor Gericht beginnt morgen."",""DE_VARIANT"":[{""word"":""der Prozess (juristisch)"",""example_de"":""Der Prozess vor Gericht beginnt morgen.""}]}","[""example_translation"",""meaning""]",,1: gr,"30: bg, bs, cs, da, en, es, et, fi, fr, hr, hu, is, it, lb, lt, mk, nb, nl, nn, pl, pt, ro, ru, sk, sl, sq, sr, sv, tr, uk",,,"{""example_translation"":"""",""meaning"":""""}",
E0171,c1,c1-prozess,study.comparison,SMALL_GROUP/NEW_CONTENT,"{""word"":""das Verfahren""}","[""example_translation"",""meaning""]",,1: et,"30: bg, bs, cs, da, en, es, fi, fr, gr, hr, hu, is, it, lb, lt, mk, nb, nl, nn, pl, pt, ro, ru, sk, sl, sq, sr, sv, tr, uk",,,"{""example_translation"":"""",""meaning"":""""}",
E0172,c1,c1-prozess,study.comparison,SMALL_GROUP/NEW_CONTENT,"{""word"":""der Prozess (allgemein)""}","[""example_translation"",""meaning""]",,1: et,"30: bg, bs, cs, da, en, es, fi, fr, gr, hr, hu, is, it, lb, lt, mk, nb, nl, nn, pl, pt, ro, ru, sk, sl, sq, sr, sv, tr, uk",,,"{""example_translation"":"""",""meaning"":""""}",
E0173,c1,c1-prozess,study.comparison,SMALL_GROUP/NEW_CONTENT+DE_VARIANT,"{""word"":""der Prozess (juristisch)"",""example_de"":""Der Prozess vor Gericht beginnt morgen."",""DE_VARIANT"":[{""word"":""Der Prozess (νομικό)"",""example_de"":""Der Prozess vor Gericht beginnt morgen.""}]}","[""example_translation"",""meaning""]",,1: et,"30: bg, bs, cs, da, en, es, fi, fr, gr, hr, hu, is, it, lb, lt, mk, nb, nl, nn, pl, pt, ro, ru, sk, sl, sq, sr, sv, tr, uk",,,"{""example_translation"":"""",""meaning"":""""}",
E0174,c1,c1-wahl,study.comparison,SMALL_GROUP/NEW_CONTENT+DE_VARIANT,"{""word"":""Die Auswahl"",""example_de"":""Es gibt eine große Auswahl."",""DE_VARIANT"":[{""word"":""die Auswahl"",""example_de"":""Es gibt eine große Auswahl.""}]}","[""example_translation"",""meaning""]",,1: gr,"30: bg, bs, cs, da, en, es, et, fi, fr, hr, hu, is, it, lb, lt, mk, nb, nl, nn, pl, pt, ro, ru, sk, sl, sq, sr, sv, tr, uk",,,"{""example_translation"":"""",""meaning"":""""}",
E0175,c1,c1-wahl,study.comparison,SMALL_GROUP/NEW_CONTENT+DE_VARIANT,"{""word"":""Die Wahl (Möglichkeit)"",""example_de"":""Du hast die Wahl."",""DE_VARIANT"":[{""word"":""die Wahl (Möglichkeit)"",""example_de"":""Du hast die Wahl.""}]}","[""example_translation"",""meaning""]",,1: gr,"30: bg, bs, cs, da, en, es, et, fi, fr, hr, hu, is, it, lb, lt, mk, nb, nl, nn, pl, pt, ro, ru, sk, sl, sq, sr, sv, tr, uk",,,"{""example_translation"":"""",""meaning"":""""}",
E0176,c1,c1-wahl,study.comparison,SMALL_GROUP/NEW_CONTENT+DE_VARIANT,"{""word"":""Die Wahl (Πολιτικός)"",""example_de"":""Die Wahl findet am Sonntag statt."",""DE_VARIANT"":[{""word"":""die Wahl (Politik)"",""example_de"":""Die Wahl findet am Sonntag statt.""}]}","[""example_translation"",""meaning""]",,1: gr,"30: bg, bs, cs, da, en, es, et, fi, fr, hr, hu, is, it, lb, lt, mk, nb, nl, nn, pl, pt, ro, ru, sk, sl, sq, sr, sv, tr, uk",,,"{""example_translation"":"""",""meaning"":""""}",
E0177,c1,c1-wahl,study.comparison,SMALL_GROUP/NEW_CONTENT+DE_VARIANT,"{""word"":""die Auswahl"",""example_de"":""Es gibt eine große Auswahl."",""DE_VARIANT"":[{""word"":""Die Auswahl"",""example_de"":""Es gibt eine große Auswahl.""}]}","[""example_translation"",""meaning""]",,1: et,"30: bg, bs, cs, da, en, es, fi, fr, gr, hr, hu, is, it, lb, lt, mk, nb, nl, nn, pl, pt, ro, ru, sk, sl, sq, sr, sv, tr, uk",,,"{""example_translation"":"""",""meaning"":""""}",
E0178,c1,c1-wahl,study.comparison,SMALL_GROUP/NEW_CONTENT+DE_VARIANT,"{""word"":""die Wahl (Möglichkeit)"",""example_de"":""Du hast die Wahl."",""DE_VARIANT"":[{""word"":""Die Wahl (Möglichkeit)"",""example_de"":""Du hast die Wahl.""}]}","[""example_translation"",""meaning""]",,1: et,"30: bg, bs, cs, da, en, es, fi, fr, gr, hr, hu, is, it, lb, lt, mk, nb, nl, nn, pl, pt, ro, ru, sk, sl, sq, sr, sv, tr, uk",,,"{""example_translation"":"""",""meaning"":""""}",
E0179,c1,c1-wahl,study.comparison,SMALL_GROUP/NEW_CONTENT+DE_VARIANT,"{""word"":""die Wahl (Politik)"",""example_de"":""Die Wahl findet am Sonntag statt."",""DE_VARIANT"":[{""word"":""Die Wahl (Πολιτικός)"",""example_de"":""Die Wahl findet am Sonntag statt.""}]}","[""example_translation"",""meaning""]",,1: et,"30: bg, bs, cs, da, en, es, fi, fr, gr, hr, hu, is, it, lb, lt, mk, nb, nl, nn, pl, pt, ro, ru, sk, sl, sq, sr, sv, tr, uk",,,"{""example_translation"":"""",""meaning"":""""}",
E0180,c2,c2-gewichtseinheit,study.comparison,SMALL_GROUP/NEW_CONTENT,"{""word"":""Das Gewicht""}","[""example_translation"",""meaning""]",,1: gr,"30: bg, bs, cs, da, en, es, et, fi, fr, hr, hu, is, it, lb, lt, mk, nb, nl, nn, pl, pt, ro, ru, sk, sl, sq, sr, sv, tr, uk",,,"{""example_translation"":"""",""meaning"":""""}",
E0181,c2,c2-gewichtseinheit,study.comparison,SMALL_GROUP/NEW_CONTENT+DE_VARIANT,"{""word"":""Die Gewichtseinheit"",""example_de"":""Kilogramm ist eine Gewichtseinheit."",""DE_VARIANT"":[{""word"":""die Gewichtseinheit"",""example_de"":""Kilogramm ist eine Gewichtseinheit.""}]}","[""example_translation"",""meaning""]",,1: gr,"30: bg, bs, cs, da, en, es, et, fi, fr, hr, hu, is, it, lb, lt, mk, nb, nl, nn, pl, pt, ro, ru, sk, sl, sq, sr, sv, tr, uk",,,"{""example_translation"":"""",""meaning"":""""}",
E0182,c2,c2-gewichtseinheit,study.comparison,SMALL_GROUP/NEW_CONTENT+DE_VARIANT,"{""word"":""Die Masse"",""example_de"":""Die Masse eines Objekts ändert sich nicht."",""DE_VARIANT"":[{""word"":""die Masse"",""example_de"":""Die Masse eines Objekts ändert sich nicht.""}]}","[""example_translation"",""meaning""]",,1: gr,"30: bg, bs, cs, da, en, es, et, fi, fr, hr, hu, is, it, lb, lt, mk, nb, nl, nn, pl, pt, ro, ru, sk, sl, sq, sr, sv, tr, uk",,,"{""example_translation"":"""",""meaning"":""""}",
E0183,c2,c2-gewichtseinheit,study.comparison,SMALL_GROUP/NEW_CONTENT,"{""word"":""das Gewicht""}","[""example_translation"",""meaning""]",,1: et,"30: bg, bs, cs, da, en, es, fi, fr, gr, hr, hu, is, it, lb, lt, mk, nb, nl, nn, pl, pt, ro, ru, sk, sl, sq, sr, sv, tr, uk",,,"{""example_translation"":"""",""meaning"":""""}",
E0184,c2,c2-gewichtseinheit,study.comparison,SMALL_GROUP/NEW_CONTENT+DE_VARIANT,"{""word"":""die Gewichtseinheit"",""example_de"":""Kilogramm ist eine Gewichtseinheit."",""DE_VARIANT"":[{""word"":""Die Gewichtseinheit"",""example_de"":""Kilogramm ist eine Gewichtseinheit.""}]}","[""example_translation"",""meaning""]",,1: et,"30: bg, bs, cs, da, en, es, fi, fr, gr, hr, hu, is, it, lb, lt, mk, nb, nl, nn, pl, pt, ro, ru, sk, sl, sq, sr, sv, tr, uk",,,"{""example_translation"":"""",""meaning"":""""}",
E0185,c2,c2-gewichtseinheit,study.comparison,SMALL_GROUP/NEW_CONTENT+DE_VARIANT,"{""word"":""die Masse"",""example_de"":""Die Masse eines Objekts ändert sich nicht."",""DE_VARIANT"":[{""word"":""Die Masse"",""example_de"":""Die Masse eines Objekts ändert sich nicht.""}]}","[""example_translation"",""meaning""]",,1: et,"30: bg, bs, cs, da, en, es, fi, fr, gr, hr, hu, is, it, lb, lt, mk, nb, nl, nn, pl, pt, ro, ru, sk, sl, sq, sr, sv, tr, uk",,,"{""example_translation"":"""",""meaning"":""""}",
