language,level,card,array,mode,from,to,content
bg,a1,a1-bitte,important,pad,1,2,3
bg,a1,a1-bitte-study,important,pad,1,2,3
bg,a1,a1-bringen,examples,shorten,4,3,3
bg,a1,a1-ein,comparison,shorten,6,4,4
bg,a1,a1-es,examples,shorten,6,4,4
bg,a1,a1-es,comparison,shorten,6,2,2
bg,a1,a1-finden,comparison,shorten,4,1,1
bg,a1,a1-halten,important,pad,2,3,3
bg,a1,a1-hoch-study,tip,pad,1,2,2
bg,a1,a1-hoch-study,important,pad,1,2,3
bs,a1,a1-bringen,examples,shorten,4,3,3
bs,a1,a1-ein,comparison,shorten,6,4,4
bs,a1,a1-es,comparison,shorten,6,2,2
bs,a1,a1-finden,examples,shorten,4,3,3
bs,a1,a1-finden,comparison,shorten,4,1,1
cs,a1,a1-bringen,examples,shorten,4,3,3
cs,a1,a1-ein,comparison,shorten,6,4,4
cs,a1,a1-es,comparison,shorten,6,2,2
cs,a1,a1-finden,examples,shorten,4,3,3
cs,a1,a1-finden,comparison,shorten,4,1,1
cs,a1,a1-halten,important,pad,2,3,3
cs,a1,a1-hoch-study,tip,pad,1,2,2
cs,a1,a1-hoch-study,important,pad,1,2,3
da,a1,a1-an,important,pad,1,2,2
da,a1,a1-ab,important,pad,1,2,2
da,a1,a1-aber,important,pad,1,2,2
da,a1,a1-also,important,pad,1,2,2
da,a1,a1-auf,important,pad,1,2,2
da,a1,a1-aus,important,pad,1,2,2
da,a1,a1-aufs,tip,pad,1,2,2
da,a1,a1-aufs,important,pad,1,4,4
da,a1,a1-baden,important,pad,1,2,2
da,a1,a1-bei,important,pad,1,2,2
da,a1,a1-bitte,important,pad,1,2,3
da,a1,a1-bitte-study,important,pad,1,2,3
da,a1,a1-bleiben,important,pad,1,2,2
da,a1,a1-bringen,examples,shorten,4,3,3
da,a1,a1-bringen,important,pad,1,2,3
da,a1,a1-da,important,pad,1,2,2
da,a1,a1-das,important,pad,1,2,2
da,a1,a1-dass,important,pad,1,2,2
da,a1,a1-der,important,pad,1,2,2
da,a1,a1-die,important,pad,1,2,2
da,a1,a1-dieser,important,pad,1,2,2
da,a1,a1-ein,comparison,shorten,6,4,4
da,a1,a1-eis,important,pad,1,2,2
da,a1,a1-erst,important,pad,1,2,3
da,a1,a1-es,examples,shorten,6,4,4
da,a1,a1-es,comparison,shorten,6,2,2
da,a1,a1-es,important,pad,1,2,3
da,a1,a1-etwas,important,pad,1,2,3
da,a1,a1-finden,examples,shorten,4,3,3
da,a1,a1-finden,comparison,shorten,4,1,1
da,a1,a1-finden,important,pad,1,2,2
da,a1,a1-frau,tip,pad,1,2,2
da,a1,a1-frau,important,pad,1,3,3
da,a1,a1-fuer,tip,pad,1,2,2
da,a1,a1-fuer,important,pad,1,2,2
da,a1,a1-geben,important,pad,1,2,2
da,a1,a1-haben,important,pad,1,2,3
da,a1,a1-halten,important,pad,1,3,3
da,a1,a1-heißen,important,pad,1,2,2
da,a1,a1-hoch-study,tip,pad,1,2,2
da,a1,a1-hoch-study,important,pad,1,2,3
da,a1,a1-hoeren-study,tip,pad,1,2,2
da,a1,a1-ihr,important,pad,1,3,3
da,a1,a1-im,tip,pad,1,2,2
da,a1,a1-im,important,pad,1,4,4
da,a1,a1-in,important,pad,1,2,2
da,a1,a1-ins,tip,pad,1,2,2
da,a1,a1-ins,important,pad,1,4,4
da,a1,a1-jung,tip,pad,1,2,2
da,a1,a1-kosten,tip,pad,1,2,2
da,a1,a1-kosten,important,pad,1,2,2
da,a1,a1-lang,important,pad,1,2,2
da,a1,a1-lassen,important,pad,1,2,2
da,a1,a1-laufen,important,pad,1,2,2
da,a1,a1-legen,important,pad,1,2,2
da,a1,a1-liegen,important,pad,1,2,2
da,a1,a1-machen,important,pad,1,2,2
da,a1,a1-mal,important,pad,1,3,3
da,a1,a1-mann,tip,pad,1,2,2
da,a1,a1-mann,important,pad,1,3,3
da,a1,a1-mit,important,pad,1,2,2
da,a1,a1-mögen,important,pad,1,2,2
da,a1,a1-müssen,important,pad,1,2,2
da,a1,a1-natuerlich,important,pad,1,2,2
da,a1,a1-nehmen,important,pad,1,2,2
da,a1,a1-neu,tip,pad,1,2,2
da,a1,a1-oder,important,pad,1,2,2
da,a1,a1-passen,important,pad,1,2,2
da,a1,a1-probieren,important,pad,1,2,2
da,a1,a1-schwimmen,important,pad,1,2,2
da,a1,a1-sehen,important,pad,1,2,2
da,a1,a1-sein,important,pad,1,2,2
da,a1,a1-seite,tip,pad,1,2,2
da,a1,a1-seite,important,pad,1,2,2
da,a1,a1-sicher,important,pad,1,2,2
da,a1,a1-sitzen,important,pad,1,2,2
da,a1,a1-stehen,important,pad,1,2,2
da,a1,a1-über,important,pad,1,2,2
da,a1,a1-um,important,pad,1,2,2
da,a1,a1-unter,important,pad,1,2,2
da,a1,a1-verstehen,important,pad,1,2,2
da,a1,a1-vom,tip,pad,1,2,2
da,a1,a1-vom,important,pad,1,4,4
da,a1,a1-vor,important,pad,1,2,2
da,a1,a1-was,tip,pad,1,2,2
da,a1,a1-wer,tip,pad,1,2,2
da,a1,a1-werden,important,pad,1,2,2
da,a1,a1-wetter,important,pad,1,2,2
da,a1,a1-wie,tip,pad,1,2,2
da,a1,a1-wie,important,pad,1,3,3
da,a1,a1-zu,important,pad,1,2,2
da,a1,a1-zug,important,pad,1,2,2
da,a1,a1-zum,important,pad,1,4,4
da,a1,a1-einmal,tip,pad,1,2,2
en,a1,a1-also,important,pad,1,2,2
en,a1,a1-auf,important,pad,1,2,2
en,a1,a1-aus,important,pad,1,2,2
en,a1,a1-aufs,tip,pad,1,2,2
en,a1,a1-aufs,important,pad,1,4,4
en,a1,a1-baden,important,pad,1,2,2
en,a1,a1-bei,important,pad,1,2,2
en,a1,a1-bitte,important,pad,1,2,3
en,a1,a1-bitte-study,important,pad,1,2,3
en,a1,a1-bleiben,important,pad,1,2,2
en,a1,a1-bringen,examples,shorten,4,3,3
en,a1,a1-bringen,important,pad,1,2,3
en,a1,a1-da,important,pad,1,2,2
en,a1,a1-das,important,pad,1,2,2
en,a1,a1-dass,important,pad,1,2,2
en,a1,a1-der,important,pad,1,2,2
en,a1,a1-die,important,pad,1,2,2
en,a1,a1-dieser,important,pad,1,2,2
en,a1,a1-es,info,create,0,2,2
en,a1,a1-finden,examples,shorten,4,3,3
en,a1,a1-finden,comparison,shorten,4,1,1
en,a1,a1-finden,important,pad,1,2,2
en,a1,a1-frau,tip,pad,1,2,2
en,a1,a1-frau,important,pad,1,3,3
en,a1,a1-fuer,tip,pad,1,2,2
en,a1,a1-fuer,important,pad,1,2,2
en,a1,a1-geben,important,pad,1,2,2
en,a1,a1-gleich,important,pad,1,2,2
en,a1,a1-haben,important,pad,1,2,3
en,a1,a1-halten,important,pad,1,3,3
en,a1,a1-heißen,important,pad,1,2,2
en,a1,a1-hoch-study,tip,pad,1,2,2
en,a1,a1-hoch-study,important,pad,1,2,3
en,a1,a1-hoeren-study,tip,pad,1,2,2
en,a1,a1-ihr,important,pad,1,3,3
en,a1,a1-im,tip,pad,1,2,2
en,a1,a1-im,important,pad,1,4,4
en,a1,a1-in,important,pad,1,2,2
en,a1,a1-ins,tip,pad,1,2,2
en,a1,a1-ins,important,pad,1,4,4
en,a1,a1-jung,tip,pad,1,2,2
en,a1,a1-können,important,pad,1,2,2
en,a1,a1-kosten,tip,pad,1,2,2
en,a1,a1-kosten,important,pad,1,2,2
en,a1,a1-land,important,pad,1,2,2
en,a1,a1-lang,important,pad,1,2,2
en,a1,a1-lassen,important,pad,1,2,2
en,a1,a1-laufen,important,pad,1,2,2
en,a1,a1-legen,important,pad,1,2,2
en,a1,a1-liegen,important,pad,1,2,2
en,a1,a1-machen,important,pad,1,2,2
en,a1,a1-mal,important,pad,1,3,3
en,a1,a1-mann,tip,pad,1,2,2
en,a1,a1-mann,important,pad,1,3,3
en,a1,a1-mit,important,pad,1,2,2
en,a1,a1-mögen,important,pad,1,2,2
en,a1,a1-müssen,important,pad,1,2,2
en,a1,a1-natuerlich,important,pad,1,2,2
en,a1,a1-neu,tip,pad,1,2,2
en,a1,a1-oder,important,pad,1,2,2
en,a1,a1-passen,important,pad,1,2,2
en,a1,a1-probieren,important,pad,1,2,2
en,a1,a1-schwimmen,important,pad,1,2,2
en,a1,a1-sehen,important,pad,1,2,2
en,a1,a1-sein,important,pad,1,2,2
en,a1,a1-seite,tip,pad,1,2,2
en,a1,a1-seite,important,pad,1,2,2
en,a1,a1-sicher,important,pad,1,2,2
en,a1,a1-sitzen,important,pad,1,2,2
en,a1,a1-über,important,pad,1,2,2
en,a1,a1-um,important,pad,1,2,2
en,a1,a1-unter,important,pad,1,2,2
en,a1,a1-verstehen,important,pad,1,2,2
en,a1,a1-vom,tip,pad,1,2,2
en,a1,a1-vom,important,pad,1,4,4
en,a1,a1-vor,important,pad,1,2,2
en,a1,a1-was,tip,pad,1,2,2
en,a1,a1-wer,tip,pad,1,2,2
en,a1,a1-werden,important,pad,1,2,2
en,a1,a1-wetter,important,pad,1,2,2
en,a1,a1-wie,tip,pad,1,2,2
en,a1,a1-wie,important,pad,1,3,3
en,a1,a1-zu,important,pad,1,2,2
en,a1,a1-zug,important,pad,1,2,2
en,a1,a1-einmal,tip,pad,1,2,2
es,a1,a1-an,important,pad,1,2,2
es,a1,a1-ab,important,pad,1,2,2
es,a1,a1-aber,important,pad,1,2,2
es,a1,a1-also,important,pad,1,2,2
es,a1,a1-auf,important,pad,1,2,2
es,a1,a1-aus,important,pad,1,2,2
es,a1,a1-baden,important,pad,1,2,2
es,a1,a1-bei,important,pad,1,2,2
es,a1,a1-bitte,important,pad,1,2,3
es,a1,a1-bitte-study,important,pad,1,2,3
es,a1,a1-bleiben,important,pad,1,2,2
es,a1,a1-bringen,examples,shorten,4,3,3
es,a1,a1-bringen,important,pad,1,2,3
es,a1,a1-da,important,pad,1,2,2
es,a1,a1-das,important,pad,1,2,2
es,a1,a1-der,important,pad,1,2,2
es,a1,a1-die,important,pad,1,2,2
es,a1,a1-dieser,important,pad,1,2,2
es,a1,a1-ein,comparison,shorten,6,4,4
es,a1,a1-erst,important,pad,1,2,3
es,a1,a1-es,info,create,0,2,2
es,a1,a1-etwas,important,pad,1,2,3
es,a1,a1-finden,examples,shorten,4,3,3
es,a1,a1-finden,comparison,shorten,4,1,1
es,a1,a1-finden,important,pad,1,2,2
es,a1,a1-frau,tip,pad,1,2,2
es,a1,a1-frau,important,pad,1,3,3
es,a1,a1-fuer,tip,pad,1,2,2
es,a1,a1-fuer,important,pad,1,2,2
es,a1,a1-geben,important,pad,1,2,2
es,a1,a1-gleich,important,pad,1,2,2
es,a1,a1-haben,important,pad,1,2,3
es,a1,a1-halten,important,pad,1,3,3
es,a1,a1-heißen,important,pad,1,2,2
es,a1,a1-hoch-study,tip,pad,1,2,2
es,a1,a1-hoch-study,important,pad,1,2,3
es,a1,a1-hoeren-study,tip,pad,1,2,2
es,a1,a1-ihr,important,pad,1,3,3
es,a1,a1-im,tip,pad,1,2,2
es,a1,a1-im,important,pad,1,4,4
es,a1,a1-in,important,pad,1,2,2
es,a1,a1-ins,tip,pad,1,2,2
es,a1,a1-ins,important,pad,1,4,4
es,a1,a1-jung,tip,pad,1,2,2
es,a1,a1-können,important,pad,1,2,2
es,a1,a1-kosten,tip,pad,1,2,2
es,a1,a1-kosten,important,pad,1,2,2
es,a1,a1-land,important,pad,1,2,2
es,a1,a1-lang,important,pad,1,2,2
es,a1,a1-lassen,important,pad,1,2,2
es,a1,a1-laufen,important,pad,1,2,2
es,a1,a1-legen,important,pad,1,2,2
es,a1,a1-liegen,important,pad,1,2,2
es,a1,a1-machen,important,pad,1,2,2
es,a1,a1-mal,important,pad,1,3,3
es,a1,a1-mann,tip,pad,1,2,2
es,a1,a1-mann,important,pad,1,3,3
es,a1,a1-mit,important,pad,1,2,2
es,a1,a1-mögen,important,pad,1,2,2
es,a1,a1-müssen,important,pad,1,2,2
es,a1,a1-natuerlich,important,pad,1,2,2
es,a1,a1-nehmen,important,pad,1,2,2
es,a1,a1-neu,tip,pad,1,2,2
es,a1,a1-probieren,important,pad,1,2,2
es,a1,a1-schwimmen,important,pad,1,2,2
es,a1,a1-sehen,important,pad,1,2,2
es,a1,a1-sein,important,pad,1,2,2
es,a1,a1-seite,tip,pad,1,2,2
es,a1,a1-seite,important,pad,1,2,2
es,a1,a1-sicher,important,pad,1,2,2
es,a1,a1-sitzen,important,pad,1,2,2
es,a1,a1-stehen,important,pad,1,2,2
es,a1,a1-über,important,pad,1,2,2
es,a1,a1-um,important,pad,1,2,2
es,a1,a1-unter,important,pad,1,2,2
es,a1,a1-verstehen,important,pad,1,2,2
es,a1,a1-vom,tip,pad,1,2,2
es,a1,a1-vom,important,pad,1,4,4
es,a1,a1-vor,important,pad,1,2,2
es,a1,a1-was,tip,pad,1,2,2
es,a1,a1-wer,tip,pad,1,2,2
es,a1,a1-werden,important,pad,1,2,2
es,a1,a1-wetter,important,pad,1,2,2
es,a1,a1-wie,tip,pad,1,2,2
es,a1,a1-wie,important,pad,1,3,3
es,a1,a1-zu,important,pad,1,2,2
es,a1,a1-zug,important,pad,1,2,2
es,a1,a1-zum,important,pad,1,4,4
es,a1,a1-einmal,tip,pad,1,2,2
et,a1,a1-ein,comparison,shorten,6,4,4
et,a1,a1-es,examples,shorten,6,4,4
et,a1,a1-es,comparison,shorten,6,2,2
et,a1,a1-finden,examples,shorten,4,3,3
et,a1,a1-finden,comparison,shorten,4,1,1
et,a1,a1-halten,important,pad,2,3,3
et,a1,a1-hoch-study,tip,pad,1,2,2
et,a1,a1-hoch-study,important,pad,1,2,3
fi,a1,a1-bitte,important,pad,1,2,3
fi,a1,a1-bringen,examples,shorten,4,3,3
fi,a1,a1-ein,comparison,shorten,6,4,4
fi,a1,a1-es,examples,shorten,6,4,4
fi,a1,a1-es,comparison,shorten,6,2,2
fi,a1,a1-finden,examples,shorten,4,3,3
fi,a1,a1-finden,comparison,shorten,4,1,1
fi,a1,a1-halten,important,pad,2,3,3
fi,a1,a1-hoch-study,tip,pad,1,2,2
fi,a1,a1-hoch-study,important,pad,1,2,3
fr,a1,a1-an,important,pad,1,2,2
fr,a1,a1-ab,important,pad,1,2,2
fr,a1,a1-aber,important,pad,1,2,2
fr,a1,a1-also,important,pad,1,2,2
fr,a1,a1-auf,important,pad,1,2,2
fr,a1,a1-aus,important,pad,1,2,2
fr,a1,a1-aufs,tip,pad,1,2,2
fr,a1,a1-aufs,important,pad,1,4,4
fr,a1,a1-baden,important,pad,1,2,2
fr,a1,a1-bei,important,pad,1,2,2
fr,a1,a1-bitte,important,pad,1,2,3
fr,a1,a1-bitte-study,important,pad,1,2,3
fr,a1,a1-bleiben,important,pad,1,2,2
fr,a1,a1-bringen,examples,shorten,4,3,3
fr,a1,a1-bringen,important,pad,1,2,3
fr,a1,a1-da,important,pad,1,2,2
fr,a1,a1-das,important,pad,1,2,2
fr,a1,a1-dass,important,pad,1,2,2
fr,a1,a1-der,important,pad,1,2,2
fr,a1,a1-die,important,pad,1,2,2
fr,a1,a1-dieser,important,pad,1,2,2
fr,a1,a1-ein,comparison,shorten,6,4,4
fr,a1,a1-eis,important,pad,1,2,2
fr,a1,a1-erst,important,pad,1,2,3
fr,a1,a1-es,examples,shorten,6,4,4
fr,a1,a1-es,comparison,shorten,6,2,2
fr,a1,a1-es,important,pad,1,2,3
fr,a1,a1-etwas,important,pad,1,2,3
fr,a1,a1-finden,examples,shorten,4,3,3
fr,a1,a1-finden,comparison,shorten,4,1,1
fr,a1,a1-finden,important,pad,1,2,2
fr,a1,a1-frau,tip,pad,1,2,2
fr,a1,a1-frau,important,pad,1,3,3
fr,a1,a1-fuer,tip,pad,1,2,2
fr,a1,a1-fuer,important,pad,1,2,2
fr,a1,a1-geben,important,pad,1,2,2
fr,a1,a1-gleich,important,pad,1,2,2
fr,a1,a1-haben,important,pad,1,2,3
fr,a1,a1-halten,important,pad,1,3,3
fr,a1,a1-heißen,important,pad,1,2,2
fr,a1,a1-hoch-study,tip,pad,1,2,2
fr,a1,a1-hoch-study,important,pad,1,2,3
fr,a1,a1-hoeren-study,tip,pad,1,2,2
fr,a1,a1-ihr,important,pad,1,3,3
fr,a1,a1-im,tip,pad,1,2,2
fr,a1,a1-im,important,pad,1,4,4
fr,a1,a1-in,important,pad,1,2,2
fr,a1,a1-ins,tip,pad,1,2,2
fr,a1,a1-ins,important,pad,1,4,4
fr,a1,a1-jung,tip,pad,1,2,2
fr,a1,a1-können,important,pad,1,2,2
fr,a1,a1-kosten,tip,pad,1,2,2
fr,a1,a1-kosten,important,pad,1,2,2
fr,a1,a1-land,important,pad,1,2,2
fr,a1,a1-lang,important,pad,1,2,2
fr,a1,a1-lassen,important,pad,1,2,2
fr,a1,a1-laufen,important,pad,1,2,2
fr,a1,a1-legen,important,pad,1,2,2
fr,a1,a1-liegen,important,pad,1,2,2
fr,a1,a1-machen,important,pad,1,2,2
fr,a1,a1-mal,important,pad,1,3,3
fr,a1,a1-mann,tip,pad,1,2,2
fr,a1,a1-mann,important,pad,1,3,3
fr,a1,a1-mit,important,pad,1,2,2
fr,a1,a1-mögen,important,pad,1,2,2
fr,a1,a1-müssen,important,pad,1,2,2
fr,a1,a1-natuerlich,important,pad,1,2,2
fr,a1,a1-nehmen,important,pad,1,2,2
fr,a1,a1-neu,tip,pad,1,2,2
fr,a1,a1-oder,important,pad,1,2,2
fr,a1,a1-passen,important,pad,1,2,2
fr,a1,a1-probieren,important,pad,1,2,2
fr,a1,a1-schwimmen,important,pad,1,2,2
fr,a1,a1-sehen,important,pad,1,2,2
fr,a1,a1-sein,important,pad,1,2,2
fr,a1,a1-seite,tip,pad,1,2,2
fr,a1,a1-seite,important,pad,1,2,2
fr,a1,a1-sicher,important,pad,1,2,2
fr,a1,a1-sitzen,important,pad,1,2,2
fr,a1,a1-stehen,important,pad,1,2,2
fr,a1,a1-über,important,pad,1,2,2
fr,a1,a1-um,important,pad,1,2,2
fr,a1,a1-unter,important,pad,1,2,2
fr,a1,a1-verstehen,important,pad,1,2,2
fr,a1,a1-vom,tip,pad,1,2,2
fr,a1,a1-vom,important,pad,1,4,4
fr,a1,a1-vor,important,pad,1,2,2
fr,a1,a1-was,tip,pad,1,2,2
fr,a1,a1-wer,tip,pad,1,2,2
fr,a1,a1-werden,important,pad,1,2,2
fr,a1,a1-wetter,important,pad,1,2,2
fr,a1,a1-wie,tip,pad,1,2,2
fr,a1,a1-wie,important,pad,1,3,3
fr,a1,a1-zu,important,pad,1,2,2
fr,a1,a1-zug,important,pad,1,2,2
fr,a1,a1-zum,important,pad,1,4,4
gr,a1,a1-bitte,important,pad,1,2,3
gr,a1,a1-bitte-study,important,pad,1,2,3
gr,a1,a1-bringen,examples,shorten,4,3,3
gr,a1,a1-ein,comparison,shorten,6,4,4
gr,a1,a1-es,examples,shorten,6,4,4
gr,a1,a1-es,comparison,shorten,6,2,2
gr,a1,a1-finden,examples,shorten,4,3,3
gr,a1,a1-finden,comparison,shorten,4,1,1
gr,a1,a1-halten,important,pad,2,3,3
gr,a1,a1-hoch-study,tip,pad,1,2,2
gr,a1,a1-hoch-study,important,pad,1,2,3
hr,a1,a1-bitte,important,pad,1,2,3
hr,a1,a1-bitte-study,important,pad,1,2,3
hr,a1,a1-bringen,examples,shorten,4,3,3
hr,a1,a1-ein,comparison,shorten,6,4,4
hr,a1,a1-es,examples,shorten,6,4,4
hr,a1,a1-es,comparison,shorten,6,2,2
hr,a1,a1-finden,examples,shorten,4,3,3
hr,a1,a1-finden,comparison,shorten,4,1,1
hr,a1,a1-halten,important,pad,2,3,3
hr,a1,a1-hoch-study,tip,pad,1,2,2
hr,a1,a1-hoch-study,important,pad,1,2,3
hu,a1,a1-bitte,important,pad,1,2,3
hu,a1,a1-bitte-study,important,pad,1,2,3
hu,a1,a1-bringen,examples,shorten,4,3,3
hu,a1,a1-ein,comparison,shorten,6,4,4
hu,a1,a1-es,examples,shorten,6,4,4
hu,a1,a1-es,comparison,shorten,6,2,2
hu,a1,a1-finden,examples,shorten,4,3,3
hu,a1,a1-finden,comparison,shorten,4,1,1
hu,a1,a1-halten,important,pad,2,3,3
hu,a1,a1-hoch-study,tip,pad,1,2,2
hu,a1,a1-hoch-study,important,pad,1,2,3
is,a1,a1-bitte,important,pad,1,2,3
is,a1,a1-bitte-study,important,pad,1,2,3
is,a1,a1-bringen,examples,shorten,4,3,3
is,a1,a1-ein,comparison,shorten,6,4,4
is,a1,a1-es,examples,shorten,6,4,4
is,a1,a1-es,comparison,shorten,6,2,2
is,a1,a1-finden,examples,shorten,4,3,3
is,a1,a1-finden,comparison,shorten,4,1,1
is,a1,a1-halten,important,pad,2,3,3
is,a1,a1-hoch-study,tip,pad,1,2,2
is,a1,a1-hoch-study,important,pad,1,2,3
it,a1,a1-bitte,important,pad,1,2,3
it,a1,a1-bitte-study,important,pad,1,2,3
it,a1,a1-bringen,examples,shorten,4,3,3
it,a1,a1-ein,comparison,shorten,6,4,4
it,a1,a1-es,examples,shorten,6,4,4
it,a1,a1-es,comparison,shorten,6,2,2
it,a1,a1-finden,examples,shorten,4,3,3
it,a1,a1-finden,comparison,shorten,4,1,1
it,a1,a1-halten,important,pad,2,3,3
it,a1,a1-hoch-study,tip,pad,1,2,2
it,a1,a1-hoch-study,important,pad,1,2,3
lb,a1,a1-bitte,important,pad,1,2,3
lb,a1,a1-bitte-study,important,pad,1,2,3
lb,a1,a1-bringen,examples,shorten,4,3,3
lb,a1,a1-ein,comparison,shorten,6,4,4
lb,a1,a1-es,examples,shorten,6,4,4
lb,a1,a1-es,comparison,shorten,6,2,2
lb,a1,a1-finden,examples,shorten,4,3,3
lb,a1,a1-finden,comparison,shorten,4,1,1
lb,a1,a1-halten,important,pad,2,3,3
lb,a1,a1-hoch-study,tip,pad,1,2,2
lb,a1,a1-hoch-study,important,pad,1,2,3
lb,a1,a1-werden,important,create,0,2,2
lb,a1,a1-wetter,tip,create,0,2,2
lb,a1,a1-wetter,important,create,0,2,2
lb,a1,a1-wie,tip,create,0,2,2
lb,a1,a1-wie,important,create,0,3,3
lb,a1,a1-zu,important,create,0,2,2
lb,a1,a1-zug,important,create,0,2,2
lb,a1,a1-fernsehen-study,tip,create,0,1,2
lb,a1,a1-fernsehen-study,important,create,0,1,4
lt,a1,a1-bitte,important,pad,1,2,3
lt,a1,a1-bitte-study,important,pad,1,2,3
lt,a1,a1-bringen,examples,shorten,4,3,3
lt,a1,a1-ein,comparison,shorten,6,4,4
lt,a1,a1-es,examples,shorten,6,4,4
lt,a1,a1-es,comparison,shorten,6,2,2
lt,a1,a1-finden,examples,shorten,4,3,3
lt,a1,a1-finden,comparison,shorten,4,1,1
lt,a1,a1-halten,important,pad,2,3,3
lt,a1,a1-hoch-study,tip,pad,1,2,2
lt,a1,a1-hoch-study,important,pad,1,2,3
mk,a1,a1-bitte,important,pad,1,2,3
mk,a1,a1-bitte-study,important,pad,1,2,3
mk,a1,a1-bringen,examples,shorten,4,3,3
mk,a1,a1-ein,comparison,shorten,6,4,4
mk,a1,a1-es,examples,shorten,6,4,4
mk,a1,a1-es,comparison,shorten,6,2,2
mk,a1,a1-finden,examples,shorten,4,3,3
mk,a1,a1-finden,comparison,shorten,4,1,1
mk,a1,a1-halten,important,pad,2,3,3
mk,a1,a1-hoch-study,tip,pad,1,2,2
mk,a1,a1-hoch-study,important,pad,1,2,3
nb,a1,a1-bitte,important,pad,1,2,3
nb,a1,a1-bitte-study,important,pad,1,2,3
nb,a1,a1-bringen,examples,shorten,4,3,3
nb,a1,a1-ein,comparison,shorten,6,4,4
nb,a1,a1-es,examples,shorten,6,4,4
nb,a1,a1-es,comparison,shorten,6,2,2
nb,a1,a1-finden,examples,shorten,4,3,3
nb,a1,a1-finden,comparison,shorten,4,1,1
nb,a1,a1-halten,important,pad,2,3,3
nb,a1,a1-hoch-study,tip,pad,1,2,2
nb,a1,a1-hoch-study,important,pad,1,2,3
nl,a1,a1-bitte,important,pad,1,2,3
nl,a1,a1-bitte-study,important,pad,1,2,3
nl,a1,a1-bringen,examples,shorten,4,3,3
nl,a1,a1-ein,comparison,shorten,6,4,4
nl,a1,a1-es,examples,shorten,6,4,4
nl,a1,a1-es,comparison,shorten,6,2,2
nl,a1,a1-finden,examples,shorten,4,3,3
nl,a1,a1-finden,comparison,shorten,4,1,1
nl,a1,a1-halten,important,pad,2,3,3
nl,a1,a1-hoch-study,tip,pad,1,2,2
nl,a1,a1-hoch-study,important,pad,1,2,3
nl,a1,a1-schwimmen,examples,create,0,4,4
nl,a1,a1-schwimmen,comparison,create,0,4,4
nl,a1,a1-schwimmen,important,create,0,2,2
nl,a1,a1-sich,examples,create,0,4,4
nl,a1,a1-sich,comparison,create,0,4,4
nl,a1,a1-sich,important,create,0,2,2
nn,a1,a1-bitte,important,pad,1,2,3
nn,a1,a1-bitte-study,important,pad,1,2,3
nn,a1,a1-bringen,examples,shorten,4,3,3
nn,a1,a1-ein,comparison,shorten,6,4,4
nn,a1,a1-es,examples,shorten,6,4,4
nn,a1,a1-es,comparison,shorten,6,2,2
nn,a1,a1-finden,examples,shorten,4,3,3
nn,a1,a1-finden,comparison,shorten,4,1,1
nn,a1,a1-halten,important,pad,2,3,3
nn,a1,a1-hoch-study,tip,pad,1,2,2
nn,a1,a1-hoch-study,important,pad,1,2,3
nn,a1,a1-neu,examples,create,0,7,7
nn,a1,a1-neu,tip,create,0,2,2
nn,a1,a1-neu,important,create,0,2,2
nn,a1,a1-verstehen,examples,create,0,4,4
nn,a1,a1-verstehen,comparison,create,0,4,4
nn,a1,a1-verstehen,important,create,0,2,2
nn,a1,a1-wie,examples,create,0,6,6
nn,a1,a1-wie,tip,create,0,2,2
nn,a1,a1-wie,important,create,0,3,3
pl,a1,a1-bitte,important,pad,1,2,3
pl,a1,a1-bitte-study,important,pad,1,2,3
pl,a1,a1-bringen,examples,shorten,4,3,3
pl,a1,a1-ein,comparison,shorten,6,4,4
pl,a1,a1-es,examples,shorten,6,4,4
pl,a1,a1-es,comparison,shorten,6,2,2
pl,a1,a1-finden,examples,shorten,4,3,3
pl,a1,a1-finden,comparison,shorten,4,1,1
pl,a1,a1-halten,important,pad,2,3,3
pl,a1,a1-hoch-study,tip,pad,1,2,2
pl,a1,a1-hoch-study,important,pad,1,2,3
pt,a1,a1-bitte,examples,create,0,3,3
pt,a1,a1-bitte,comparison,create,0,2,2
pt,a1,a1-bitte,important,create,0,2,3
pt,a1,a1-bitte-study,examples,create,0,3,3
pt,a1,a1-bitte-study,comparison,create,0,2,2
pt,a1,a1-bitte-study,important,create,0,2,3
pt,a1,a1-bleiben,examples,create,0,4,4
pt,a1,a1-bleiben,comparison,create,0,4,4
pt,a1,a1-bleiben,important,create,0,2,2
pt,a1,a1-bringen,examples,shorten,4,3,3
pt,a1,a1-ein,comparison,shorten,6,4,4
pt,a1,a1-erst,examples,create,0,4,4
pt,a1,a1-erst,comparison,create,0,4,4
pt,a1,a1-erst,important,create,0,2,3
pt,a1,a1-es,examples,shorten,6,4,4
pt,a1,a1-es,comparison,shorten,6,2,2
pt,a1,a1-etwas,examples,create,0,5,5
pt,a1,a1-etwas,comparison,create,0,4,4
pt,a1,a1-etwas,important,create,0,2,3
pt,a1,a1-fahren,examples,create,0,5,5
pt,a1,a1-fahren,comparison,create,0,5,5
pt,a1,a1-fahren,important,create,0,1,3
pt,a1,a1-finden,examples,shorten,4,3,3
pt,a1,a1-finden,comparison,shorten,4,1,1
pt,a1,a1-gleich,examples,create,0,6,6
pt,a1,a1-gleich,tip,create,0,2,2
pt,a1,a1-gleich,important,create,0,2,2
pt,a1,a1-gross-study,examples,create,0,4,4
pt,a1,a1-gross-study,tip,create,0,1,2
pt,a1,a1-gross-study,important,create,0,1,1
pt,a1,a1-gut-study,examples,create,0,6,6
pt,a1,a1-gut-study,tip,create,0,2,2
pt,a1,a1-gut-study,important,create,0,3,3
pt,a1,a1-haben,examples,create,0,4,4
pt,a1,a1-haben,comparison,create,0,4,4
pt,a1,a1-haben,important,create,0,2,3
pt,a1,a1-halten,examples,create,0,4,4
pt,a1,a1-halten,comparison,create,0,4,4
pt,a1,a1-halten,important,create,0,3,3
pt,a1,a1-heißen,examples,create,0,4,4
pt,a1,a1-heißen,comparison,create,0,5,5
pt,a1,a1-heißen,important,create,0,2,2
pt,a1,a1-hoch-study,examples,create,0,5,5
pt,a1,a1-hoch-study,tip,create,0,2,2
pt,a1,a1-hoch-study,important,create,0,2,3
pt,a1,a1-hoeren-study,examples,create,0,3,3
pt,a1,a1-hoeren-study,tip,create,0,2,2
pt,a1,a1-hoeren-study,important,create,0,1,2
ro,a1,a1-bitte,important,pad,1,2,3
ro,a1,a1-bitte-study,important,pad,1,2,3
ro,a1,a1-bringen,examples,shorten,4,3,3
ro,a1,a1-ein,comparison,shorten,6,4,4
ro,a1,a1-es,examples,shorten,6,4,4
ro,a1,a1-es,comparison,shorten,6,2,2
ro,a1,a1-finden,examples,shorten,4,3,3
ro,a1,a1-finden,comparison,shorten,4,1,1
ro,a1,a1-halten,important,pad,2,3,3
ro,a1,a1-hoch-study,tip,pad,1,2,2
ro,a1,a1-hoch-study,important,pad,1,2,3
ru,a1,a1-bitte,important,pad,1,2,3
ru,a1,a1-bitte-study,important,pad,1,2,3
ru,a1,a1-bringen,examples,shorten,4,3,3
ru,a1,a1-ein,comparison,shorten,6,4,4
ru,a1,a1-es,examples,shorten,6,4,4
ru,a1,a1-es,comparison,shorten,6,2,2
ru,a1,a1-finden,examples,shorten,4,3,3
ru,a1,a1-finden,comparison,shorten,4,1,1
ru,a1,a1-halten,important,pad,2,3,3
ru,a1,a1-hoch-study,tip,pad,1,2,2
ru,a1,a1-hoch-study,important,pad,1,2,3
sk,a1,a1-aber,examples,create,0,3,3
sk,a1,a1-aber,comparison,create,0,3,3
sk,a1,a1-aber,important,create,0,2,2
sk,a1,a1-bitte,important,pad,1,2,3
sk,a1,a1-bitte-study,important,pad,1,2,3
sk,a1,a1-bringen,examples,shorten,4,3,3
sk,a1,a1-ein,comparison,shorten,6,4,4
sk,a1,a1-erst,examples,create,0,4,4
sk,a1,a1-erst,comparison,create,0,4,4
sk,a1,a1-erst,important,create,0,2,2
sk,a1,a1-es,examples,shorten,6,4,4
sk,a1,a1-es,comparison,shorten,6,2,2
sk,a1,a1-finden,examples,shorten,4,3,3
sk,a1,a1-finden,comparison,shorten,4,1,1
sk,a1,a1-halten,important,pad,2,3,3
sk,a1,a1-hoch-study,tip,pad,1,2,2
sk,a1,a1-hoch-study,important,pad,1,2,3
sk,a1,a1-leise-study,examples,create,0,4,4
sk,a1,a1-leise-study,tip,create,0,1,2
sk,a1,a1-leise-study,important,create,0,1,2
sk,a1,a1-machen,examples,create,0,4,4
sk,a1,a1-machen,important,create,0,2,2
sk,a1,a1-mal,examples,create,0,4,4
sk,a1,a1-mal,important,create,0,3,3
sk,a1,a1-werden,examples,create,0,4,4
sk,a1,a1-werden,comparison,create,0,4,4
sk,a1,a1-werden,important,create,0,2,2
sk,a1,a1-wie,examples,create,0,6,6
sk,a1,a1-wie,tip,create,0,2,2
sk,a1,a1-wie,important,create,0,2,2
sk,a1,a1-zug,examples,create,0,4,4
sk,a1,a1-zug,comparison,create,0,4,4
sk,a1,a1-zug,important,create,0,2,2
sk,a1,a1-appetit,examples,create,0,3,3
sk,a1,a1-appetit,tip,create,0,1,2
sk,a1,a1-appetit,important,create,0,1,3
sl,a1,a1-sprechen-study,examples,create,0,3,3
sl,a1,a1-sprechen-study,tip,create,0,1,2
sl,a1,a1-sprechen-study,important,create,0,1,2
sl,a1,a1-klein-study,examples,create,0,3,3
sl,a1,a1-klein-study,tip,create,0,1,2
sl,a1,a1-klein-study,important,create,0,1,2
sl,a1,a1-an,examples,create,0,3,3
sl,a1,a1-an,comparison,create,0,3,3
sl,a1,a1-an,important,create,0,2,2
sl,a1,a1-ab,examples,create,0,4,4
sl,a1,a1-ab,comparison,create,0,3,3
sl,a1,a1-ab,important,create,0,2,2
sl,a1,a1-aber,examples,create,0,3,3
sl,a1,a1-aber,comparison,create,0,3,3
sl,a1,a1-aber,important,create,0,2,2
sl,a1,a1-auch-study,examples,create,0,3,3
sl,a1,a1-auch-study,tip,create,0,1,2
sl,a1,a1-auch-study,important,create,0,1,2
sl,a1,a1-aufs,examples,create,0,8,8
sl,a1,a1-aufs,comparison,create,0,5,5
sl,a1,a1-aufs,tip,create,0,2,2
sl,a1,a1-aufs,important,create,0,3,3
sl,a1,a1-bei,examples,create,0,3,3
sl,a1,a1-bei,comparison,create,0,3,3
sl,a1,a1-bei,important,create,0,2,2
sl,a1,a1-bitte,important,pad,1,2,3
sl,a1,a1-bitte-study,important,pad,1,2,3
sl,a1,a1-bleiben,examples,create,0,4,4
sl,a1,a1-bleiben,comparison,create,0,4,4
sl,a1,a1-bleiben,important,create,0,2,2
sl,a1,a1-bringen,examples,shorten,4,3,3
sl,a1,a1-da,examples,create,0,4,4
sl,a1,a1-da,comparison,create,0,4,4
sl,a1,a1-da,important,create,0,2,2
sl,a1,a1-das,examples,create,0,3,3
sl,a1,a1-das,comparison,create,0,3,3
sl,a1,a1-das,important,create,0,2,2
sl,a1,a1-ein,examples,create,0,3,4
sl,a1,a1-ein,comparison,create,0,4,4
sl,a1,a1-ein,important,create,0,2,3
sl,a1,a1-eis,examples,create,0,5,5
sl,a1,a1-eis,comparison,create,0,4,4
sl,a1,a1-eis,important,create,0,2,2
sl,a1,a1-erst,examples,create,0,4,4
sl,a1,a1-erst,comparison,create,0,4,4
sl,a1,a1-erst,important,create,0,2,2
sl,a1,a1-es,examples,shorten,6,4,4
sl,a1,a1-es,comparison,shorten,6,2,2
sl,a1,a1-finden,examples,shorten,4,3,3
sl,a1,a1-finden,comparison,shorten,4,1,1
sl,a1,a1-gleich,examples,create,0,6,6
sl,a1,a1-gleich,tip,create,0,2,2
sl,a1,a1-gleich,important,create,0,2,2
sl,a1,a1-halten,important,pad,2,3,3
sl,a1,a1-hoch-study,tip,pad,1,2,2
sl,a1,a1-hoch-study,important,pad,1,2,3
sl,a1,a1-ferien,examples,create,0,6,6
sl,a1,a1-ferien,tip,create,0,1,2
sl,a1,a1-ferien,important,create,0,1,3
sq,a1,a1-baden,examples,create,0,4,4
sq,a1,a1-baden,comparison,create,0,4,4
sq,a1,a1-baden,important,create,0,2,2
sq,a1,a1-besuch,examples,create,0,3,3
sq,a1,a1-besuch,comparison,create,0,3,3
sq,a1,a1-besuch,important,create,0,2,2
sq,a1,a1-besuchen,examples,create,0,3,3
sq,a1,a1-besuchen,comparison,create,0,3,3
sq,a1,a1-besuchen,important,create,0,2,2
sq,a1,a1-bitte,important,pad,1,2,3
sq,a1,a1-bitte-study,important,pad,1,2,3
sq,a1,a1-bringen,examples,shorten,4,3,3
sq,a1,a1-ein,comparison,shorten,6,4,4
sq,a1,a1-es,examples,shorten,6,4,4
sq,a1,a1-es,comparison,shorten,6,2,2
sq,a1,a1-finden,examples,shorten,4,3,3
sq,a1,a1-finden,comparison,shorten,4,1,1
sq,a1,a1-halten,important,pad,2,3,3
sq,a1,a1-hoch-study,tip,pad,1,2,2
sq,a1,a1-hoch-study,important,pad,1,2,3
sr,a1,a1-also,examples,create,0,3,3
sr,a1,a1-also,comparison,create,0,3,3
sr,a1,a1-also,important,create,0,2,2
sr,a1,a1-auch-study,examples,create,0,3,3
sr,a1,a1-auch-study,tip,create,0,1,2
sr,a1,a1-auch-study,important,create,0,1,2
sr,a1,a1-auf,examples,create,0,3,3
sr,a1,a1-auf,comparison,create,0,3,3
sr,a1,a1-auf,important,create,0,2,2
sr,a1,a1-aus,examples,create,0,3,3
sr,a1,a1-aus,comparison,create,0,3,3
sr,a1,a1-aus,important,create,0,2,2
sr,a1,a1-aufs,examples,create,0,8,8
sr,a1,a1-aufs,comparison,create,0,5,5
sr,a1,a1-aufs,tip,create,0,2,2
sr,a1,a1-aufs,important,create,0,4,4
sr,a1,a1-bitte,important,pad,1,2,3
sr,a1,a1-bitte-study,important,pad,1,2,3
sr,a1,a1-bringen,examples,shorten,4,3,3
sr,a1,a1-dass,examples,create,0,3,3
sr,a1,a1-dass,comparison,create,0,4,4
sr,a1,a1-dass,important,create,0,2,2
sr,a1,a1-der,examples,create,0,3,3
sr,a1,a1-der,important,create,0,2,2
sr,a1,a1-die,examples,create,0,3,3
sr,a1,a1-die,important,create,0,2,2
sr,a1,a1-ein,comparison,shorten,6,4,4
sr,a1,a1-es,examples,shorten,6,4,4
sr,a1,a1-es,comparison,shorten,6,2,2
sr,a1,a1-finden,examples,shorten,4,3,3
sr,a1,a1-finden,comparison,shorten,4,1,1
sr,a1,a1-halten,important,pad,2,3,3
sr,a1,a1-hoch-study,tip,pad,1,2,2
sr,a1,a1-hoch-study,important,pad,1,2,3
sr,a1,a1-morgen,examples,create,0,6,6
sr,a1,a1-morgen,tip,create,0,1,1
sr,a1,a1-morgen,important,create,0,1,2
sr,a1,a1-morgen-study,examples,create,0,6,6
sr,a1,a1-morgen-study,tip,create,0,1,1
sr,a1,a1-morgen-study,important,create,0,1,2
sr,a1,a1-oder,examples,create,0,4,4
sr,a1,a1-oder,comparison,create,0,4,4
sr,a1,a1-oder,important,create,0,2,2
sr,a1,a1-schwimmen,examples,create,0,4,4
sr,a1,a1-schwimmen,comparison,create,0,4,4
sr,a1,a1-schwimmen,important,create,0,2,2
sr,a1,a1-sehen,examples,create,0,4,4
sr,a1,a1-sehen,comparison,create,0,4,4
sr,a1,a1-sehen,important,create,0,2,2
sr,a1,a1-sein,examples,create,0,4,4
sr,a1,a1-sein,comparison,create,0,4,4
sr,a1,a1-sein,important,create,0,2,2
sr,a1,a1-seite,examples,create,0,6,6
sr,a1,a1-seite,tip,create,0,1,1
sr,a1,a1-seite,important,create,0,2,2
sr,a1,a1-sich,examples,create,0,4,4
sr,a1,a1-sich,comparison,create,0,4,4
sr,a1,a1-sich,important,create,0,2,2
sr,a1,a1-sicher,examples,create,0,6,6
sr,a1,a1-sicher,tip,create,0,1,1
sr,a1,a1-sicher,important,create,0,2,2
sr,a1,a1-sie-study,examples,create,0,6,6
sr,a1,a1-sie-study,tip,create,0,1,1
sr,a1,a1-sie-study,important,create,0,1,2
sr,a1,a1-sie-study-2,examples,create,0,6,6
sr,a1,a1-sie-study-2,tip,create,0,1,1
sr,a1,a1-sie-study-2,important,create,0,1,2
sr,a1,a1-sitzen,examples,create,0,4,4
sr,a1,a1-sitzen,comparison,create,0,4,4
sr,a1,a1-sitzen,important,create,0,2,2
sr,a1,a1-sollen,examples,create,0,4,4
sr,a1,a1-sollen,comparison,create,0,4,4
sr,a1,a1-sollen,important,create,0,2,2
sr,a1,a1-vom,examples,create,0,8,8
sr,a1,a1-vom,comparison,create,0,5,5
sr,a1,a1-vom,tip,create,0,2,2
sr,a1,a1-vom,important,create,0,4,4
sr,a1,a1-vor,examples,create,0,4,4
sr,a1,a1-vor,comparison,create,0,4,4
sr,a1,a1-vor,important,create,0,2,2
sr,a1,a1-was,examples,create,0,7,7
sr,a1,a1-was,tip,create,0,2,2
sr,a1,a1-was,important,create,0,3,3
sr,a1,a1-wenn,examples,create,0,4,4
sr,a1,a1-wenn,comparison,create,0,4,4
sr,a1,a1-wenn,important,create,0,2,2
sr,a1,a1-wer,examples,create,0,7,7
sr,a1,a1-wer,tip,create,0,2,2
sr,a1,a1-wer,important,create,0,3,3
sv,a1,a1-sprechen-study,examples,create,0,3,3
sv,a1,a1-sprechen-study,tip,create,0,1,1
sv,a1,a1-sprechen-study,important,create,0,1,2
sv,a1,a1-an,examples,create,0,3,3
sv,a1,a1-an,comparison,create,0,3,3
sv,a1,a1-an,important,create,0,2,2
sv,a1,a1-ab,examples,create,0,4,4
sv,a1,a1-ab,comparison,create,0,3,3
sv,a1,a1-ab,important,create,0,2,2
sv,a1,a1-aber,examples,create,0,3,3
sv,a1,a1-aber,comparison,create,0,3,3
sv,a1,a1-aber,important,create,0,2,2
sv,a1,a1-baden,examples,create,0,4,4
sv,a1,a1-baden,comparison,create,0,4,4
sv,a1,a1-baden,important,create,0,2,2
sv,a1,a1-bei,examples,create,0,3,3
sv,a1,a1-bei,comparison,create,0,3,3
sv,a1,a1-bei,important,create,0,2,2
sv,a1,a1-besuch,examples,create,0,3,3
sv,a1,a1-besuch,comparison,create,0,3,3
sv,a1,a1-besuch,important,create,0,2,2
sv,a1,a1-besuchen,examples,create,0,3,3
sv,a1,a1-besuchen,comparison,create,0,3,3
sv,a1,a1-besuchen,important,create,0,2,2
sv,a1,a1-bitte,important,pad,1,2,3
sv,a1,a1-bitte-study,important,pad,1,2,3
sv,a1,a1-bringen,examples,shorten,4,3,3
sv,a1,a1-das,examples,create,0,3,3
sv,a1,a1-das,comparison,create,0,3,3
sv,a1,a1-das,important,create,0,2,2
sv,a1,a1-dass,examples,create,0,3,3
sv,a1,a1-dass,comparison,create,0,4,4
sv,a1,a1-dass,important,create,0,2,2
sv,a1,a1-der,examples,create,0,3,3
sv,a1,a1-der,important,create,0,2,2
sv,a1,a1-die,examples,create,0,3,3
sv,a1,a1-die,important,create,0,2,2
sv,a1,a1-dieser,examples,create,0,3,3
sv,a1,a1-dieser,important,create,0,2,2
sv,a1,a1-ein,comparison,shorten,6,4,4
sv,a1,a1-erst,examples,create,0,4,4
sv,a1,a1-erst,comparison,create,0,4,4
sv,a1,a1-erst,important,create,0,2,2
sv,a1,a1-es,examples,shorten,6,4,4
sv,a1,a1-es,comparison,shorten,6,2,2
sv,a1,a1-finden,examples,shorten,4,3,3
sv,a1,a1-finden,comparison,shorten,4,1,1
sv,a1,a1-halten,important,pad,2,3,3
sv,a1,a1-hoch-study,examples,create,0,5,5
sv,a1,a1-hoch-study,tip,create,0,2,2
sv,a1,a1-hoch-study,important,create,0,2,3
sv,a1,a1-lassen,examples,create,0,4,4
sv,a1,a1-lassen,comparison,create,0,4,4
sv,a1,a1-lassen,important,create,0,2,2
sv,a1,a1-laufen,examples,create,0,4,4
sv,a1,a1-laufen,comparison,create,0,4,4
sv,a1,a1-laufen,important,create,0,2,2
sv,a1,a1-laut,examples,create,0,6,6
sv,a1,a1-laut,tip,create,0,1,1
sv,a1,a1-laut,important,create,0,1,4
sv,a1,a1-laut-study,examples,create,0,6,6
sv,a1,a1-laut-study,tip,create,0,1,1
sv,a1,a1-laut-study,important,create,0,1,4
sv,a1,a1-legen,examples,create,0,4,4
sv,a1,a1-legen,comparison,create,0,4,4
sv,a1,a1-legen,important,create,0,2,2
sv,a1,a1-stehen,examples,create,0,4,4
sv,a1,a1-stehen,comparison,create,0,4,4
sv,a1,a1-stehen,important,create,0,2,2
sv,a1,a1-über,examples,create,0,4,4
sv,a1,a1-über,comparison,create,0,4,4
sv,a1,a1-über,important,create,0,2,2
sv,a1,a1-um,examples,create,0,4,4
sv,a1,a1-um,comparison,create,0,4,4
sv,a1,a1-um,important,create,0,2,2
sv,a1,a1-unter,examples,create,0,4,4
sv,a1,a1-unter,comparison,create,0,4,4
sv,a1,a1-unter,important,create,0,2,2
sv,a1,a1-verstehen,examples,create,0,4,4
sv,a1,a1-verstehen,comparison,create,0,4,4
sv,a1,a1-verstehen,important,create,0,2,2
sv,a1,a1-vom,examples,create,0,8,8
sv,a1,a1-vom,comparison,create,0,5,5
sv,a1,a1-vom,tip,create,0,2,2
sv,a1,a1-vom,important,create,0,4,4
sv,a1,a1-vor,examples,create,0,4,4
sv,a1,a1-vor,comparison,create,0,4,4
sv,a1,a1-vor,important,create,0,2,2
sv,a1,a1-was,examples,create,0,7,7
sv,a1,a1-was,tip,create,0,2,2
sv,a1,a1-was,important,create,0,3,3
sv,a1,a1-wenn,examples,create,0,4,4
sv,a1,a1-wenn,comparison,create,0,4,4
sv,a1,a1-wenn,important,create,0,2,2
sv,a1,a1-wer,examples,create,0,7,7
sv,a1,a1-wer,tip,create,0,2,2
sv,a1,a1-wer,important,create,0,4,4
sv,a1,a1-fernsehen,examples,create,0,3,3
sv,a1,a1-fernsehen-study,examples,create,0,6,6
sv,a1,a1-fernsehen-study,tip,create,0,1,2
sv,a1,a1-fernsehen-study,important,create,0,1,3
tr,a1,a1-besuchen,examples,create,0,3,3
tr,a1,a1-besuchen,comparison,create,0,3,3
tr,a1,a1-besuchen,important,create,0,2,2
tr,a1,a1-bitte,important,pad,1,2,3
tr,a1,a1-bitte-study,important,pad,1,2,3
tr,a1,a1-bringen,examples,shorten,4,3,3
tr,a1,a1-das,examples,create,0,3,3
tr,a1,a1-das,comparison,create,0,3,3
tr,a1,a1-das,important,create,0,2,2
tr,a1,a1-dass,examples,create,0,3,3
tr,a1,a1-dass,comparison,create,0,4,4
tr,a1,a1-dass,important,create,0,2,2
tr,a1,a1-der,examples,create,0,3,3
tr,a1,a1-der,important,create,0,2,2
tr,a1,a1-die,examples,create,0,3,3
tr,a1,a1-die,important,create,0,2,2
tr,a1,a1-dieser,examples,create,0,3,3
tr,a1,a1-dieser,important,create,0,2,2
tr,a1,a1-ein,examples,create,0,3,4
tr,a1,a1-ein,comparison,create,0,4,4
tr,a1,a1-ein,important,create,0,2,4
tr,a1,a1-eis,examples,create,0,5,5
tr,a1,a1-eis,comparison,create,0,4,4
tr,a1,a1-eis,important,create,0,2,2
tr,a1,a1-erst,examples,create,0,4,4
tr,a1,a1-erst,comparison,create,0,4,4
tr,a1,a1-erst,important,create,0,2,2
tr,a1,a1-es,examples,create,0,4,4
tr,a1,a1-es,comparison,create,0,2,2
tr,a1,a1-es,important,create,0,2,3
tr,a1,a1-finden,examples,shorten,4,3,3
tr,a1,a1-finden,comparison,shorten,4,1,1
tr,a1,a1-halten,important,pad,2,3,3
tr,a1,a1-hoch-study,tip,pad,1,2,2
tr,a1,a1-hoch-study,important,pad,1,2,3
tr,a1,a1-sollen,examples,create,0,4,4
tr,a1,a1-sollen,comparison,create,0,4,4
tr,a1,a1-sollen,important,create,0,2,2
tr,a1,a1-zum,examples,create,0,8,8
tr,a1,a1-zum,comparison,create,0,5,5
tr,a1,a1-zum,tip,create,0,2,2
tr,a1,a1-zum,important,create,0,4,4
tr,a1,a1-fernsehen,examples,create,0,3,3
tr,a1,a1-fernsehen-study,examples,create,0,6,6
tr,a1,a1-fernsehen-study,tip,create,0,1,2
tr,a1,a1-fernsehen-study,important,create,0,1,4
tr,a1,a1-appetit,examples,create,0,3,3
tr,a1,a1-appetit,tip,create,0,1,2
tr,a1,a1-appetit,important,create,0,1,4
tr,a1,a1-essen,examples,create,0,6,6
tr,a1,a1-essen,tip,create,0,1,2
tr,a1,a1-essen,important,create,0,1,4
uk,a1,a1-bitte,important,pad,1,2,3
uk,a1,a1-bitte-study,important,pad,1,2,3
uk,a1,a1-bringen,examples,shorten,4,3,3
uk,a1,a1-ein,comparison,shorten,6,4,4
uk,a1,a1-es,examples,shorten,6,4,4
uk,a1,a1-es,comparison,shorten,6,2,2
uk,a1,a1-finden,examples,shorten,4,3,3
uk,a1,a1-finden,comparison,shorten,4,1,1
uk,a1,a1-halten,important,pad,2,3,3
uk,a1,a1-hoch-study,tip,pad,1,2,2
uk,a1,a1-hoch-study,important,pad,1,2,3
uk,a1,a1-ihr,examples,create,0,6,6
uk,a1,a1-ihr,tip,create,0,2,2
uk,a1,a1-ihr,important,create,0,3,3
bg,a2,a2-ueber,tip,shorten,3,2,2
bs,a2,a2-ueber,tip,shorten,3,2,2
cs,a2,a2-kurz,tip,pad,1,2,2
cs,a2,a2-ueber,tip,shorten,3,2,2
da,a2,a2-ab-und-zu,important,pad,1,2,2
da,a2,a2-abholen,tip,pad,1,2,2
da,a2,a2-holen,tip,pad,1,2,2
da,a2,a2-eng,important,pad,1,2,2
da,a2,a2-hängen,tip,pad,1,2,2
da,a2,a2-hängen,important,pad,1,2,2
da,a2,a2-hart,important,pad,1,2,2
da,a2,a2-indem,tip,pad,1,2,3
da,a2,a2-indem,important,pad,1,2,2
da,a2,a2-je,tip,pad,1,2,2
da,a2,a2-je,important,pad,1,2,2
da,a2,a2-kaum,tip,pad,1,2,2
da,a2,a2-kaum,important,pad,1,3,4
da,a2,a2-kurz,tip,pad,1,2,2
da,a2,a2-kurz,important,pad,1,2,2
da,a2,a2-lage,tip,pad,1,2,2
da,a2,a2-lage,important,pad,1,2,2
da,a2,a2-leiden,tip,pad,1,2,2
da,a2,a2-leiden,important,pad,1,2,2
da,a2,a2-merken,tip,pad,1,2,2
da,a2,a2-merken,important,pad,1,2,2
da,a2,a2-mittel,tip,pad,1,2,2
da,a2,a2-mittel,important,pad,1,2,2
da,a2,a2-nagel,important,pad,1,2,2
da,a2,a2-nutzen,tip,pad,1,2,2
da,a2,a2-nutzen,important,pad,1,2,2
da,a2,a2-offen,tip,pad,1,2,2
da,a2,a2-offen,important,pad,1,2,2
da,a2,a2-passieren,tip,pad,1,2,2
da,a2,a2-passieren,important,pad,1,2,2
da,a2,a2-rad,tip,pad,1,2,2
da,a2,a2-rad,important,pad,1,2,2
da,a2,a2-raten,tip,pad,1,2,2
da,a2,a2-raten,important,pad,1,2,2
da,a2,a2-rechnen,tip,pad,1,2,2
da,a2,a2-rechnen,important,pad,1,2,2
da,a2,a2-reichen,tip,pad,1,2,2
da,a2,a2-reichen,important,pad,1,2,2
da,a2,a2-riechen,tip,pad,1,2,2
da,a2,a2-riechen,important,pad,1,2,2
da,a2,a2-sammeln,tip,pad,1,2,2
da,a2,a2-sammeln,important,pad,1,2,2
da,a2,a2-scharf,tip,pad,1,2,2
da,a2,a2-scharf,important,pad,1,2,2
da,a2,a2-schwer,important,pad,1,2,2
da,a2,a2-setzen,tip,pad,1,2,2
da,a2,a2-toll,important,pad,1,2,2
da,a2,a2-weit,important,pad,1,2,2
da,a2,a2-hoeren,tip,pad,1,2,2
da,a2,a2-ueber,tip,pad,1,2,2
da,a2,a2-gleich,tip,pad,1,2,2
en,a2,a2-ab-und-zu,important,pad,1,2,2
en,a2,a2-abholen,tip,pad,1,2,2
en,a2,a2-holen,tip,pad,1,2,2
en,a2,a2-eng,important,pad,1,2,2
en,a2,a2-hängen,tip,pad,1,2,2
en,a2,a2-hängen,important,pad,1,2,2
en,a2,a2-hart,important,pad,1,2,2
en,a2,a2-indem,tip,pad,1,2,3
en,a2,a2-indem,important,pad,1,2,2
en,a2,a2-je,tip,pad,1,2,2
en,a2,a2-je,important,pad,1,2,2
en,a2,a2-kaum,tip,pad,1,2,2
en,a2,a2-kaum,important,pad,1,3,4
en,a2,a2-kurz,tip,pad,1,2,2
en,a2,a2-kurz,important,pad,1,2,2
en,a2,a2-lage,tip,pad,1,2,2
en,a2,a2-lage,important,pad,1,2,2
en,a2,a2-leiden,tip,pad,1,2,2
en,a2,a2-leiden,important,pad,1,2,2
en,a2,a2-merken,tip,pad,1,2,2
en,a2,a2-merken,important,pad,1,2,2
en,a2,a2-mittel,tip,pad,1,2,2
en,a2,a2-mittel,important,pad,1,2,2
en,a2,a2-nagel,important,pad,1,2,2
en,a2,a2-nutzen,tip,pad,1,2,2
en,a2,a2-nutzen,important,pad,1,2,2
en,a2,a2-offen,tip,pad,1,2,2
en,a2,a2-offen,important,pad,1,2,2
en,a2,a2-passieren,tip,pad,1,2,2
en,a2,a2-passieren,important,pad,1,2,2
en,a2,a2-rad,tip,pad,1,2,2
en,a2,a2-rad,important,pad,1,2,2
en,a2,a2-raten,tip,pad,1,2,2
en,a2,a2-raten,important,pad,1,2,2
en,a2,a2-rechnen,tip,pad,1,2,2
en,a2,a2-rechnen,important,pad,1,2,2
en,a2,a2-reichen,tip,pad,1,2,2
en,a2,a2-reichen,important,pad,1,2,2
en,a2,a2-riechen,tip,pad,1,2,2
en,a2,a2-riechen,important,pad,1,2,2
en,a2,a2-sammeln,tip,pad,1,2,2
en,a2,a2-sammeln,important,pad,1,2,2
en,a2,a2-scharf,tip,pad,1,2,2
en,a2,a2-scharf,important,pad,1,2,2
en,a2,a2-schwer,important,pad,1,2,2
en,a2,a2-setzen,tip,pad,1,2,2
en,a2,a2-toll,important,pad,1,2,2
en,a2,a2-weit,important,pad,1,2,2
en,a2,a2-hoeren,tip,pad,1,2,2
en,a2,a2-ueber,tip,pad,1,2,2
en,a2,a2-gleich,tip,pad,1,2,2
es,a2,a2-ab-und-zu,important,pad,1,2,2
es,a2,a2-abholen,tip,pad,1,2,2
es,a2,a2-holen,tip,pad,1,2,2
es,a2,a2-eng,important,pad,1,2,2
es,a2,a2-hängen,tip,pad,1,2,2
es,a2,a2-hängen,important,pad,1,2,2
es,a2,a2-hart,important,pad,1,2,2
es,a2,a2-indem,tip,pad,1,2,3
es,a2,a2-indem,important,pad,1,2,2
es,a2,a2-je,tip,pad,1,2,2
es,a2,a2-je,important,pad,1,2,2
es,a2,a2-kaum,tip,pad,1,2,2
es,a2,a2-kaum,important,pad,1,3,4
es,a2,a2-kurz,tip,pad,1,2,2
es,a2,a2-kurz,important,pad,1,2,2
es,a2,a2-lage,tip,pad,1,2,2
es,a2,a2-lage,important,pad,1,2,2
es,a2,a2-leiden,tip,pad,1,2,2
es,a2,a2-leiden,important,pad,1,2,2
es,a2,a2-merken,tip,pad,1,2,2
es,a2,a2-merken,important,pad,1,2,2
es,a2,a2-mittel,tip,pad,1,2,2
es,a2,a2-mittel,important,pad,1,2,2
es,a2,a2-nagel,important,pad,1,2,2
es,a2,a2-nutzen,tip,pad,1,2,2
es,a2,a2-nutzen,important,pad,1,2,2
es,a2,a2-offen,tip,pad,1,2,2
es,a2,a2-offen,important,pad,1,2,2
es,a2,a2-passieren,tip,pad,1,2,2
es,a2,a2-passieren,important,pad,1,2,2
es,a2,a2-rad,tip,pad,1,2,2
es,a2,a2-rad,important,pad,1,2,2
es,a2,a2-raten,tip,pad,1,2,2
es,a2,a2-raten,important,pad,1,2,2
es,a2,a2-rechnen,tip,pad,1,2,2
es,a2,a2-rechnen,important,pad,1,2,2
es,a2,a2-reichen,tip,pad,1,2,2
es,a2,a2-reichen,important,pad,1,2,2
es,a2,a2-riechen,tip,pad,1,2,2
es,a2,a2-riechen,important,pad,1,2,2
es,a2,a2-sammeln,tip,pad,1,2,2
es,a2,a2-sammeln,important,pad,1,2,2
es,a2,a2-scharf,tip,pad,1,2,2
es,a2,a2-scharf,important,pad,1,2,2
es,a2,a2-schwer,important,pad,1,2,2
es,a2,a2-setzen,tip,pad,1,2,2
es,a2,a2-toll,important,pad,1,2,2
es,a2,a2-weit,important,pad,1,2,2
es,a2,a2-hoeren,tip,pad,1,2,2
es,a2,a2-ueber,tip,pad,1,2,2
es,a2,a2-gleich,tip,pad,1,2,2
et,a2,a2-ueber,tip,shorten,3,2,2
fi,a2,a2-ueber,tip,shorten,3,2,2
fr,a2,a2-ab-und-zu,important,pad,1,2,2
fr,a2,a2-abholen,tip,pad,1,2,2
fr,a2,a2-holen,tip,pad,1,2,2
fr,a2,a2-eng,important,pad,1,2,2
fr,a2,a2-hängen,tip,pad,1,2,2
fr,a2,a2-hängen,important,pad,1,2,2
fr,a2,a2-hart,important,pad,1,2,2
fr,a2,a2-indem,tip,pad,1,2,3
fr,a2,a2-indem,important,pad,1,2,2
fr,a2,a2-je,tip,pad,1,2,2
fr,a2,a2-je,important,pad,1,2,2
fr,a2,a2-kaum,tip,pad,1,2,2
fr,a2,a2-kaum,important,pad,1,3,4
fr,a2,a2-kurz,tip,pad,1,2,2
fr,a2,a2-kurz,important,pad,1,2,2
fr,a2,a2-lage,tip,pad,1,2,2
fr,a2,a2-lage,important,pad,1,2,2
fr,a2,a2-leiden,tip,pad,1,2,2
fr,a2,a2-leiden,important,pad,1,2,2
fr,a2,a2-merken,tip,pad,1,2,2
fr,a2,a2-merken,important,pad,1,2,2
fr,a2,a2-mittel,tip,pad,1,2,2
fr,a2,a2-mittel,important,pad,1,2,2
fr,a2,a2-nagel,important,pad,1,2,2
fr,a2,a2-nutzen,tip,pad,1,2,2
fr,a2,a2-nutzen,important,pad,1,2,2
fr,a2,a2-offen,tip,pad,1,2,2
fr,a2,a2-offen,important,pad,1,2,2
fr,a2,a2-passieren,tip,pad,1,2,2
fr,a2,a2-passieren,important,pad,1,2,2
fr,a2,a2-rad,tip,pad,1,2,2
fr,a2,a2-rad,important,pad,1,2,2
fr,a2,a2-raten,tip,pad,1,2,2
fr,a2,a2-raten,important,pad,1,2,2
fr,a2,a2-rechnen,tip,pad,1,2,2
fr,a2,a2-rechnen,important,pad,1,2,2
fr,a2,a2-reichen,tip,pad,1,2,2
fr,a2,a2-reichen,important,pad,1,2,2
fr,a2,a2-riechen,tip,pad,1,2,2
fr,a2,a2-riechen,important,pad,1,2,2
fr,a2,a2-sammeln,tip,pad,1,2,2
fr,a2,a2-sammeln,important,pad,1,2,2
fr,a2,a2-scharf,tip,pad,1,2,2
fr,a2,a2-scharf,important,pad,1,2,2
fr,a2,a2-schwer,important,pad,1,2,2
fr,a2,a2-setzen,tip,pad,1,2,2
fr,a2,a2-toll,important,pad,1,2,2
fr,a2,a2-weit,important,pad,1,2,2
fr,a2,a2-hoeren,tip,pad,1,2,2
fr,a2,a2-ueber,tip,pad,1,2,2
fr,a2,a2-gleich,tip,pad,1,2,2
gr,a2,a2-ueber,tip,shorten,3,2,2
hr,a2,a2-ueber,tip,shorten,3,2,2
hu,a2,a2-ueber,tip,shorten,3,2,2
is,a2,a2-ueber,tip,shorten,3,2,2
it,a2,a2-ueber,tip,shorten,3,2,2
lb,a2,a2-ueber,tip,shorten,3,2,2
lt,a2,a2-ueber,tip,shorten,3,2,2
mk,a2,a2-ueber,tip,shorten,3,2,2
nb,a2,a2-ueber,tip,shorten,3,2,2
nl,a2,a2-ueber,tip,shorten,3,2,2
nn,a2,a2-ueber,tip,shorten,3,2,2
pl,a2,a2-ueber,tip,shorten,3,2,2
pt,a2,a2-ueber,tip,shorten,3,2,2
ro,a2,a2-ueber,tip,shorten,3,2,2
ru,a2,a2-ueber,tip,shorten,3,2,2
sk,a2,a2-ueber,tip,shorten,3,2,2
sl,a2,a2-ueber,tip,shorten,3,2,2
sq,a2,a2-ueber,tip,shorten,3,2,2
sr,a2,a2-ueber,tip,shorten,3,2,2
sv,a2,a2-ueber,tip,shorten,3,2,2
tr,a2,a2-ueber,tip,shorten,3,2,2
uk,a2,a2-ueber,tip,shorten,3,2,2
da,b1,b1-ganztaegig,important,pad,1,2,2
da,b1,b1-hort,important,pad,1,2,2
da,b1,b1-juenger,important,pad,1,2,2
da,b1,b1-kader,important,pad,1,2,2
da,b1,b1-schaden,tip,pad,1,2,2
da,b1,b1-trotz,tip,pad,1,2,2
en,b1,b1-ganztaegig,important,pad,1,2,2
en,b1,b1-hort,important,pad,1,2,2
en,b1,b1-juenger,important,pad,1,2,2
en,b1,b1-kader,important,pad,1,2,2
en,b1,b1-schaden,tip,pad,1,2,2
en,b1,b1-trotz,tip,pad,1,2,2
es,b1,b1-ganztaegig,important,pad,1,2,2
es,b1,b1-hort,important,pad,1,2,2
es,b1,b1-juenger,important,pad,1,2,2
es,b1,b1-kader,important,pad,1,2,2
es,b1,b1-schaden,tip,pad,1,2,2
es,b1,b1-trotz,tip,pad,1,2,2
fr,b1,b1-ganztaegig,important,pad,1,2,2
fr,b1,b1-hort,important,pad,1,2,2
fr,b1,b1-juenger,important,pad,1,2,2
fr,b1,b1-kader,important,pad,1,2,2
fr,b1,b1-schaden,tip,pad,1,2,2
fr,b1,b1-trotz,tip,pad,1,2,2
da,b2,b2-sofern,important,pad,1,2,2
da,b2,b2-wechseln,tip,pad,1,2,2
da,b2,b2-bieten,tip,pad,1,2,2
da,b2,b2-fordern,tip,pad,1,2,2
da,b2,b2-foerdern,tip,pad,1,2,2
en,b2,b2-sofern,important,pad,1,2,2
en,b2,b2-wechseln,tip,pad,1,2,2
en,b2,b2-bieten,tip,pad,1,2,2
en,b2,b2-fordern,tip,pad,1,2,2
en,b2,b2-foerdern,tip,pad,1,2,2
es,b2,b2-sofern,important,pad,1,2,2
es,b2,b2-wechseln,tip,pad,1,2,2
es,b2,b2-bieten,tip,pad,1,2,2
es,b2,b2-fordern,tip,pad,1,2,2
es,b2,b2-foerdern,tip,pad,1,2,2
fr,b2,b2-sofern,important,pad,1,2,2
fr,b2,b2-wechseln,tip,pad,1,2,2
fr,b2,b2-bieten,tip,pad,1,2,2
fr,b2,b2-fordern,tip,pad,1,2,2
fr,b2,b2-foerdern,tip,pad,1,2,2
da,c1,c1-zuschlag,important,pad,1,2,2
da,c1,c1-beabsichtigen,tip,pad,1,2,2
en,c1,c1-zuschlag,important,pad,1,2,2
en,c1,c1-beabsichtigen,tip,pad,1,2,2
es,c1,c1-zuschlag,important,pad,1,2,2
es,c1,c1-beabsichtigen,tip,pad,1,2,2
fr,c1,c1-zuschlag,important,pad,1,2,2
fr,c1,c1-beabsichtigen,tip,pad,1,2,2
