language,level,card,array,accent
cs,a1,a1-schauen-study,comparison,2
en,a1,a1-sprechen-study,comparison,2
en,a1,a1-ganz-study,examples,4
en,a1,a1-ganz-study,comparison,2
en,a1,a1-ganz-study,tip,2
en,a1,a1-ganz-study,important,2
et,a1,a1-euch,examples,5
et,a1,a1-euch,comparison,3
et,a1,a1-liter,examples,2
et,a1,a1-liter,comparison,3
fi,a1,a1-liter,examples,2
fi,a1,a1-liter,comparison,3
fr,a1,a1-ferien,comparison,2
fr,a1,a1-urlaub,comparison,2
is,a1,a1-liter,examples,2
is,a1,a1-liter,comparison,3
is,a1,a1-essen-study,comparison,0
is,a1,a1-gemuese,comparison,0
is,a1,a1-ferien,comparison,2
is,a1,a1-urlaub,comparison,2
lb,a1,a1-fernsehen,comparison,3
nb,a1,a1-liter,examples,2
nb,a1,a1-liter,comparison,3
nn,a1,a1-liter,examples,2
nn,a1,a1-liter,comparison,3
sv,a1,a1-liter,examples,2
sv,a1,a1-liter,comparison,3
et,c1,c1-einfamilienhaus,examples,3
et,c1,c1-einfamilienhaus,comparison,3
et,c1,c1-offentlichkeit,examples,3
et,c1,c1-offentlichkeit,comparison,3
et,c1,c1-partei,examples,3
et,c1,c1-partei,comparison,3
et,c1,c1-prozess,examples,3
et,c1,c1-prozess,comparison,3
et,c1,c1-wahl,examples,6
et,c1,c1-wahl,comparison,3
et,c2,c2-gewichtseinheit,examples,3
et,c2,c2-gewichtseinheit,comparison,3
