lang,pilot_tested,words_found,sources_tested,sources_with_all_six,language_status,problem_reason,evidence,inventory_type,inventory_match
bg,jā,2,1,0,PARTIAL 2/6,faila piezīme: arbeiten possible substring match,origin/cursor/pdf-bilingual-fr-bg-bs-audit-only-17f5@30a69b797cdfc2a2691810085452284cc1562d4a PR #849 reports/g2-a1-production-current/pdf-bilingual-dictionary-bg-bs-fr-pilot-verify/pdf-bilingual-dictionary-bg-bs-fr-pilot-verify.json,B,neatbilst
bs,jā,0,1,0,NONE_FOUND,No digitized DE↔BS dictionary — pilot not runnable,origin/cursor/pdf-bilingual-fr-bg-bs-audit-only-17f5@30a69b797cdfc2a2691810085452284cc1562d4a PR #849 reports/g2-a1-production-current/pdf-bilingual-dictionary-bg-bs-fr-pilot-verify/pdf-bilingual-dictionary-bg-bs-fr-pilot-verify.json,B,neatbilst
cs,jā,6,6,1,ALL_SIX_FOUND,,origin/cursor/pdf-bilingual-bg-bs-fr-pilot-17f5@28fbc9fa8175603867bf1b86f97cdb575c311d40 PR #844 reports/g2-a1-production-current/pdf-bilingual-dictionary-cs-sk-uk-pilot/pdf-bilingual-dictionary-cs-sk-uk-modern-sources.json,B,neatbilst
da,nē,,,,NOT_TESTED,,,B,atbilst
en,nē,,,,NOT_TESTED,,,B,atbilst
es,nē,,,,NOT_TESTED,,,B,atbilst
et,jā,,1,0,PROBLEMATIC,"nav sešu vārdu pilna protokola; nav rindas: Haus, arbeiten; ir: Kleingeld FOUND (digar-saksa-eesti-valgus-1976 p.465); bewirten FOUND (digar-saksa-eesti-valgus-1976 p.144); Grenzkonflikt NOT_FOUND (digar-saksa-eesti-valgus-1976); Machtgier FOUND (digar-saksa-eesti-valgus-1976 p.537)",origin/cursor/pdf-bilingual-bg-bs-fr-pilot-17f5@28fbc9fa8175603867bf1b86f97cdb575c311d40 PR #844 reports/g2-a1-production-current/german-target-dictionary-de-et-used-sources/german-target-dictionary-de-et-used-sources-verification.json,B,neatbilst
fi,nē,,,,NOT_TESTED,,,B,atbilst
fr,jā,3,2,0,PARTIAL 3/6,,origin/cursor/pdf-bilingual-fr-bg-bs-audit-only-17f5@30a69b797cdfc2a2691810085452284cc1562d4a PR #849 reports/g2-a1-production-current/pdf-bilingual-dictionary-bg-bs-fr-pilot-verify/pdf-bilingual-dictionary-bg-bs-fr-pilot-verify.json,B,neatbilst
gr,nē,,,,NOT_TESTED,,,B,atbilst
hr,jā,3,3,0,PARTIAL 3/6,,origin/cursor/pdf-bilingual-hr-hu-is-audit-only-17f5@606e56e13586910d2fe427226f8d664ec06ec835 PR #848 reports/g2-a1-production-current/pdf-bilingual-dictionary-hr-hu-is-pilot-verify/pdf-bilingual-dictionary-hr-hu-is-pilot-verify.json,B,neatbilst
hu,jā,4,4,0,PARTIAL 4/6,,origin/cursor/pdf-bilingual-hr-hu-is-audit-only-17f5@606e56e13586910d2fe427226f8d664ec06ec835 PR #848 reports/g2-a1-production-current/pdf-bilingual-dictionary-hr-hu-is-pilot-verify/pdf-bilingual-dictionary-hr-hu-is-pilot-verify.json,B,neatbilst
is,jā,,,,PROBLEMATIC,No open OCR/PDF/ HTML dictionary text for IS↔DE in this run (LEXÍA requires browser session),origin/cursor/pdf-bilingual-hr-hu-is-audit-only-17f5@606e56e13586910d2fe427226f8d664ec06ec835 PR #848 reports/g2-a1-production-current/pdf-bilingual-dictionary-hr-hu-is-pilot-verify/pdf-bilingual-dictionary-hr-hu-is-pilot-verify.json,B,neatbilst
it,jā,4,3,0,PARTIAL 4/6,faila statuss READY; sešu skaits no found karogiem,origin/cursor/pdf-bilingual-it-mk-nl-audit-only-17f5@5a373c9a0472f107e4d27865f6ff319ebaafe6eb PR #847 reports/g2-a1-production-current/pdf-bilingual-dictionary-it-mk-nl-pilot-verify/pdf-bilingual-dictionary-it-mk-nl-pilot-verify.json,B,neatbilst
lb,nē,,,,NOT_TESTED,"sešu vārdu pilots nav; cits lemmas komplekts rescan: Haus, abholen, Route, Getriebe",,B,atbilst
lt,jā,4,4,0,PARTIAL 4/6,,origin/cursor/g2-a1-lt-pl-uk-audit-only-17f5@4b809f552aab077c2b820138a326518d196805fb PR #850 reports/g2-a1-production-current/pdf-bilingual-dictionary-lv-lt-pl-pilot/pdf-bilingual-dictionary-lv-lt-pl-pilot-verification.json | origin/cursor/g2-a1-lt-pl-uk-audit-only-17f5@4b809f552aab077c2b820138a326518d196805fb PR #850 reports/g2-a1-production-current/lt-de-pilot-ekalba-lki-zodynas/lt-de-pilot-ekalba-lki-zodynas-verification.json,B,neatbilst
mk,jā,0,1,0,PROBLEMATIC,No open DE↔MK PDF/OCR; web UI does not expose pilot lemmas for word-boundary grep,origin/cursor/pdf-bilingual-it-mk-nl-audit-only-17f5@5a373c9a0472f107e4d27865f6ff319ebaafe6eb PR #847 reports/g2-a1-production-current/pdf-bilingual-dictionary-it-mk-nl-pilot-verify/pdf-bilingual-dictionary-it-mk-nl-pilot-verify.json,B,neatbilst
nb,nē,,,,NOT_TESTED,,,B,atbilst
nl,jā,2,1,0,PARTIAL 2/6,faila piezīme kleinGeldVariant; Kleingeld found karogs netiek mainīts,origin/cursor/pdf-bilingual-it-mk-nl-audit-only-17f5@5a373c9a0472f107e4d27865f6ff319ebaafe6eb PR #847 reports/g2-a1-production-current/pdf-bilingual-dictionary-it-mk-nl-pilot-verify/pdf-bilingual-dictionary-it-mk-nl-pilot-verify.json,B,neatbilst
nn,jā,4,4,0,PARTIAL 4/6,,origin/cursor/pdf-bilingual-nn-pt-ro-audit-only-17f5@47a87e4bc429e67c60efeb2dfc2ac2ee5d51cd8a PR #851 reports/g2-a1-production-current/pdf-bilingual-dictionary-nn-pt-ro-pilot-verify/pdf-bilingual-dictionary-nn-pt-ro-pilot-verify.json,A,atbilst
pl,jā,5,3,0,PARTIAL 5/6,,origin/cursor/g2-a1-lt-pl-uk-audit-only-17f5@4b809f552aab077c2b820138a326518d196805fb PR #850 reports/g2-a1-production-current/pdf-bilingual-dictionary-lv-lt-pl-pilot/pdf-bilingual-dictionary-lv-lt-pl-pilot-verification.json | origin/cursor/g2-a1-lt-pl-uk-audit-only-17f5@4b809f552aab077c2b820138a326518d196805fb PR #850 reports/g2-a1-production-current/pdf-bilingual-dictionary-lv-lt-pl-pilot/pdf-bilingual-dictionary-lv-lt-pl-modern-sources.json,B,neatbilst
pt,jā,3,2,0,PARTIAL 3/6,,origin/cursor/pdf-bilingual-nn-pt-ro-audit-only-17f5@47a87e4bc429e67c60efeb2dfc2ac2ee5d51cd8a PR #851 reports/g2-a1-production-current/pdf-bilingual-dictionary-nn-pt-ro-pilot-verify/pdf-bilingual-dictionary-nn-pt-ro-pilot-verify.json,A,atbilst
ro,jā,4,2,0,PARTIAL 4/6,,origin/cursor/pdf-bilingual-nn-pt-ro-audit-only-17f5@47a87e4bc429e67c60efeb2dfc2ac2ee5d51cd8a PR #851 reports/g2-a1-production-current/pdf-bilingual-dictionary-nn-pt-ro-pilot-verify/pdf-bilingual-dictionary-nn-pt-ro-pilot-verify.json,A,atbilst
ru,nē,,,,NOT_TESTED,,,B,atbilst
sk,jā,4,4,0,PARTIAL 4/6,,origin/cursor/pdf-bilingual-bg-bs-fr-pilot-17f5@28fbc9fa8175603867bf1b86f97cdb575c311d40 PR #844 reports/g2-a1-production-current/pdf-bilingual-dictionary-cs-sk-uk-pilot/pdf-bilingual-dictionary-cs-sk-uk-modern-sources.json,B,neatbilst
sl,jā,2,6,0,PARTIAL 2/6,,origin/cursor/pdf-bilingual-sl-sq-sr-sv-discovery-17f5@a5a289bedac21ece41fef7df9270e67d8215a714 PR #853 reports/g2-a1-production-current/pdf-bilingual-dictionary-sl-sq-sr-sv-pilot-verify/pdf-bilingual-dictionary-sl-sq-sr-sv-pilot-verify.json | origin/cursor/pdf-bilingual-sl-sq-sr-sv-discovery-17f5@a5a289bedac21ece41fef7df9270e67d8215a714 PR #853 reports/g2-a1-production-current/pdf-bilingual-dictionary-sl-murko-dlib-pilot/pdf-bilingual-dictionary-sl-murko-dlib-pilot.json,B,neatbilst
sq,jā,2,2,0,PARTIAL 2/6,,origin/cursor/pdf-bilingual-sl-sq-sr-sv-discovery-17f5@a5a289bedac21ece41fef7df9270e67d8215a714 PR #853 reports/g2-a1-production-current/pdf-bilingual-dictionary-sl-sq-sr-sv-pilot-verify/pdf-bilingual-dictionary-sl-sq-sr-sv-pilot-verify.json,B,neatbilst
sr,jā,2,1,0,PARTIAL 2/6,,origin/cursor/pdf-bilingual-sl-sq-sr-sv-discovery-17f5@a5a289bedac21ece41fef7df9270e67d8215a714 PR #853 reports/g2-a1-production-current/pdf-bilingual-dictionary-sl-sq-sr-sv-pilot-verify/pdf-bilingual-dictionary-sl-sq-sr-sv-pilot-verify.json,B,neatbilst
sv,jā,2,2,0,PARTIAL 2/6,,origin/cursor/pdf-bilingual-sl-sq-sr-sv-discovery-17f5@a5a289bedac21ece41fef7df9270e67d8215a714 PR #853 reports/g2-a1-production-current/pdf-bilingual-dictionary-sl-sq-sr-sv-pilot-verify/pdf-bilingual-dictionary-sl-sq-sr-sv-pilot-verify.json,B,neatbilst
tr,nē,,,,NOT_TESTED,,,B,atbilst
uk,jā,4,5,0,PARTIAL 4/6,,origin/cursor/g2-a1-lt-pl-uk-audit-only-17f5@4b809f552aab077c2b820138a326518d196805fb PR #850 reports/g2-a1-production-current/card-translation-uk-bilingual-sources/uk-bilingual-source-pilot-verification.json | origin/cursor/pdf-bilingual-bg-bs-fr-pilot-17f5@28fbc9fa8175603867bf1b86f97cdb575c311d40 PR #844 reports/g2-a1-production-current/pdf-bilingual-dictionary-cs-sk-uk-pilot/pdf-bilingual-dictionary-cs-sk-uk-modern-sources.json,B,neatbilst
