lang,source_id,kind,url,direction,lemma,result,entry_ref,aggregate,file,ref,commit,pr
nn,ia-bsb-helms-dano-nor-de-11752747,archive.org,https://archive.org/download/11752747bsb/11752747bsb_djvu.txt,de→x,Haus,FOUND,,,reports/g2-a1-production-current/pdf-bilingual-dictionary-nn-pt-ro-pilot-verify/pdf-bilingual-dictionary-nn-pt-ro-pilot-verify.json,origin/cursor/pdf-bilingual-nn-pt-ro-audit-only-17f5,47a87e4bc429e67c60efeb2dfc2ac2ee5d51cd8a,851
nn,ia-bsb-helms-dano-nor-de-11752747,archive.org,https://archive.org/download/11752747bsb/11752747bsb_djvu.txt,de→x,arbeiten,FOUND,,,reports/g2-a1-production-current/pdf-bilingual-dictionary-nn-pt-ro-pilot-verify/pdf-bilingual-dictionary-nn-pt-ro-pilot-verify.json,origin/cursor/pdf-bilingual-nn-pt-ro-audit-only-17f5,47a87e4bc429e67c60efeb2dfc2ac2ee5d51cd8a,851
nn,ia-bsb-helms-dano-nor-de-11752747,archive.org,https://archive.org/download/11752747bsb/11752747bsb_djvu.txt,de→x,Kleingeld,FOUND,,,reports/g2-a1-production-current/pdf-bilingual-dictionary-nn-pt-ro-pilot-verify/pdf-bilingual-dictionary-nn-pt-ro-pilot-verify.json,origin/cursor/pdf-bilingual-nn-pt-ro-audit-only-17f5,47a87e4bc429e67c60efeb2dfc2ac2ee5d51cd8a,851
nn,ia-bsb-helms-dano-nor-de-11752747,archive.org,https://archive.org/download/11752747bsb/11752747bsb_djvu.txt,de→x,bewirten,FOUND,,,reports/g2-a1-production-current/pdf-bilingual-dictionary-nn-pt-ro-pilot-verify/pdf-bilingual-dictionary-nn-pt-ro-pilot-verify.json,origin/cursor/pdf-bilingual-nn-pt-ro-audit-only-17f5,47a87e4bc429e67c60efeb2dfc2ac2ee5d51cd8a,851
nn,ia-bsb-helms-dano-nor-de-11752747,archive.org,https://archive.org/download/11752747bsb/11752747bsb_djvu.txt,de→x,Grenzkonflikt,NOT_FOUND,,,reports/g2-a1-production-current/pdf-bilingual-dictionary-nn-pt-ro-pilot-verify/pdf-bilingual-dictionary-nn-pt-ro-pilot-verify.json,origin/cursor/pdf-bilingual-nn-pt-ro-audit-only-17f5,47a87e4bc429e67c60efeb2dfc2ac2ee5d51cd8a,851
nn,ia-bsb-helms-dano-nor-de-11752747,archive.org,https://archive.org/download/11752747bsb/11752747bsb_djvu.txt,de→x,Machtgier,NOT_FOUND,,,reports/g2-a1-production-current/pdf-bilingual-dictionary-nn-pt-ro-pilot-verify/pdf-bilingual-dictionary-nn-pt-ro-pilot-verify.json,origin/cursor/pdf-bilingual-nn-pt-ro-audit-only-17f5,47a87e4bc429e67c60efeb2dfc2ac2ee5d51cd8a,851
nn,snorre-sbr-24,web,https://www.nb.no/sprakbanken/ressurskatalog/oai-nb-no-sbr-24/,de→x,Haus,NOT_FOUND,,,reports/g2-a1-production-current/pdf-bilingual-dictionary-nn-pt-ro-pilot-verify/pdf-bilingual-dictionary-nn-pt-ro-pilot-verify.json,origin/cursor/pdf-bilingual-nn-pt-ro-audit-only-17f5,47a87e4bc429e67c60efeb2dfc2ac2ee5d51cd8a,851
nn,snorre-sbr-24,web,https://www.nb.no/sprakbanken/ressurskatalog/oai-nb-no-sbr-24/,de→x,arbeiten,NOT_FOUND,,,reports/g2-a1-production-current/pdf-bilingual-dictionary-nn-pt-ro-pilot-verify/pdf-bilingual-dictionary-nn-pt-ro-pilot-verify.json,origin/cursor/pdf-bilingual-nn-pt-ro-audit-only-17f5,47a87e4bc429e67c60efeb2dfc2ac2ee5d51cd8a,851
nn,snorre-sbr-24,web,https://www.nb.no/sprakbanken/ressurskatalog/oai-nb-no-sbr-24/,de→x,Kleingeld,NOT_FOUND,,,reports/g2-a1-production-current/pdf-bilingual-dictionary-nn-pt-ro-pilot-verify/pdf-bilingual-dictionary-nn-pt-ro-pilot-verify.json,origin/cursor/pdf-bilingual-nn-pt-ro-audit-only-17f5,47a87e4bc429e67c60efeb2dfc2ac2ee5d51cd8a,851
nn,snorre-sbr-24,web,https://www.nb.no/sprakbanken/ressurskatalog/oai-nb-no-sbr-24/,de→x,bewirten,NOT_FOUND,,,reports/g2-a1-production-current/pdf-bilingual-dictionary-nn-pt-ro-pilot-verify/pdf-bilingual-dictionary-nn-pt-ro-pilot-verify.json,origin/cursor/pdf-bilingual-nn-pt-ro-audit-only-17f5,47a87e4bc429e67c60efeb2dfc2ac2ee5d51cd8a,851
nn,snorre-sbr-24,web,https://www.nb.no/sprakbanken/ressurskatalog/oai-nb-no-sbr-24/,de→x,Grenzkonflikt,NOT_FOUND,,,reports/g2-a1-production-current/pdf-bilingual-dictionary-nn-pt-ro-pilot-verify/pdf-bilingual-dictionary-nn-pt-ro-pilot-verify.json,origin/cursor/pdf-bilingual-nn-pt-ro-audit-only-17f5,47a87e4bc429e67c60efeb2dfc2ac2ee5d51cd8a,851
nn,snorre-sbr-24,web,https://www.nb.no/sprakbanken/ressurskatalog/oai-nb-no-sbr-24/,de→x,Machtgier,NOT_FOUND,,,reports/g2-a1-production-current/pdf-bilingual-dictionary-nn-pt-ro-pilot-verify/pdf-bilingual-dictionary-nn-pt-ro-pilot-verify.json,origin/cursor/pdf-bilingual-nn-pt-ro-audit-only-17f5,47a87e4bc429e67c60efeb2dfc2ac2ee5d51cd8a,851
pt,ia-torchtrop-de-pt-1943,archive.org,https://archive.org/download/DICIONARIOALEMAOPORTUGUESLEONARDOTORCHTROP/DICIONARIO%20ALEMAO-PORTUGUES%20LEONARDO%20TORCHTROP_djvu.txt,de→x,Haus,FOUND,,,reports/g2-a1-production-current/pdf-bilingual-dictionary-nn-pt-ro-pilot-verify/pdf-bilingual-dictionary-nn-pt-ro-pilot-verify.json,origin/cursor/pdf-bilingual-nn-pt-ro-audit-only-17f5,47a87e4bc429e67c60efeb2dfc2ac2ee5d51cd8a,851
pt,ia-torchtrop-de-pt-1943,archive.org,https://archive.org/download/DICIONARIOALEMAOPORTUGUESLEONARDOTORCHTROP/DICIONARIO%20ALEMAO-PORTUGUES%20LEONARDO%20TORCHTROP_djvu.txt,de→x,arbeiten,FOUND,,,reports/g2-a1-production-current/pdf-bilingual-dictionary-nn-pt-ro-pilot-verify/pdf-bilingual-dictionary-nn-pt-ro-pilot-verify.json,origin/cursor/pdf-bilingual-nn-pt-ro-audit-only-17f5,47a87e4bc429e67c60efeb2dfc2ac2ee5d51cd8a,851
pt,ia-torchtrop-de-pt-1943,archive.org,https://archive.org/download/DICIONARIOALEMAOPORTUGUESLEONARDOTORCHTROP/DICIONARIO%20ALEMAO-PORTUGUES%20LEONARDO%20TORCHTROP_djvu.txt,de→x,Kleingeld,FOUND,,,reports/g2-a1-production-current/pdf-bilingual-dictionary-nn-pt-ro-pilot-verify/pdf-bilingual-dictionary-nn-pt-ro-pilot-verify.json,origin/cursor/pdf-bilingual-nn-pt-ro-audit-only-17f5,47a87e4bc429e67c60efeb2dfc2ac2ee5d51cd8a,851
pt,ia-torchtrop-de-pt-1943,archive.org,https://archive.org/download/DICIONARIOALEMAOPORTUGUESLEONARDOTORCHTROP/DICIONARIO%20ALEMAO-PORTUGUES%20LEONARDO%20TORCHTROP_djvu.txt,de→x,bewirten,NOT_FOUND,,,reports/g2-a1-production-current/pdf-bilingual-dictionary-nn-pt-ro-pilot-verify/pdf-bilingual-dictionary-nn-pt-ro-pilot-verify.json,origin/cursor/pdf-bilingual-nn-pt-ro-audit-only-17f5,47a87e4bc429e67c60efeb2dfc2ac2ee5d51cd8a,851
pt,ia-torchtrop-de-pt-1943,archive.org,https://archive.org/download/DICIONARIOALEMAOPORTUGUESLEONARDOTORCHTROP/DICIONARIO%20ALEMAO-PORTUGUES%20LEONARDO%20TORCHTROP_djvu.txt,de→x,Grenzkonflikt,NOT_FOUND,,,reports/g2-a1-production-current/pdf-bilingual-dictionary-nn-pt-ro-pilot-verify/pdf-bilingual-dictionary-nn-pt-ro-pilot-verify.json,origin/cursor/pdf-bilingual-nn-pt-ro-audit-only-17f5,47a87e4bc429e67c60efeb2dfc2ac2ee5d51cd8a,851
pt,ia-torchtrop-de-pt-1943,archive.org,https://archive.org/download/DICIONARIOALEMAOPORTUGUESLEONARDOTORCHTROP/DICIONARIO%20ALEMAO-PORTUGUES%20LEONARDO%20TORCHTROP_djvu.txt,de→x,Machtgier,NOT_FOUND,,,reports/g2-a1-production-current/pdf-bilingual-dictionary-nn-pt-ro-pilot-verify/pdf-bilingual-dictionary-nn-pt-ro-pilot-verify.json,origin/cursor/pdf-bilingual-nn-pt-ro-audit-only-17f5,47a87e4bc429e67c60efeb2dfc2ac2ee5d51cd8a,851
ro,ia-barcianu-de-ro-bidir-1886,archive.org,https://archive.org/download/wrterbuchderrom00barcgoog/wrterbuchderrom00barcgoog_djvu.txt,de→x,Haus,FOUND,,,reports/g2-a1-production-current/pdf-bilingual-dictionary-nn-pt-ro-pilot-verify/pdf-bilingual-dictionary-nn-pt-ro-pilot-verify.json,origin/cursor/pdf-bilingual-nn-pt-ro-audit-only-17f5,47a87e4bc429e67c60efeb2dfc2ac2ee5d51cd8a,851
ro,ia-barcianu-de-ro-bidir-1886,archive.org,https://archive.org/download/wrterbuchderrom00barcgoog/wrterbuchderrom00barcgoog_djvu.txt,de→x,arbeiten,FOUND,,,reports/g2-a1-production-current/pdf-bilingual-dictionary-nn-pt-ro-pilot-verify/pdf-bilingual-dictionary-nn-pt-ro-pilot-verify.json,origin/cursor/pdf-bilingual-nn-pt-ro-audit-only-17f5,47a87e4bc429e67c60efeb2dfc2ac2ee5d51cd8a,851
ro,ia-barcianu-de-ro-bidir-1886,archive.org,https://archive.org/download/wrterbuchderrom00barcgoog/wrterbuchderrom00barcgoog_djvu.txt,de→x,Kleingeld,FOUND,,,reports/g2-a1-production-current/pdf-bilingual-dictionary-nn-pt-ro-pilot-verify/pdf-bilingual-dictionary-nn-pt-ro-pilot-verify.json,origin/cursor/pdf-bilingual-nn-pt-ro-audit-only-17f5,47a87e4bc429e67c60efeb2dfc2ac2ee5d51cd8a,851
ro,ia-barcianu-de-ro-bidir-1886,archive.org,https://archive.org/download/wrterbuchderrom00barcgoog/wrterbuchderrom00barcgoog_djvu.txt,de→x,bewirten,NOT_FOUND,,,reports/g2-a1-production-current/pdf-bilingual-dictionary-nn-pt-ro-pilot-verify/pdf-bilingual-dictionary-nn-pt-ro-pilot-verify.json,origin/cursor/pdf-bilingual-nn-pt-ro-audit-only-17f5,47a87e4bc429e67c60efeb2dfc2ac2ee5d51cd8a,851
ro,ia-barcianu-de-ro-bidir-1886,archive.org,https://archive.org/download/wrterbuchderrom00barcgoog/wrterbuchderrom00barcgoog_djvu.txt,de→x,Grenzkonflikt,NOT_FOUND,,,reports/g2-a1-production-current/pdf-bilingual-dictionary-nn-pt-ro-pilot-verify/pdf-bilingual-dictionary-nn-pt-ro-pilot-verify.json,origin/cursor/pdf-bilingual-nn-pt-ro-audit-only-17f5,47a87e4bc429e67c60efeb2dfc2ac2ee5d51cd8a,851
ro,ia-barcianu-de-ro-bidir-1886,archive.org,https://archive.org/download/wrterbuchderrom00barcgoog/wrterbuchderrom00barcgoog_djvu.txt,de→x,Machtgier,NOT_FOUND,,,reports/g2-a1-production-current/pdf-bilingual-dictionary-nn-pt-ro-pilot-verify/pdf-bilingual-dictionary-nn-pt-ro-pilot-verify.json,origin/cursor/pdf-bilingual-nn-pt-ro-audit-only-17f5,47a87e4bc429e67c60efeb2dfc2ac2ee5d51cd8a,851
ro,tdrg3-solirom,web,https://tdrg.solirom.ro/,de→x,Haus,FOUND,https://solirom-cflr.gitlab.io/data/A100062/4040.html,,reports/g2-a1-production-current/pdf-bilingual-dictionary-nn-pt-ro-pilot-verify/pdf-bilingual-dictionary-nn-pt-ro-pilot-verify.json,origin/cursor/pdf-bilingual-nn-pt-ro-audit-only-17f5,47a87e4bc429e67c60efeb2dfc2ac2ee5d51cd8a,851
ro,tdrg3-solirom,web,https://tdrg.solirom.ro/,de→x,arbeiten,FOUND,https://solirom-cflr.gitlab.io/data/A100062/29539.html,,reports/g2-a1-production-current/pdf-bilingual-dictionary-nn-pt-ro-pilot-verify/pdf-bilingual-dictionary-nn-pt-ro-pilot-verify.json,origin/cursor/pdf-bilingual-nn-pt-ro-audit-only-17f5,47a87e4bc429e67c60efeb2dfc2ac2ee5d51cd8a,851
ro,tdrg3-solirom,web,https://tdrg.solirom.ro/,de→x,Kleingeld,FOUND,https://solirom-cflr.gitlab.io/data/A100062/21777.html,,reports/g2-a1-production-current/pdf-bilingual-dictionary-nn-pt-ro-pilot-verify/pdf-bilingual-dictionary-nn-pt-ro-pilot-verify.json,origin/cursor/pdf-bilingual-nn-pt-ro-audit-only-17f5,47a87e4bc429e67c60efeb2dfc2ac2ee5d51cd8a,851
ro,tdrg3-solirom,web,https://tdrg.solirom.ro/,de→x,bewirten,FOUND,https://solirom-cflr.gitlab.io/data/A100062/9903.html,,reports/g2-a1-production-current/pdf-bilingual-dictionary-nn-pt-ro-pilot-verify/pdf-bilingual-dictionary-nn-pt-ro-pilot-verify.json,origin/cursor/pdf-bilingual-nn-pt-ro-audit-only-17f5,47a87e4bc429e67c60efeb2dfc2ac2ee5d51cd8a,851
ro,tdrg3-solirom,web,https://tdrg.solirom.ro/,de→x,Grenzkonflikt,NOT_FOUND,,,reports/g2-a1-production-current/pdf-bilingual-dictionary-nn-pt-ro-pilot-verify/pdf-bilingual-dictionary-nn-pt-ro-pilot-verify.json,origin/cursor/pdf-bilingual-nn-pt-ro-audit-only-17f5,47a87e4bc429e67c60efeb2dfc2ac2ee5d51cd8a,851
ro,tdrg3-solirom,web,https://tdrg.solirom.ro/,de→x,Machtgier,NOT_FOUND,,,reports/g2-a1-production-current/pdf-bilingual-dictionary-nn-pt-ro-pilot-verify/pdf-bilingual-dictionary-nn-pt-ro-pilot-verify.json,origin/cursor/pdf-bilingual-nn-pt-ro-audit-only-17f5,47a87e4bc429e67c60efeb2dfc2ac2ee5d51cd8a,851
sl,ia-deutschslovenis00unkngoog,archive.org,https://archive.org/download/deutschslovenis00unkngoog/deutschslovenis00unkngoog_djvu.txt,de→x,Haus,FOUND,,,reports/g2-a1-production-current/pdf-bilingual-dictionary-sl-sq-sr-sv-pilot-verify/pdf-bilingual-dictionary-sl-sq-sr-sv-pilot-verify.json,origin/cursor/pdf-bilingual-sl-sq-sr-sv-discovery-17f5,a5a289bedac21ece41fef7df9270e67d8215a714,853
sl,ia-deutschslovenis00unkngoog,archive.org,https://archive.org/download/deutschslovenis00unkngoog/deutschslovenis00unkngoog_djvu.txt,de→x,arbeiten,FOUND,,,reports/g2-a1-production-current/pdf-bilingual-dictionary-sl-sq-sr-sv-pilot-verify/pdf-bilingual-dictionary-sl-sq-sr-sv-pilot-verify.json,origin/cursor/pdf-bilingual-sl-sq-sr-sv-discovery-17f5,a5a289bedac21ece41fef7df9270e67d8215a714,853
sl,ia-deutschslovenis00unkngoog,archive.org,https://archive.org/download/deutschslovenis00unkngoog/deutschslovenis00unkngoog_djvu.txt,de→x,Kleingeld,NOT_FOUND,,,reports/g2-a1-production-current/pdf-bilingual-dictionary-sl-sq-sr-sv-pilot-verify/pdf-bilingual-dictionary-sl-sq-sr-sv-pilot-verify.json,origin/cursor/pdf-bilingual-sl-sq-sr-sv-discovery-17f5,a5a289bedac21ece41fef7df9270e67d8215a714,853
sl,ia-deutschslovenis00unkngoog,archive.org,https://archive.org/download/deutschslovenis00unkngoog/deutschslovenis00unkngoog_djvu.txt,de→x,bewirten,NOT_FOUND,,,reports/g2-a1-production-current/pdf-bilingual-dictionary-sl-sq-sr-sv-pilot-verify/pdf-bilingual-dictionary-sl-sq-sr-sv-pilot-verify.json,origin/cursor/pdf-bilingual-sl-sq-sr-sv-discovery-17f5,a5a289bedac21ece41fef7df9270e67d8215a714,853
sl,ia-deutschslovenis00unkngoog,archive.org,https://archive.org/download/deutschslovenis00unkngoog/deutschslovenis00unkngoog_djvu.txt,de→x,Grenzkonflikt,NOT_FOUND,,,reports/g2-a1-production-current/pdf-bilingual-dictionary-sl-sq-sr-sv-pilot-verify/pdf-bilingual-dictionary-sl-sq-sr-sv-pilot-verify.json,origin/cursor/pdf-bilingual-sl-sq-sr-sv-discovery-17f5,a5a289bedac21ece41fef7df9270e67d8215a714,853
sl,ia-deutschslovenis00unkngoog,archive.org,https://archive.org/download/deutschslovenis00unkngoog/deutschslovenis00unkngoog_djvu.txt,de→x,Machtgier,NOT_FOUND,,,reports/g2-a1-production-current/pdf-bilingual-dictionary-sl-sq-sr-sv-pilot-verify/pdf-bilingual-dictionary-sl-sq-sr-sv-pilot-verify.json,origin/cursor/pdf-bilingual-sl-sq-sr-sv-discovery-17f5,a5a289bedac21ece41fef7df9270e67d8215a714,853
sq,ia-hahn-albanesische-studien-martin-lexicon,archive.org,https://archive.org/download/ahy9953.0001.001.umich.edu/ahy9953.0001.001.umich.edu_djvu.txt,de→x,Haus,FOUND,,,reports/g2-a1-production-current/pdf-bilingual-dictionary-sl-sq-sr-sv-pilot-verify/pdf-bilingual-dictionary-sl-sq-sr-sv-pilot-verify.json,origin/cursor/pdf-bilingual-sl-sq-sr-sv-discovery-17f5,a5a289bedac21ece41fef7df9270e67d8215a714,853
sq,ia-hahn-albanesische-studien-martin-lexicon,archive.org,https://archive.org/download/ahy9953.0001.001.umich.edu/ahy9953.0001.001.umich.edu_djvu.txt,de→x,arbeiten,FOUND,,,reports/g2-a1-production-current/pdf-bilingual-dictionary-sl-sq-sr-sv-pilot-verify/pdf-bilingual-dictionary-sl-sq-sr-sv-pilot-verify.json,origin/cursor/pdf-bilingual-sl-sq-sr-sv-discovery-17f5,a5a289bedac21ece41fef7df9270e67d8215a714,853
sq,ia-hahn-albanesische-studien-martin-lexicon,archive.org,https://archive.org/download/ahy9953.0001.001.umich.edu/ahy9953.0001.001.umich.edu_djvu.txt,de→x,Kleingeld,NOT_FOUND,,,reports/g2-a1-production-current/pdf-bilingual-dictionary-sl-sq-sr-sv-pilot-verify/pdf-bilingual-dictionary-sl-sq-sr-sv-pilot-verify.json,origin/cursor/pdf-bilingual-sl-sq-sr-sv-discovery-17f5,a5a289bedac21ece41fef7df9270e67d8215a714,853
sq,ia-hahn-albanesische-studien-martin-lexicon,archive.org,https://archive.org/download/ahy9953.0001.001.umich.edu/ahy9953.0001.001.umich.edu_djvu.txt,de→x,bewirten,NOT_FOUND,,,reports/g2-a1-production-current/pdf-bilingual-dictionary-sl-sq-sr-sv-pilot-verify/pdf-bilingual-dictionary-sl-sq-sr-sv-pilot-verify.json,origin/cursor/pdf-bilingual-sl-sq-sr-sv-discovery-17f5,a5a289bedac21ece41fef7df9270e67d8215a714,853
sq,ia-hahn-albanesische-studien-martin-lexicon,archive.org,https://archive.org/download/ahy9953.0001.001.umich.edu/ahy9953.0001.001.umich.edu_djvu.txt,de→x,Grenzkonflikt,NOT_FOUND,,,reports/g2-a1-production-current/pdf-bilingual-dictionary-sl-sq-sr-sv-pilot-verify/pdf-bilingual-dictionary-sl-sq-sr-sv-pilot-verify.json,origin/cursor/pdf-bilingual-sl-sq-sr-sv-discovery-17f5,a5a289bedac21ece41fef7df9270e67d8215a714,853
sq,ia-hahn-albanesische-studien-martin-lexicon,archive.org,https://archive.org/download/ahy9953.0001.001.umich.edu/ahy9953.0001.001.umich.edu_djvu.txt,de→x,Machtgier,NOT_FOUND,,,reports/g2-a1-production-current/pdf-bilingual-dictionary-sl-sq-sr-sv-pilot-verify/pdf-bilingual-dictionary-sl-sq-sr-sv-pilot-verify.json,origin/cursor/pdf-bilingual-sl-sq-sr-sv-discovery-17f5,a5a289bedac21ece41fef7df9270e67d8215a714,853
sr,mdz-bsb11358470-karadzic-de-sr-1872,PDF,https://www.digitale-sammlungen.de/de/view/bsb11358470?page=1,de→x,Haus,FOUND,https://www.digitale-sammlungen.de/de/view/bsb11358470?page=9,,reports/g2-a1-production-current/pdf-bilingual-dictionary-sl-sq-sr-sv-pilot-verify/pdf-bilingual-dictionary-sl-sq-sr-sv-pilot-verify.json,origin/cursor/pdf-bilingual-sl-sq-sr-sv-discovery-17f5,a5a289bedac21ece41fef7df9270e67d8215a714,853
sr,mdz-bsb11358470-karadzic-de-sr-1872,PDF,https://www.digitale-sammlungen.de/de/view/bsb11358470?page=1,de→x,arbeiten,FOUND,https://www.digitale-sammlungen.de/de/view/bsb11358470?page=177,,reports/g2-a1-production-current/pdf-bilingual-dictionary-sl-sq-sr-sv-pilot-verify/pdf-bilingual-dictionary-sl-sq-sr-sv-pilot-verify.json,origin/cursor/pdf-bilingual-sl-sq-sr-sv-discovery-17f5,a5a289bedac21ece41fef7df9270e67d8215a714,853
sr,mdz-bsb11358470-karadzic-de-sr-1872,PDF,https://www.digitale-sammlungen.de/de/view/bsb11358470?page=1,de→x,Kleingeld,NOT_FOUND,,,reports/g2-a1-production-current/pdf-bilingual-dictionary-sl-sq-sr-sv-pilot-verify/pdf-bilingual-dictionary-sl-sq-sr-sv-pilot-verify.json,origin/cursor/pdf-bilingual-sl-sq-sr-sv-discovery-17f5,a5a289bedac21ece41fef7df9270e67d8215a714,853
sr,mdz-bsb11358470-karadzic-de-sr-1872,PDF,https://www.digitale-sammlungen.de/de/view/bsb11358470?page=1,de→x,bewirten,NOT_FOUND,,,reports/g2-a1-production-current/pdf-bilingual-dictionary-sl-sq-sr-sv-pilot-verify/pdf-bilingual-dictionary-sl-sq-sr-sv-pilot-verify.json,origin/cursor/pdf-bilingual-sl-sq-sr-sv-discovery-17f5,a5a289bedac21ece41fef7df9270e67d8215a714,853
sr,mdz-bsb11358470-karadzic-de-sr-1872,PDF,https://www.digitale-sammlungen.de/de/view/bsb11358470?page=1,de→x,Grenzkonflikt,NOT_FOUND,,,reports/g2-a1-production-current/pdf-bilingual-dictionary-sl-sq-sr-sv-pilot-verify/pdf-bilingual-dictionary-sl-sq-sr-sv-pilot-verify.json,origin/cursor/pdf-bilingual-sl-sq-sr-sv-discovery-17f5,a5a289bedac21ece41fef7df9270e67d8215a714,853
sr,mdz-bsb11358470-karadzic-de-sr-1872,PDF,https://www.digitale-sammlungen.de/de/view/bsb11358470?page=1,de→x,Machtgier,NOT_FOUND,,,reports/g2-a1-production-current/pdf-bilingual-dictionary-sl-sq-sr-sv-pilot-verify/pdf-bilingual-dictionary-sl-sq-sr-sv-pilot-verify.json,origin/cursor/pdf-bilingual-sl-sq-sr-sv-discovery-17f5,a5a289bedac21ece41fef7df9270e67d8215a714,853
sv,ia-tysksvenskordbok00hoppuoft,archive.org,https://archive.org/download/tysksvenskordbok00hoppuoft/tysksvenskordbok00hoppuoft_djvu.txt,de→x,Haus,FOUND,,,reports/g2-a1-production-current/pdf-bilingual-dictionary-sl-sq-sr-sv-pilot-verify/pdf-bilingual-dictionary-sl-sq-sr-sv-pilot-verify.json,origin/cursor/pdf-bilingual-sl-sq-sr-sv-discovery-17f5,a5a289bedac21ece41fef7df9270e67d8215a714,853
sv,ia-tysksvenskordbok00hoppuoft,archive.org,https://archive.org/download/tysksvenskordbok00hoppuoft/tysksvenskordbok00hoppuoft_djvu.txt,de→x,arbeiten,FOUND,,,reports/g2-a1-production-current/pdf-bilingual-dictionary-sl-sq-sr-sv-pilot-verify/pdf-bilingual-dictionary-sl-sq-sr-sv-pilot-verify.json,origin/cursor/pdf-bilingual-sl-sq-sr-sv-discovery-17f5,a5a289bedac21ece41fef7df9270e67d8215a714,853
sv,ia-tysksvenskordbok00hoppuoft,archive.org,https://archive.org/download/tysksvenskordbok00hoppuoft/tysksvenskordbok00hoppuoft_djvu.txt,de→x,Kleingeld,NOT_FOUND,,,reports/g2-a1-production-current/pdf-bilingual-dictionary-sl-sq-sr-sv-pilot-verify/pdf-bilingual-dictionary-sl-sq-sr-sv-pilot-verify.json,origin/cursor/pdf-bilingual-sl-sq-sr-sv-discovery-17f5,a5a289bedac21ece41fef7df9270e67d8215a714,853
sv,ia-tysksvenskordbok00hoppuoft,archive.org,https://archive.org/download/tysksvenskordbok00hoppuoft/tysksvenskordbok00hoppuoft_djvu.txt,de→x,bewirten,NOT_FOUND,,,reports/g2-a1-production-current/pdf-bilingual-dictionary-sl-sq-sr-sv-pilot-verify/pdf-bilingual-dictionary-sl-sq-sr-sv-pilot-verify.json,origin/cursor/pdf-bilingual-sl-sq-sr-sv-discovery-17f5,a5a289bedac21ece41fef7df9270e67d8215a714,853
sv,ia-tysksvenskordbok00hoppuoft,archive.org,https://archive.org/download/tysksvenskordbok00hoppuoft/tysksvenskordbok00hoppuoft_djvu.txt,de→x,Grenzkonflikt,NOT_FOUND,,,reports/g2-a1-production-current/pdf-bilingual-dictionary-sl-sq-sr-sv-pilot-verify/pdf-bilingual-dictionary-sl-sq-sr-sv-pilot-verify.json,origin/cursor/pdf-bilingual-sl-sq-sr-sv-discovery-17f5,a5a289bedac21ece41fef7df9270e67d8215a714,853
sv,ia-tysksvenskordbok00hoppuoft,archive.org,https://archive.org/download/tysksvenskordbok00hoppuoft/tysksvenskordbok00hoppuoft_djvu.txt,de→x,Machtgier,NOT_FOUND,,,reports/g2-a1-production-current/pdf-bilingual-dictionary-sl-sq-sr-sv-pilot-verify/pdf-bilingual-dictionary-sl-sq-sr-sv-pilot-verify.json,origin/cursor/pdf-bilingual-sl-sq-sr-sv-discovery-17f5,a5a289bedac21ece41fef7df9270e67d8215a714,853
fr,mozin-1823-de-ak,archive.org,,de→x,Haus,FOUND,,,reports/g2-a1-production-current/pdf-bilingual-dictionary-bg-bs-fr-pilot-verify/pdf-bilingual-dictionary-bg-bs-fr-pilot-verify.json,origin/cursor/pdf-bilingual-fr-bg-bs-audit-only-17f5,30a69b797cdfc2a2691810085452284cc1562d4a,849
fr,mozin-1823-de-ak,archive.org,,de→x,arbeiten,FOUND,,,reports/g2-a1-production-current/pdf-bilingual-dictionary-bg-bs-fr-pilot-verify/pdf-bilingual-dictionary-bg-bs-fr-pilot-verify.json,origin/cursor/pdf-bilingual-fr-bg-bs-audit-only-17f5,30a69b797cdfc2a2691810085452284cc1562d4a,849
fr,mozin-1823-de-ak,archive.org,,de→x,Kleingeld,NOT_FOUND,,,reports/g2-a1-production-current/pdf-bilingual-dictionary-bg-bs-fr-pilot-verify/pdf-bilingual-dictionary-bg-bs-fr-pilot-verify.json,origin/cursor/pdf-bilingual-fr-bg-bs-audit-only-17f5,30a69b797cdfc2a2691810085452284cc1562d4a,849
fr,mozin-1823-de-ak,archive.org,,de→x,bewirten,FOUND,,,reports/g2-a1-production-current/pdf-bilingual-dictionary-bg-bs-fr-pilot-verify/pdf-bilingual-dictionary-bg-bs-fr-pilot-verify.json,origin/cursor/pdf-bilingual-fr-bg-bs-audit-only-17f5,30a69b797cdfc2a2691810085452284cc1562d4a,849
fr,mozin-1823-de-ak,archive.org,,de→x,Grenzkonflikt,NOT_FOUND,,,reports/g2-a1-production-current/pdf-bilingual-dictionary-bg-bs-fr-pilot-verify/pdf-bilingual-dictionary-bg-bs-fr-pilot-verify.json,origin/cursor/pdf-bilingual-fr-bg-bs-audit-only-17f5,30a69b797cdfc2a2691810085452284cc1562d4a,849
fr,mozin-1823-de-ak,archive.org,,de→x,Machtgier,NOT_FOUND,,,reports/g2-a1-production-current/pdf-bilingual-dictionary-bg-bs-fr-pilot-verify/pdf-bilingual-dictionary-bg-bs-fr-pilot-verify.json,origin/cursor/pdf-bilingual-fr-bg-bs-audit-only-17f5,30a69b797cdfc2a2691810085452284cc1562d4a,849
fr,sachs-villatte-1906,archive.org,,de→x,Haus,FOUND,,,reports/g2-a1-production-current/pdf-bilingual-dictionary-bg-bs-fr-pilot-verify/pdf-bilingual-dictionary-bg-bs-fr-pilot-verify.json,origin/cursor/pdf-bilingual-fr-bg-bs-audit-only-17f5,30a69b797cdfc2a2691810085452284cc1562d4a,849
fr,sachs-villatte-1906,archive.org,,de→x,arbeiten,FOUND,,,reports/g2-a1-production-current/pdf-bilingual-dictionary-bg-bs-fr-pilot-verify/pdf-bilingual-dictionary-bg-bs-fr-pilot-verify.json,origin/cursor/pdf-bilingual-fr-bg-bs-audit-only-17f5,30a69b797cdfc2a2691810085452284cc1562d4a,849
fr,sachs-villatte-1906,archive.org,,de→x,Kleingeld,NOT_FOUND,,,reports/g2-a1-production-current/pdf-bilingual-dictionary-bg-bs-fr-pilot-verify/pdf-bilingual-dictionary-bg-bs-fr-pilot-verify.json,origin/cursor/pdf-bilingual-fr-bg-bs-audit-only-17f5,30a69b797cdfc2a2691810085452284cc1562d4a,849
fr,sachs-villatte-1906,archive.org,,de→x,bewirten,FOUND,,,reports/g2-a1-production-current/pdf-bilingual-dictionary-bg-bs-fr-pilot-verify/pdf-bilingual-dictionary-bg-bs-fr-pilot-verify.json,origin/cursor/pdf-bilingual-fr-bg-bs-audit-only-17f5,30a69b797cdfc2a2691810085452284cc1562d4a,849
fr,sachs-villatte-1906,archive.org,,de→x,Grenzkonflikt,NOT_FOUND,,,reports/g2-a1-production-current/pdf-bilingual-dictionary-bg-bs-fr-pilot-verify/pdf-bilingual-dictionary-bg-bs-fr-pilot-verify.json,origin/cursor/pdf-bilingual-fr-bg-bs-audit-only-17f5,30a69b797cdfc2a2691810085452284cc1562d4a,849
fr,sachs-villatte-1906,archive.org,,de→x,Machtgier,NOT_FOUND,,,reports/g2-a1-production-current/pdf-bilingual-dictionary-bg-bs-fr-pilot-verify/pdf-bilingual-dictionary-bg-bs-fr-pilot-verify.json,origin/cursor/pdf-bilingual-fr-bg-bs-audit-only-17f5,30a69b797cdfc2a2691810085452284cc1562d4a,849
bg,"mdz-bsb-miladinov-vol1-1897 (IIIF + tesseract deu, sampled pages 80–520)",PDF,,de→x,Haus,FOUND,pageIndex 120,,reports/g2-a1-production-current/pdf-bilingual-dictionary-bg-bs-fr-pilot-verify/pdf-bilingual-dictionary-bg-bs-fr-pilot-verify.json,origin/cursor/pdf-bilingual-fr-bg-bs-audit-only-17f5,30a69b797cdfc2a2691810085452284cc1562d4a,849
bg,"mdz-bsb-miladinov-vol1-1897 (IIIF + tesseract deu, sampled pages 80–520)",PDF,,de→x,arbeiten,FOUND,pageIndex 280,,reports/g2-a1-production-current/pdf-bilingual-dictionary-bg-bs-fr-pilot-verify/pdf-bilingual-dictionary-bg-bs-fr-pilot-verify.json,origin/cursor/pdf-bilingual-fr-bg-bs-audit-only-17f5,30a69b797cdfc2a2691810085452284cc1562d4a,849
bg,"mdz-bsb-miladinov-vol1-1897 (IIIF + tesseract deu, sampled pages 80–520)",PDF,,de→x,Kleingeld,NOT_FOUND,,,reports/g2-a1-production-current/pdf-bilingual-dictionary-bg-bs-fr-pilot-verify/pdf-bilingual-dictionary-bg-bs-fr-pilot-verify.json,origin/cursor/pdf-bilingual-fr-bg-bs-audit-only-17f5,30a69b797cdfc2a2691810085452284cc1562d4a,849
bg,"mdz-bsb-miladinov-vol1-1897 (IIIF + tesseract deu, sampled pages 80–520)",PDF,,de→x,bewirten,NOT_FOUND,,,reports/g2-a1-production-current/pdf-bilingual-dictionary-bg-bs-fr-pilot-verify/pdf-bilingual-dictionary-bg-bs-fr-pilot-verify.json,origin/cursor/pdf-bilingual-fr-bg-bs-audit-only-17f5,30a69b797cdfc2a2691810085452284cc1562d4a,849
bg,"mdz-bsb-miladinov-vol1-1897 (IIIF + tesseract deu, sampled pages 80–520)",PDF,,de→x,Grenzkonflikt,NOT_FOUND,,,reports/g2-a1-production-current/pdf-bilingual-dictionary-bg-bs-fr-pilot-verify/pdf-bilingual-dictionary-bg-bs-fr-pilot-verify.json,origin/cursor/pdf-bilingual-fr-bg-bs-audit-only-17f5,30a69b797cdfc2a2691810085452284cc1562d4a,849
bg,"mdz-bsb-miladinov-vol1-1897 (IIIF + tesseract deu, sampled pages 80–520)",PDF,,de→x,Machtgier,NOT_FOUND,,,reports/g2-a1-production-current/pdf-bilingual-dictionary-bg-bs-fr-pilot-verify/pdf-bilingual-dictionary-bg-bs-fr-pilot-verify.json,origin/cursor/pdf-bilingual-fr-bg-bs-audit-only-17f5,30a69b797cdfc2a2691810085452284cc1562d4a,849
hr,mdz-bsb-sulek-de-hr-vol1-1860,PDF,,de→x,Haus,FOUND,,,reports/g2-a1-production-current/pdf-bilingual-dictionary-hr-hu-is-pilot-verify/pdf-bilingual-dictionary-hr-hu-is-pilot-verify.json,origin/cursor/pdf-bilingual-hr-hu-is-audit-only-17f5,606e56e13586910d2fe427226f8d664ec06ec835,848
hr,mdz-bsb-sulek-de-hr-vol1-1860,PDF,,de→x,arbeiten,FOUND,,,reports/g2-a1-production-current/pdf-bilingual-dictionary-hr-hu-is-pilot-verify/pdf-bilingual-dictionary-hr-hu-is-pilot-verify.json,origin/cursor/pdf-bilingual-hr-hu-is-audit-only-17f5,606e56e13586910d2fe427226f8d664ec06ec835,848
hr,mdz-bsb-sulek-de-hr-vol1-1860,PDF,,de→x,Kleingeld,FOUND,,,reports/g2-a1-production-current/pdf-bilingual-dictionary-hr-hu-is-pilot-verify/pdf-bilingual-dictionary-hr-hu-is-pilot-verify.json,origin/cursor/pdf-bilingual-hr-hu-is-audit-only-17f5,606e56e13586910d2fe427226f8d664ec06ec835,848
hr,mdz-bsb-sulek-de-hr-vol1-1860,PDF,,de→x,bewirten,NOT_FOUND,,,reports/g2-a1-production-current/pdf-bilingual-dictionary-hr-hu-is-pilot-verify/pdf-bilingual-dictionary-hr-hu-is-pilot-verify.json,origin/cursor/pdf-bilingual-hr-hu-is-audit-only-17f5,606e56e13586910d2fe427226f8d664ec06ec835,848
hr,mdz-bsb-sulek-de-hr-vol1-1860,PDF,,de→x,Grenzkonflikt,NOT_FOUND,,,reports/g2-a1-production-current/pdf-bilingual-dictionary-hr-hu-is-pilot-verify/pdf-bilingual-dictionary-hr-hu-is-pilot-verify.json,origin/cursor/pdf-bilingual-hr-hu-is-audit-only-17f5,606e56e13586910d2fe427226f8d664ec06ec835,848
hr,mdz-bsb-sulek-de-hr-vol1-1860,PDF,,de→x,Machtgier,NOT_FOUND,,,reports/g2-a1-production-current/pdf-bilingual-dictionary-hr-hu-is-pilot-verify/pdf-bilingual-dictionary-hr-hu-is-pilot-verify.json,origin/cursor/pdf-bilingual-hr-hu-is-audit-only-17f5,606e56e13586910d2fe427226f8d664ec06ec835,848
hu,mek-html,web,,de→x,Haus,FOUND,p.h.htm,,reports/g2-a1-production-current/pdf-bilingual-dictionary-hr-hu-is-pilot-verify/pdf-bilingual-dictionary-hr-hu-is-pilot-verify.json,origin/cursor/pdf-bilingual-hr-hu-is-audit-only-17f5,606e56e13586910d2fe427226f8d664ec06ec835,848
hu,mek-html,web,,de→x,arbeiten,FOUND,p.a.htm,,reports/g2-a1-production-current/pdf-bilingual-dictionary-hr-hu-is-pilot-verify/pdf-bilingual-dictionary-hr-hu-is-pilot-verify.json,origin/cursor/pdf-bilingual-hr-hu-is-audit-only-17f5,606e56e13586910d2fe427226f8d664ec06ec835,848
hu,mek-html,web,,de→x,Kleingeld,FOUND,p.k.htm,,reports/g2-a1-production-current/pdf-bilingual-dictionary-hr-hu-is-pilot-verify/pdf-bilingual-dictionary-hr-hu-is-pilot-verify.json,origin/cursor/pdf-bilingual-hr-hu-is-audit-only-17f5,606e56e13586910d2fe427226f8d664ec06ec835,848
hu,mek-html,web,,de→x,bewirten,FOUND,p.b.htm,,reports/g2-a1-production-current/pdf-bilingual-dictionary-hr-hu-is-pilot-verify/pdf-bilingual-dictionary-hr-hu-is-pilot-verify.json,origin/cursor/pdf-bilingual-hr-hu-is-audit-only-17f5,606e56e13586910d2fe427226f8d664ec06ec835,848
hu,mek-html,web,,de→x,Grenzkonflikt,NOT_FOUND,p.g.htm,,reports/g2-a1-production-current/pdf-bilingual-dictionary-hr-hu-is-pilot-verify/pdf-bilingual-dictionary-hr-hu-is-pilot-verify.json,origin/cursor/pdf-bilingual-hr-hu-is-audit-only-17f5,606e56e13586910d2fe427226f8d664ec06ec835,848
hu,mek-html,web,,de→x,Machtgier,NOT_FOUND,p.m.htm,,reports/g2-a1-production-current/pdf-bilingual-dictionary-hr-hu-is-pilot-verify/pdf-bilingual-dictionary-hr-hu-is-pilot-verify.json,origin/cursor/pdf-bilingual-hr-hu-is-audit-only-17f5,606e56e13586910d2fe427226f8d664ec06ec835,848
hu,mek-pdf,PDF,,de→x,Haus,FOUND,,,reports/g2-a1-production-current/pdf-bilingual-dictionary-hr-hu-is-pilot-verify/pdf-bilingual-dictionary-hr-hu-is-pilot-verify.json,origin/cursor/pdf-bilingual-hr-hu-is-audit-only-17f5,606e56e13586910d2fe427226f8d664ec06ec835,848
hu,mek-pdf,PDF,,de→x,arbeiten,FOUND,,,reports/g2-a1-production-current/pdf-bilingual-dictionary-hr-hu-is-pilot-verify/pdf-bilingual-dictionary-hr-hu-is-pilot-verify.json,origin/cursor/pdf-bilingual-hr-hu-is-audit-only-17f5,606e56e13586910d2fe427226f8d664ec06ec835,848
hu,mek-pdf,PDF,,de→x,Kleingeld,FOUND,,,reports/g2-a1-production-current/pdf-bilingual-dictionary-hr-hu-is-pilot-verify/pdf-bilingual-dictionary-hr-hu-is-pilot-verify.json,origin/cursor/pdf-bilingual-hr-hu-is-audit-only-17f5,606e56e13586910d2fe427226f8d664ec06ec835,848
hu,mek-pdf,PDF,,de→x,bewirten,FOUND,,,reports/g2-a1-production-current/pdf-bilingual-dictionary-hr-hu-is-pilot-verify/pdf-bilingual-dictionary-hr-hu-is-pilot-verify.json,origin/cursor/pdf-bilingual-hr-hu-is-audit-only-17f5,606e56e13586910d2fe427226f8d664ec06ec835,848
hu,mek-pdf,PDF,,de→x,Grenzkonflikt,NOT_FOUND,,,reports/g2-a1-production-current/pdf-bilingual-dictionary-hr-hu-is-pilot-verify/pdf-bilingual-dictionary-hr-hu-is-pilot-verify.json,origin/cursor/pdf-bilingual-hr-hu-is-audit-only-17f5,606e56e13586910d2fe427226f8d664ec06ec835,848
hu,mek-pdf,PDF,,de→x,Machtgier,NOT_FOUND,,,reports/g2-a1-production-current/pdf-bilingual-dictionary-hr-hu-is-pilot-verify/pdf-bilingual-dictionary-hr-hu-is-pilot-verify.json,origin/cursor/pdf-bilingual-hr-hu-is-audit-only-17f5,606e56e13586910d2fe427226f8d664ec06ec835,848
it,ia-bsb-neues-it-de-11793257-vol1,archive.org,,de→x,Haus,FOUND,,,reports/g2-a1-production-current/pdf-bilingual-dictionary-it-mk-nl-pilot-verify/pdf-bilingual-dictionary-it-mk-nl-pilot-verify.json,origin/cursor/pdf-bilingual-it-mk-nl-audit-only-17f5,5a373c9a0472f107e4d27865f6ff319ebaafe6eb,847
it,ia-bsb-neues-it-de-11793257-vol1,archive.org,,de→x,arbeiten,FOUND,,,reports/g2-a1-production-current/pdf-bilingual-dictionary-it-mk-nl-pilot-verify/pdf-bilingual-dictionary-it-mk-nl-pilot-verify.json,origin/cursor/pdf-bilingual-it-mk-nl-audit-only-17f5,5a373c9a0472f107e4d27865f6ff319ebaafe6eb,847
it,ia-bsb-neues-it-de-11793257-vol1,archive.org,,de→x,Kleingeld,FOUND,,,reports/g2-a1-production-current/pdf-bilingual-dictionary-it-mk-nl-pilot-verify/pdf-bilingual-dictionary-it-mk-nl-pilot-verify.json,origin/cursor/pdf-bilingual-it-mk-nl-audit-only-17f5,5a373c9a0472f107e4d27865f6ff319ebaafe6eb,847
it,ia-bsb-neues-it-de-11793257-vol1,archive.org,,de→x,bewirten,FOUND,,,reports/g2-a1-production-current/pdf-bilingual-dictionary-it-mk-nl-pilot-verify/pdf-bilingual-dictionary-it-mk-nl-pilot-verify.json,origin/cursor/pdf-bilingual-it-mk-nl-audit-only-17f5,5a373c9a0472f107e4d27865f6ff319ebaafe6eb,847
it,ia-bsb-neues-it-de-11793257-vol1,archive.org,,de→x,Grenzkonflikt,NOT_FOUND,,,reports/g2-a1-production-current/pdf-bilingual-dictionary-it-mk-nl-pilot-verify/pdf-bilingual-dictionary-it-mk-nl-pilot-verify.json,origin/cursor/pdf-bilingual-it-mk-nl-audit-only-17f5,5a373c9a0472f107e4d27865f6ff319ebaafe6eb,847
it,ia-bsb-neues-it-de-11793257-vol1,archive.org,,de→x,Machtgier,NOT_FOUND,,,reports/g2-a1-production-current/pdf-bilingual-dictionary-it-mk-nl-pilot-verify/pdf-bilingual-dictionary-it-mk-nl-pilot-verify.json,origin/cursor/pdf-bilingual-it-mk-nl-audit-only-17f5,5a373c9a0472f107e4d27865f6ff319ebaafe6eb,847
it,ia-bsb-neues-vollstaendig-it-de-vol1-2,archive.org,,de→x,Haus,FOUND,,,reports/g2-a1-production-current/pdf-bilingual-dictionary-it-mk-nl-pilot-verify/pdf-bilingual-dictionary-it-mk-nl-pilot-verify.json,origin/cursor/pdf-bilingual-it-mk-nl-audit-only-17f5,5a373c9a0472f107e4d27865f6ff319ebaafe6eb,847
it,ia-bsb-neues-vollstaendig-it-de-vol1-2,archive.org,,de→x,arbeiten,FOUND,,,reports/g2-a1-production-current/pdf-bilingual-dictionary-it-mk-nl-pilot-verify/pdf-bilingual-dictionary-it-mk-nl-pilot-verify.json,origin/cursor/pdf-bilingual-it-mk-nl-audit-only-17f5,5a373c9a0472f107e4d27865f6ff319ebaafe6eb,847
it,ia-bsb-neues-vollstaendig-it-de-vol1-2,archive.org,,de→x,Kleingeld,NOT_FOUND,,,reports/g2-a1-production-current/pdf-bilingual-dictionary-it-mk-nl-pilot-verify/pdf-bilingual-dictionary-it-mk-nl-pilot-verify.json,origin/cursor/pdf-bilingual-it-mk-nl-audit-only-17f5,5a373c9a0472f107e4d27865f6ff319ebaafe6eb,847
it,ia-bsb-neues-vollstaendig-it-de-vol1-2,archive.org,,de→x,bewirten,FOUND,,,reports/g2-a1-production-current/pdf-bilingual-dictionary-it-mk-nl-pilot-verify/pdf-bilingual-dictionary-it-mk-nl-pilot-verify.json,origin/cursor/pdf-bilingual-it-mk-nl-audit-only-17f5,5a373c9a0472f107e4d27865f6ff319ebaafe6eb,847
it,ia-bsb-neues-vollstaendig-it-de-vol1-2,archive.org,,de→x,Grenzkonflikt,NOT_FOUND,,,reports/g2-a1-production-current/pdf-bilingual-dictionary-it-mk-nl-pilot-verify/pdf-bilingual-dictionary-it-mk-nl-pilot-verify.json,origin/cursor/pdf-bilingual-it-mk-nl-audit-only-17f5,5a373c9a0472f107e4d27865f6ff319ebaafe6eb,847
it,ia-bsb-neues-vollstaendig-it-de-vol1-2,archive.org,,de→x,Machtgier,NOT_FOUND,,,reports/g2-a1-production-current/pdf-bilingual-dictionary-it-mk-nl-pilot-verify/pdf-bilingual-dictionary-it-mk-nl-pilot-verify.json,origin/cursor/pdf-bilingual-it-mk-nl-audit-only-17f5,5a373c9a0472f107e4d27865f6ff319ebaafe6eb,847
it,ia-neuesitalienisch00bulluoft-vol1,archive.org,,de→x,Haus,FOUND,,,reports/g2-a1-production-current/pdf-bilingual-dictionary-it-mk-nl-pilot-verify/pdf-bilingual-dictionary-it-mk-nl-pilot-verify.json,origin/cursor/pdf-bilingual-it-mk-nl-audit-only-17f5,5a373c9a0472f107e4d27865f6ff319ebaafe6eb,847
it,ia-neuesitalienisch00bulluoft-vol1,archive.org,,de→x,arbeiten,FOUND,,,reports/g2-a1-production-current/pdf-bilingual-dictionary-it-mk-nl-pilot-verify/pdf-bilingual-dictionary-it-mk-nl-pilot-verify.json,origin/cursor/pdf-bilingual-it-mk-nl-audit-only-17f5,5a373c9a0472f107e4d27865f6ff319ebaafe6eb,847
it,ia-neuesitalienisch00bulluoft-vol1,archive.org,,de→x,Kleingeld,NOT_FOUND,,,reports/g2-a1-production-current/pdf-bilingual-dictionary-it-mk-nl-pilot-verify/pdf-bilingual-dictionary-it-mk-nl-pilot-verify.json,origin/cursor/pdf-bilingual-it-mk-nl-audit-only-17f5,5a373c9a0472f107e4d27865f6ff319ebaafe6eb,847
it,ia-neuesitalienisch00bulluoft-vol1,archive.org,,de→x,bewirten,FOUND,,,reports/g2-a1-production-current/pdf-bilingual-dictionary-it-mk-nl-pilot-verify/pdf-bilingual-dictionary-it-mk-nl-pilot-verify.json,origin/cursor/pdf-bilingual-it-mk-nl-audit-only-17f5,5a373c9a0472f107e4d27865f6ff319ebaafe6eb,847
it,ia-neuesitalienisch00bulluoft-vol1,archive.org,,de→x,Grenzkonflikt,NOT_FOUND,,,reports/g2-a1-production-current/pdf-bilingual-dictionary-it-mk-nl-pilot-verify/pdf-bilingual-dictionary-it-mk-nl-pilot-verify.json,origin/cursor/pdf-bilingual-it-mk-nl-audit-only-17f5,5a373c9a0472f107e4d27865f6ff319ebaafe6eb,847
it,ia-neuesitalienisch00bulluoft-vol1,archive.org,,de→x,Machtgier,NOT_FOUND,,,reports/g2-a1-production-current/pdf-bilingual-dictionary-it-mk-nl-pilot-verify/pdf-bilingual-dictionary-it-mk-nl-pilot-verify.json,origin/cursor/pdf-bilingual-it-mk-nl-audit-only-17f5,5a373c9a0472f107e4d27865f6ff319ebaafe6eb,847
nl,ia-bsb-nieuw-woordenboek-nl-hoogduits-1787,archive.org,,de→x,Haus,FOUND,,,reports/g2-a1-production-current/pdf-bilingual-dictionary-it-mk-nl-pilot-verify/pdf-bilingual-dictionary-it-mk-nl-pilot-verify.json,origin/cursor/pdf-bilingual-it-mk-nl-audit-only-17f5,5a373c9a0472f107e4d27865f6ff319ebaafe6eb,847
nl,ia-bsb-nieuw-woordenboek-nl-hoogduits-1787,archive.org,,de→x,arbeiten,FOUND,,,reports/g2-a1-production-current/pdf-bilingual-dictionary-it-mk-nl-pilot-verify/pdf-bilingual-dictionary-it-mk-nl-pilot-verify.json,origin/cursor/pdf-bilingual-it-mk-nl-audit-only-17f5,5a373c9a0472f107e4d27865f6ff319ebaafe6eb,847
nl,ia-bsb-nieuw-woordenboek-nl-hoogduits-1787,archive.org,,de→x,Kleingeld,NOT_FOUND,,,reports/g2-a1-production-current/pdf-bilingual-dictionary-it-mk-nl-pilot-verify/pdf-bilingual-dictionary-it-mk-nl-pilot-verify.json,origin/cursor/pdf-bilingual-it-mk-nl-audit-only-17f5,5a373c9a0472f107e4d27865f6ff319ebaafe6eb,847
nl,ia-bsb-nieuw-woordenboek-nl-hoogduits-1787,archive.org,,de→x,bewirten,NOT_FOUND,,,reports/g2-a1-production-current/pdf-bilingual-dictionary-it-mk-nl-pilot-verify/pdf-bilingual-dictionary-it-mk-nl-pilot-verify.json,origin/cursor/pdf-bilingual-it-mk-nl-audit-only-17f5,5a373c9a0472f107e4d27865f6ff319ebaafe6eb,847
nl,ia-bsb-nieuw-woordenboek-nl-hoogduits-1787,archive.org,,de→x,Grenzkonflikt,NOT_FOUND,,,reports/g2-a1-production-current/pdf-bilingual-dictionary-it-mk-nl-pilot-verify/pdf-bilingual-dictionary-it-mk-nl-pilot-verify.json,origin/cursor/pdf-bilingual-it-mk-nl-audit-only-17f5,5a373c9a0472f107e4d27865f6ff319ebaafe6eb,847
nl,ia-bsb-nieuw-woordenboek-nl-hoogduits-1787,archive.org,,de→x,Machtgier,NOT_FOUND,,,reports/g2-a1-production-current/pdf-bilingual-dictionary-it-mk-nl-pilot-verify/pdf-bilingual-dictionary-it-mk-nl-pilot-verify.json,origin/cursor/pdf-bilingual-it-mk-nl-audit-only-17f5,5a373c9a0472f107e4d27865f6ff319ebaafe6eb,847
mk,web-makedonisch-info-de-mk,web,,de→x,Haus,NOT_FOUND,,,reports/g2-a1-production-current/pdf-bilingual-dictionary-it-mk-nl-pilot-verify/pdf-bilingual-dictionary-it-mk-nl-pilot-verify.json,origin/cursor/pdf-bilingual-it-mk-nl-audit-only-17f5,5a373c9a0472f107e4d27865f6ff319ebaafe6eb,847
mk,web-makedonisch-info-de-mk,web,,de→x,arbeiten,NOT_FOUND,,,reports/g2-a1-production-current/pdf-bilingual-dictionary-it-mk-nl-pilot-verify/pdf-bilingual-dictionary-it-mk-nl-pilot-verify.json,origin/cursor/pdf-bilingual-it-mk-nl-audit-only-17f5,5a373c9a0472f107e4d27865f6ff319ebaafe6eb,847
mk,web-makedonisch-info-de-mk,web,,de→x,Kleingeld,NOT_FOUND,,,reports/g2-a1-production-current/pdf-bilingual-dictionary-it-mk-nl-pilot-verify/pdf-bilingual-dictionary-it-mk-nl-pilot-verify.json,origin/cursor/pdf-bilingual-it-mk-nl-audit-only-17f5,5a373c9a0472f107e4d27865f6ff319ebaafe6eb,847
mk,web-makedonisch-info-de-mk,web,,de→x,bewirten,NOT_FOUND,,,reports/g2-a1-production-current/pdf-bilingual-dictionary-it-mk-nl-pilot-verify/pdf-bilingual-dictionary-it-mk-nl-pilot-verify.json,origin/cursor/pdf-bilingual-it-mk-nl-audit-only-17f5,5a373c9a0472f107e4d27865f6ff319ebaafe6eb,847
mk,web-makedonisch-info-de-mk,web,,de→x,Grenzkonflikt,NOT_FOUND,,,reports/g2-a1-production-current/pdf-bilingual-dictionary-it-mk-nl-pilot-verify/pdf-bilingual-dictionary-it-mk-nl-pilot-verify.json,origin/cursor/pdf-bilingual-it-mk-nl-audit-only-17f5,5a373c9a0472f107e4d27865f6ff319ebaafe6eb,847
mk,web-makedonisch-info-de-mk,web,,de→x,Machtgier,NOT_FOUND,,,reports/g2-a1-production-current/pdf-bilingual-dictionary-it-mk-nl-pilot-verify/pdf-bilingual-dictionary-it-mk-nl-pilot-verify.json,origin/cursor/pdf-bilingual-it-mk-nl-audit-only-17f5,5a373c9a0472f107e4d27865f6ff319ebaafe6eb,847
pl,jbc.bj.uj.edu.pl.NDIGDRUK014604,web,https://jbc.bj.uj.edu.pl/dlibra/doccontent?id=330399,de→pl,Haus,AMBIGUOUS,https://archive.org/details/jbc.bj.uj.edu.pl.NDIGDRUK014604/page/n64,,reports/g2-a1-production-current/pdf-bilingual-dictionary-lv-lt-pl-pilot/pdf-bilingual-dictionary-lv-lt-pl-pilot-verification.json,origin/cursor/g2-a1-lt-pl-uk-audit-only-17f5,4b809f552aab077c2b820138a326518d196805fb,850
pl,jbc.bj.uj.edu.pl.NDIGDRUK014604,web,https://jbc.bj.uj.edu.pl/dlibra/doccontent?id=330399,de→pl,arbeiten,FOUND,https://archive.org/details/jbc.bj.uj.edu.pl.NDIGDRUK014604/page/n113,,reports/g2-a1-production-current/pdf-bilingual-dictionary-lv-lt-pl-pilot/pdf-bilingual-dictionary-lv-lt-pl-pilot-verification.json,origin/cursor/g2-a1-lt-pl-uk-audit-only-17f5,4b809f552aab077c2b820138a326518d196805fb,850
pl,jbc.bj.uj.edu.pl.NDIGDRUK014604,web,https://jbc.bj.uj.edu.pl/dlibra/doccontent?id=330399,de→pl,Kleingeld,NOT_FOUND,,,reports/g2-a1-production-current/pdf-bilingual-dictionary-lv-lt-pl-pilot/pdf-bilingual-dictionary-lv-lt-pl-pilot-verification.json,origin/cursor/g2-a1-lt-pl-uk-audit-only-17f5,4b809f552aab077c2b820138a326518d196805fb,850
pl,jbc.bj.uj.edu.pl.NDIGDRUK014604,web,https://jbc.bj.uj.edu.pl/dlibra/doccontent?id=330399,de→pl,bewirten,NOT_FOUND,,,reports/g2-a1-production-current/pdf-bilingual-dictionary-lv-lt-pl-pilot/pdf-bilingual-dictionary-lv-lt-pl-pilot-verification.json,origin/cursor/g2-a1-lt-pl-uk-audit-only-17f5,4b809f552aab077c2b820138a326518d196805fb,850
pl,jbc.bj.uj.edu.pl.NDIGDRUK014604,web,https://jbc.bj.uj.edu.pl/dlibra/doccontent?id=330399,de→pl,Grenzkonflikt,NOT_FOUND,,,reports/g2-a1-production-current/pdf-bilingual-dictionary-lv-lt-pl-pilot/pdf-bilingual-dictionary-lv-lt-pl-pilot-verification.json,origin/cursor/g2-a1-lt-pl-uk-audit-only-17f5,4b809f552aab077c2b820138a326518d196805fb,850
pl,jbc.bj.uj.edu.pl.NDIGDRUK014604,web,https://jbc.bj.uj.edu.pl/dlibra/doccontent?id=330399,de→pl,Machtgier,NOT_FOUND,,,reports/g2-a1-production-current/pdf-bilingual-dictionary-lv-lt-pl-pilot/pdf-bilingual-dictionary-lv-lt-pl-pilot-verification.json,origin/cursor/g2-a1-lt-pl-uk-audit-only-17f5,4b809f552aab077c2b820138a326518d196805fb,850
pl,jbc.bj.uj.edu.pl.NDIGDRUK014605,web,https://jbc.bj.uj.edu.pl/dlibra/publication/345998,pl→de,Haus,FOUND,https://archive.org/details/jbc.bj.uj.edu.pl.NDIGDRUK014605/page/n78,,reports/g2-a1-production-current/pdf-bilingual-dictionary-lv-lt-pl-pilot/pdf-bilingual-dictionary-lv-lt-pl-pilot-verification.json,origin/cursor/g2-a1-lt-pl-uk-audit-only-17f5,4b809f552aab077c2b820138a326518d196805fb,850
pl,jbc.bj.uj.edu.pl.NDIGDRUK014605,web,https://jbc.bj.uj.edu.pl/dlibra/publication/345998,pl→de,arbeiten,NOT_FOUND,,,reports/g2-a1-production-current/pdf-bilingual-dictionary-lv-lt-pl-pilot/pdf-bilingual-dictionary-lv-lt-pl-pilot-verification.json,origin/cursor/g2-a1-lt-pl-uk-audit-only-17f5,4b809f552aab077c2b820138a326518d196805fb,850
pl,jbc.bj.uj.edu.pl.NDIGDRUK014605,web,https://jbc.bj.uj.edu.pl/dlibra/publication/345998,pl→de,Kleingeld,NOT_FOUND,,,reports/g2-a1-production-current/pdf-bilingual-dictionary-lv-lt-pl-pilot/pdf-bilingual-dictionary-lv-lt-pl-pilot-verification.json,origin/cursor/g2-a1-lt-pl-uk-audit-only-17f5,4b809f552aab077c2b820138a326518d196805fb,850
pl,jbc.bj.uj.edu.pl.NDIGDRUK014605,web,https://jbc.bj.uj.edu.pl/dlibra/publication/345998,pl→de,bewirten,NOT_FOUND,,,reports/g2-a1-production-current/pdf-bilingual-dictionary-lv-lt-pl-pilot/pdf-bilingual-dictionary-lv-lt-pl-pilot-verification.json,origin/cursor/g2-a1-lt-pl-uk-audit-only-17f5,4b809f552aab077c2b820138a326518d196805fb,850
pl,jbc.bj.uj.edu.pl.NDIGDRUK014605,web,https://jbc.bj.uj.edu.pl/dlibra/publication/345998,pl→de,Grenzkonflikt,NOT_FOUND,,,reports/g2-a1-production-current/pdf-bilingual-dictionary-lv-lt-pl-pilot/pdf-bilingual-dictionary-lv-lt-pl-pilot-verification.json,origin/cursor/g2-a1-lt-pl-uk-audit-only-17f5,4b809f552aab077c2b820138a326518d196805fb,850
pl,jbc.bj.uj.edu.pl.NDIGDRUK014605,web,https://jbc.bj.uj.edu.pl/dlibra/publication/345998,pl→de,Machtgier,NOT_FOUND,,,reports/g2-a1-production-current/pdf-bilingual-dictionary-lv-lt-pl-pilot/pdf-bilingual-dictionary-lv-lt-pl-pilot-verification.json,origin/cursor/g2-a1-lt-pl-uk-audit-only-17f5,4b809f552aab077c2b820138a326518d196805fb,850
lv,bub_gb_vFhKAAAAcAAJ,archive.org,https://dom.lndb.lv/data/obj/1709940.html,de→lv,Haus,NOT_FOUND,,,reports/g2-a1-production-current/pdf-bilingual-dictionary-lv-lt-pl-pilot/pdf-bilingual-dictionary-lv-lt-pl-pilot-verification.json,origin/cursor/g2-a1-lt-pl-uk-audit-only-17f5,4b809f552aab077c2b820138a326518d196805fb,850
lv,bub_gb_vFhKAAAAcAAJ,archive.org,https://dom.lndb.lv/data/obj/1709940.html,de→lv,arbeiten,AMBIGUOUS,https://archive.org/details/bub_gb_vFhKAAAAcAAJ/page/n74,,reports/g2-a1-production-current/pdf-bilingual-dictionary-lv-lt-pl-pilot/pdf-bilingual-dictionary-lv-lt-pl-pilot-verification.json,origin/cursor/g2-a1-lt-pl-uk-audit-only-17f5,4b809f552aab077c2b820138a326518d196805fb,850
lv,bub_gb_vFhKAAAAcAAJ,archive.org,https://dom.lndb.lv/data/obj/1709940.html,de→lv,Kleingeld,NOT_FOUND,,,reports/g2-a1-production-current/pdf-bilingual-dictionary-lv-lt-pl-pilot/pdf-bilingual-dictionary-lv-lt-pl-pilot-verification.json,origin/cursor/g2-a1-lt-pl-uk-audit-only-17f5,4b809f552aab077c2b820138a326518d196805fb,850
lv,bub_gb_vFhKAAAAcAAJ,archive.org,https://dom.lndb.lv/data/obj/1709940.html,de→lv,bewirten,NOT_FOUND,,,reports/g2-a1-production-current/pdf-bilingual-dictionary-lv-lt-pl-pilot/pdf-bilingual-dictionary-lv-lt-pl-pilot-verification.json,origin/cursor/g2-a1-lt-pl-uk-audit-only-17f5,4b809f552aab077c2b820138a326518d196805fb,850
lv,bub_gb_vFhKAAAAcAAJ,archive.org,https://dom.lndb.lv/data/obj/1709940.html,de→lv,Grenzkonflikt,NOT_FOUND,,,reports/g2-a1-production-current/pdf-bilingual-dictionary-lv-lt-pl-pilot/pdf-bilingual-dictionary-lv-lt-pl-pilot-verification.json,origin/cursor/g2-a1-lt-pl-uk-audit-only-17f5,4b809f552aab077c2b820138a326518d196805fb,850
lv,bub_gb_vFhKAAAAcAAJ,archive.org,https://dom.lndb.lv/data/obj/1709940.html,de→lv,Machtgier,NOT_FOUND,,,reports/g2-a1-production-current/pdf-bilingual-dictionary-lv-lt-pl-pilot/pdf-bilingual-dictionary-lv-lt-pl-pilot-verification.json,origin/cursor/g2-a1-lt-pl-uk-audit-only-17f5,4b809f552aab077c2b820138a326518d196805fb,850
lt,zodynas-t.-3-1957,web,,lt→de,Haus,NOT_FOUND,,,reports/g2-a1-production-current/pdf-bilingual-dictionary-lv-lt-pl-pilot/pdf-bilingual-dictionary-lv-lt-pl-pilot-verification.json,origin/cursor/g2-a1-lt-pl-uk-audit-only-17f5,4b809f552aab077c2b820138a326518d196805fb,850
lt,zodynas-t.-3-1957,web,,lt→de,arbeiten,NOT_FOUND,,,reports/g2-a1-production-current/pdf-bilingual-dictionary-lv-lt-pl-pilot/pdf-bilingual-dictionary-lv-lt-pl-pilot-verification.json,origin/cursor/g2-a1-lt-pl-uk-audit-only-17f5,4b809f552aab077c2b820138a326518d196805fb,850
lt,ekalba-de-lt,web,https://ekalba.lt/vokieciu-lietuviu-kalbu-zodynas/,de→lt,Haus,FOUND,https://ekalba.lt/vokieciu-lietuviu-kalbu-zodynas/Haus?i=32b14ac4-c7e6-4aca-b722-bde8f8168bad,,reports/g2-a1-production-current/lt-de-pilot-ekalba-lki-zodynas/lt-de-pilot-ekalba-lki-zodynas-verification.json,origin/cursor/g2-a1-lt-pl-uk-audit-only-17f5,4b809f552aab077c2b820138a326518d196805fb,850
lt,ekalba-de-lt,web,https://ekalba.lt/vokieciu-lietuviu-kalbu-zodynas/,de→lt,arbeiten,FOUND,https://ekalba.lt/vokieciu-lietuviu-kalbu-zodynas/arbeiten?i=2aeb2719-576a-4819-83ec-4fa822c20c2d,,reports/g2-a1-production-current/lt-de-pilot-ekalba-lki-zodynas/lt-de-pilot-ekalba-lki-zodynas-verification.json,origin/cursor/g2-a1-lt-pl-uk-audit-only-17f5,4b809f552aab077c2b820138a326518d196805fb,850
lt,ekalba-de-lt,web,https://ekalba.lt/vokieciu-lietuviu-kalbu-zodynas/,de→lt,Kleingeld,FOUND,https://ekalba.lt/vokieciu-lietuviu-kalbu-zodynas/Kleingeld?paieska=Kleingeld&i=f8697769-4fb6-471a-96ca-b0b2e63d899d,,reports/g2-a1-production-current/lt-de-pilot-ekalba-lki-zodynas/lt-de-pilot-ekalba-lki-zodynas-verification.json,origin/cursor/g2-a1-lt-pl-uk-audit-only-17f5,4b809f552aab077c2b820138a326518d196805fb,850
lt,ekalba-de-lt,web,https://ekalba.lt/vokieciu-lietuviu-kalbu-zodynas/,de→lt,bewirten,FOUND,https://ekalba.lt/vokieciu-lietuviu-kalbu-zodynas/bewirten?paieska=bewirten&i=1501ec18-60c5-43d9-9faf-e23d0840edd0,,reports/g2-a1-production-current/lt-de-pilot-ekalba-lki-zodynas/lt-de-pilot-ekalba-lki-zodynas-verification.json,origin/cursor/g2-a1-lt-pl-uk-audit-only-17f5,4b809f552aab077c2b820138a326518d196805fb,850
lt,ekalba-de-lt,web,https://ekalba.lt/vokieciu-lietuviu-kalbu-zodynas/,de→lt,Grenzkonflikt,NOT_FOUND,https://ekalba.lt/vokieciu-lietuviu-kalbu-zodynas/?paieska=Grenzkonflikt,,reports/g2-a1-production-current/lt-de-pilot-ekalba-lki-zodynas/lt-de-pilot-ekalba-lki-zodynas-verification.json,origin/cursor/g2-a1-lt-pl-uk-audit-only-17f5,4b809f552aab077c2b820138a326518d196805fb,850
lt,ekalba-de-lt,web,https://ekalba.lt/vokieciu-lietuviu-kalbu-zodynas/,de→lt,Machtgier,NOT_FOUND,https://ekalba.lt/vokieciu-lietuviu-kalbu-zodynas/?paieska=Machtgier,,reports/g2-a1-production-current/lt-de-pilot-ekalba-lki-zodynas/lt-de-pilot-ekalba-lki-zodynas-verification.json,origin/cursor/g2-a1-lt-pl-uk-audit-only-17f5,4b809f552aab077c2b820138a326518d196805fb,850
lt,ekalba-lt-de,web,https://ekalba.lt/lietuviu-vokieciu-kalbu-zodynas/,lt→de,Haus,FOUND,https://ekalba.lt/lietuviu-vokieciu-kalbu-zodynas/namas?i=0cdbd720-ccec-48f1-a8a1-e3cd960c1301,,reports/g2-a1-production-current/lt-de-pilot-ekalba-lki-zodynas/lt-de-pilot-ekalba-lki-zodynas-verification.json,origin/cursor/g2-a1-lt-pl-uk-audit-only-17f5,4b809f552aab077c2b820138a326518d196805fb,850
lt,ekalba-lt-de,web,https://ekalba.lt/lietuviu-vokieciu-kalbu-zodynas/,lt→de,arbeiten,FOUND,https://ekalba.lt/lietuviu-vokieciu-kalbu-zodynas/dirbti?i=3ed0c8c1-5f67-4dde-9f74-4f1eca06eaf6,,reports/g2-a1-production-current/lt-de-pilot-ekalba-lki-zodynas/lt-de-pilot-ekalba-lki-zodynas-verification.json,origin/cursor/g2-a1-lt-pl-uk-audit-only-17f5,4b809f552aab077c2b820138a326518d196805fb,850
lt,ekalba-lt-de,web,https://ekalba.lt/lietuviu-vokieciu-kalbu-zodynas/,lt→de,Kleingeld,FOUND,https://ekalba.lt/lietuviu-vokieciu-kalbu-zodynas/smulkus?i=0e556c07-f528-4bc7-aef1-6c786ac7814e,,reports/g2-a1-production-current/lt-de-pilot-ekalba-lki-zodynas/lt-de-pilot-ekalba-lki-zodynas-verification.json,origin/cursor/g2-a1-lt-pl-uk-audit-only-17f5,4b809f552aab077c2b820138a326518d196805fb,850
lt,ekalba-lt-de,web,https://ekalba.lt/lietuviu-vokieciu-kalbu-zodynas/,lt→de,bewirten,FOUND,https://ekalba.lt/lietuviu-vokieciu-kalbu-zodynas/vai%C5%A1inti?paieska=vai%C5%A1inti&i=99055672-eaf3-4960-a8c1-f2950de4631d,,reports/g2-a1-production-current/lt-de-pilot-ekalba-lki-zodynas/lt-de-pilot-ekalba-lki-zodynas-verification.json,origin/cursor/g2-a1-lt-pl-uk-audit-only-17f5,4b809f552aab077c2b820138a326518d196805fb,850
lt,ekalba-lt-de,web,https://ekalba.lt/lietuviu-vokieciu-kalbu-zodynas/,lt→de,Grenzkonflikt,NOT_FOUND,https://ekalba.lt/lietuviu-vokieciu-kalbu-zodynas/?paieska=pasienio%20konfliktas,,reports/g2-a1-production-current/lt-de-pilot-ekalba-lki-zodynas/lt-de-pilot-ekalba-lki-zodynas-verification.json,origin/cursor/g2-a1-lt-pl-uk-audit-only-17f5,4b809f552aab077c2b820138a326518d196805fb,850
lt,ekalba-lt-de,web,https://ekalba.lt/lietuviu-vokieciu-kalbu-zodynas/,lt→de,Machtgier,NOT_FOUND,https://ekalba.lt/lietuviu-vokieciu-kalbu-zodynas/?paieska=vald%C5%BEios%20geidulys,,reports/g2-a1-production-current/lt-de-pilot-ekalba-lki-zodynas/lt-de-pilot-ekalba-lki-zodynas-verification.json,origin/cursor/g2-a1-lt-pl-uk-audit-only-17f5,4b809f552aab077c2b820138a326518d196805fb,850
lt,lki-zodynas-ia,web,,de→lt,Haus,FOUND,https://archive.org/details/zodynas-t.-2-1951/page/117/mode/2up?q=n%C3%A4mas%2C+-o&search=n%C3%A4mas%2C+-o,,reports/g2-a1-production-current/lt-de-pilot-ekalba-lki-zodynas/lt-de-pilot-ekalba-lki-zodynas-verification.json,origin/cursor/g2-a1-lt-pl-uk-audit-only-17f5,4b809f552aab077c2b820138a326518d196805fb,850
lt,lki-zodynas-ia,web,,de→lt,arbeiten,FOUND,https://archive.org/details/zodynas-t.-1-1932/page/124/mode/2up?q=dirbti+Arbeitszimmer&search=dirbti+Arbeitszimmer,,reports/g2-a1-production-current/lt-de-pilot-ekalba-lki-zodynas/lt-de-pilot-ekalba-lki-zodynas-verification.json,origin/cursor/g2-a1-lt-pl-uk-audit-only-17f5,4b809f552aab077c2b820138a326518d196805fb,850
lt,lki-zodynas-ia,web,,de→lt,Kleingeld,FOUND,https://archive.org/details/zodynas-t.-3-1957/page/95/mode/2up?q=pinigai+Kleingeld&search=pinigai+Kleingeld,,reports/g2-a1-production-current/lt-de-pilot-ekalba-lki-zodynas/lt-de-pilot-ekalba-lki-zodynas-verification.json,origin/cursor/g2-a1-lt-pl-uk-audit-only-17f5,4b809f552aab077c2b820138a326518d196805fb,850
lt,lki-zodynas-ia,web,,de→lt,bewirten,FOUND,https://archive.org/details/zodynas-t.-5-1968/page/185/mode/2up?q=gastlich%29+bewirten&search=gastlich%29+bewirten,,reports/g2-a1-production-current/lt-de-pilot-ekalba-lki-zodynas/lt-de-pilot-ekalba-lki-zodynas-verification.json,origin/cursor/g2-a1-lt-pl-uk-audit-only-17f5,4b809f552aab077c2b820138a326518d196805fb,850
lt,lki-zodynas-ia,web,,de→lt,Grenzkonflikt,NOT_FOUND,,,reports/g2-a1-production-current/lt-de-pilot-ekalba-lki-zodynas/lt-de-pilot-ekalba-lki-zodynas-verification.json,origin/cursor/g2-a1-lt-pl-uk-audit-only-17f5,4b809f552aab077c2b820138a326518d196805fb,850
lt,lki-zodynas-ia,web,,de→lt,Machtgier,NOT_FOUND,,,reports/g2-a1-production-current/lt-de-pilot-ekalba-lki-zodynas/lt-de-pilot-ekalba-lki-zodynas-verification.json,origin/cursor/g2-a1-lt-pl-uk-audit-only-17f5,4b809f552aab077c2b820138a326518d196805fb,850
uk,udew,web,,de→uk,Haus,FOUND,https://udew.uni-leipzig.de/udew/ukrainisch_deutsch_online.htm?input=Haus,,reports/g2-a1-production-current/card-translation-uk-bilingual-sources/uk-bilingual-source-pilot-verification.json,origin/cursor/g2-a1-lt-pl-uk-audit-only-17f5,4b809f552aab077c2b820138a326518d196805fb,850
uk,udew,web,,de→uk,arbeiten,FOUND,https://udew.uni-leipzig.de/udew/ukrainisch_deutsch_online.htm?input=arbeiten,,reports/g2-a1-production-current/card-translation-uk-bilingual-sources/uk-bilingual-source-pilot-verification.json,origin/cursor/g2-a1-lt-pl-uk-audit-only-17f5,4b809f552aab077c2b820138a326518d196805fb,850
uk,udew,web,,de→uk,Kleingeld,FOUND,https://udew.uni-leipzig.de/udew/ukrainisch_deutsch_online.htm?input=Kleingeld,,reports/g2-a1-production-current/card-translation-uk-bilingual-sources/uk-bilingual-source-pilot-verification.json,origin/cursor/g2-a1-lt-pl-uk-audit-only-17f5,4b809f552aab077c2b820138a326518d196805fb,850
uk,udew,web,,de→uk,bewirten,FOUND,https://udew.uni-leipzig.de/udew/ukrainisch_deutsch_online.htm?input=bewirten,,reports/g2-a1-production-current/card-translation-uk-bilingual-sources/uk-bilingual-source-pilot-verification.json,origin/cursor/g2-a1-lt-pl-uk-audit-only-17f5,4b809f552aab077c2b820138a326518d196805fb,850
uk,udew,web,,de→uk,Grenzkonflikt,NOT_FOUND,https://udew.uni-leipzig.de/udew/ukrainisch_deutsch_online.htm?input=Grenzkonflikt,,reports/g2-a1-production-current/card-translation-uk-bilingual-sources/uk-bilingual-source-pilot-verification.json,origin/cursor/g2-a1-lt-pl-uk-audit-only-17f5,4b809f552aab077c2b820138a326518d196805fb,850
uk,udew,web,,de→uk,Machtgier,NOT_FOUND,https://udew.uni-leipzig.de/udew/ukrainisch_deutsch_online.htm?input=Machtgier,,reports/g2-a1-production-current/card-translation-uk-bilingual-sources/uk-bilingual-source-pilot-verification.json,origin/cursor/g2-a1-lt-pl-uk-audit-only-17f5,4b809f552aab077c2b820138a326518d196805fb,850
uk,udew,web,,uk→de,Haus,FOUND,https://udew.uni-leipzig.de/udew/ukrainisch_deutsch_online.htm?input=%D0%B1%D1%83%D0%B4%D0%B8%D0%BD%D0%BE%D0%BA,,reports/g2-a1-production-current/card-translation-uk-bilingual-sources/uk-bilingual-source-pilot-verification.json,origin/cursor/g2-a1-lt-pl-uk-audit-only-17f5,4b809f552aab077c2b820138a326518d196805fb,850
uk,udew,web,,uk→de,arbeiten,FOUND,https://udew.uni-leipzig.de/udew/ukrainisch_deutsch_online.htm?input=%D0%BF%D1%80%D0%B0%D1%86%D1%8E%D0%B2%D0%B0%D1%82%D0%B8,,reports/g2-a1-production-current/card-translation-uk-bilingual-sources/uk-bilingual-source-pilot-verification.json,origin/cursor/g2-a1-lt-pl-uk-audit-only-17f5,4b809f552aab077c2b820138a326518d196805fb,850
uk,dict-cc-de-uk,web,,de→uk,Haus,FOUND,https://deuk.dict.cc/?s=Haus,,reports/g2-a1-production-current/card-translation-uk-bilingual-sources/uk-bilingual-source-pilot-verification.json,origin/cursor/g2-a1-lt-pl-uk-audit-only-17f5,4b809f552aab077c2b820138a326518d196805fb,850
uk,dict-cc-de-uk,web,,de→uk,arbeiten,FOUND,https://deuk.dict.cc/?s=arbeiten,,reports/g2-a1-production-current/card-translation-uk-bilingual-sources/uk-bilingual-source-pilot-verification.json,origin/cursor/g2-a1-lt-pl-uk-audit-only-17f5,4b809f552aab077c2b820138a326518d196805fb,850
uk,dict-cc-de-uk,web,,de→uk,Kleingeld,NOT_FOUND,https://deuk.dict.cc/?s=Kleingeld,,reports/g2-a1-production-current/card-translation-uk-bilingual-sources/uk-bilingual-source-pilot-verification.json,origin/cursor/g2-a1-lt-pl-uk-audit-only-17f5,4b809f552aab077c2b820138a326518d196805fb,850
uk,dict-cc-de-uk,web,,de→uk,bewirten,NOT_FOUND,https://deuk.dict.cc/?s=bewirten,,reports/g2-a1-production-current/card-translation-uk-bilingual-sources/uk-bilingual-source-pilot-verification.json,origin/cursor/g2-a1-lt-pl-uk-audit-only-17f5,4b809f552aab077c2b820138a326518d196805fb,850
uk,dict-cc-de-uk,web,,de→uk,Grenzkonflikt,NOT_FOUND,https://deuk.dict.cc/?s=Grenzkonflikt,,reports/g2-a1-production-current/card-translation-uk-bilingual-sources/uk-bilingual-source-pilot-verification.json,origin/cursor/g2-a1-lt-pl-uk-audit-only-17f5,4b809f552aab077c2b820138a326518d196805fb,850
uk,dict-cc-de-uk,web,,de→uk,Machtgier,NOT_FOUND,https://deuk.dict.cc/?s=Machtgier,,reports/g2-a1-production-current/card-translation-uk-bilingual-sources/uk-bilingual-source-pilot-verification.json,origin/cursor/g2-a1-lt-pl-uk-audit-only-17f5,4b809f552aab077c2b820138a326518d196805fb,850
uk,dict-cc-uk-de,web,,uk→de,Haus,FOUND,https://ukde.dict.cc/?s=%D0%B1%D1%83%D0%B4%D0%B8%D0%BD%D0%BE%D0%BA,,reports/g2-a1-production-current/card-translation-uk-bilingual-sources/uk-bilingual-source-pilot-verification.json,origin/cursor/g2-a1-lt-pl-uk-audit-only-17f5,4b809f552aab077c2b820138a326518d196805fb,850
uk,dict-cc-uk-de,web,,uk→de,arbeiten,FOUND,https://ukde.dict.cc/?s=%D0%BF%D1%80%D0%B0%D1%86%D1%8E%D0%B2%D0%B0%D1%82%D0%B8,,reports/g2-a1-production-current/card-translation-uk-bilingual-sources/uk-bilingual-source-pilot-verification.json,origin/cursor/g2-a1-lt-pl-uk-audit-only-17f5,4b809f552aab077c2b820138a326518d196805fb,850
uk,dict-cc-uk-de,web,,uk→de,Kleingeld,NOT_FOUND,https://ukde.dict.cc/?s=%D0%B4%D1%80%D1%96%D0%B1%D0%BD%D1%96,,reports/g2-a1-production-current/card-translation-uk-bilingual-sources/uk-bilingual-source-pilot-verification.json,origin/cursor/g2-a1-lt-pl-uk-audit-only-17f5,4b809f552aab077c2b820138a326518d196805fb,850
uk,dict-cc-uk-de,web,,uk→de,bewirten,NOT_FOUND,https://ukde.dict.cc/?s=%D0%B3%D0%BE%D1%81%D1%82%D1%83%D0%B2%D0%B0%D1%82%D0%B8,,reports/g2-a1-production-current/card-translation-uk-bilingual-sources/uk-bilingual-source-pilot-verification.json,origin/cursor/g2-a1-lt-pl-uk-audit-only-17f5,4b809f552aab077c2b820138a326518d196805fb,850
uk,dict-cc-uk-de,web,,uk→de,Grenzkonflikt,NOT_FOUND,https://ukde.dict.cc/?s=%D0%BF%D1%80%D0%B8%D0%BA%D0%BE%D1%80%D0%B4%D0%BE%D0%BD%D0%BD%D0%B8%D0%B9%20%D0%BA%D0%BE%D0%BD%D1%84%D0%BB%D1%96%D0%BA%D1%82,,reports/g2-a1-production-current/card-translation-uk-bilingual-sources/uk-bilingual-source-pilot-verification.json,origin/cursor/g2-a1-lt-pl-uk-audit-only-17f5,4b809f552aab077c2b820138a326518d196805fb,850
uk,dict-cc-uk-de,web,,uk→de,Machtgier,NOT_FOUND,https://ukde.dict.cc/?s=%D0%BF%D1%80%D0%B0%D0%B3%D0%BD%D0%B5%D0%BD%D0%BD%D1%8F%20%D0%B4%D0%BE%20%D0%B2%D0%BB%D0%B0%D0%B4%D0%B8,,reports/g2-a1-production-current/card-translation-uk-bilingual-sources/uk-bilingual-source-pilot-verification.json,origin/cursor/g2-a1-lt-pl-uk-audit-only-17f5,4b809f552aab077c2b820138a326518d196805fb,850
uk,lingea-dict-com,web,,de→uk,Haus,NOT_FOUND,https://dict.com/translate/german-ukrainian/haus,,reports/g2-a1-production-current/card-translation-uk-bilingual-sources/uk-bilingual-source-pilot-verification.json,origin/cursor/g2-a1-lt-pl-uk-audit-only-17f5,4b809f552aab077c2b820138a326518d196805fb,850
cs,pons-de-cs,web,https://de.pons.com/übersetzung/deutsch-tschechisch/,de→cs,Haus,FOUND,https://de.pons.com/%C3%BCbersetzung/deutsch-tschechisch/Haus,,reports/g2-a1-production-current/pdf-bilingual-dictionary-cs-sk-uk-pilot/pdf-bilingual-dictionary-cs-sk-uk-modern-sources.json,origin/cursor/pdf-bilingual-bg-bs-fr-pilot-17f5,28fbc9fa8175603867bf1b86f97cdb575c311d40,844
cs,pons-de-cs,web,https://de.pons.com/übersetzung/deutsch-tschechisch/,de→cs,arbeiten,FOUND,https://de.pons.com/%C3%BCbersetzung/deutsch-tschechisch/arbeiten,,reports/g2-a1-production-current/pdf-bilingual-dictionary-cs-sk-uk-pilot/pdf-bilingual-dictionary-cs-sk-uk-modern-sources.json,origin/cursor/pdf-bilingual-bg-bs-fr-pilot-17f5,28fbc9fa8175603867bf1b86f97cdb575c311d40,844
cs,pons-de-cs,web,https://de.pons.com/übersetzung/deutsch-tschechisch/,de→cs,Kleingeld,FOUND,https://de.pons.com/%C3%BCbersetzung/deutsch-tschechisch/Kleingeld,,reports/g2-a1-production-current/pdf-bilingual-dictionary-cs-sk-uk-pilot/pdf-bilingual-dictionary-cs-sk-uk-modern-sources.json,origin/cursor/pdf-bilingual-bg-bs-fr-pilot-17f5,28fbc9fa8175603867bf1b86f97cdb575c311d40,844
cs,pons-de-cs,web,https://de.pons.com/übersetzung/deutsch-tschechisch/,de→cs,bewirten,FOUND,https://de.pons.com/%C3%BCbersetzung/deutsch-tschechisch/bewirten,,reports/g2-a1-production-current/pdf-bilingual-dictionary-cs-sk-uk-pilot/pdf-bilingual-dictionary-cs-sk-uk-modern-sources.json,origin/cursor/pdf-bilingual-bg-bs-fr-pilot-17f5,28fbc9fa8175603867bf1b86f97cdb575c311d40,844
cs,pons-de-cs,web,https://de.pons.com/übersetzung/deutsch-tschechisch/,de→cs,Grenzkonflikt,FOUND,https://de.pons.com/%C3%BCbersetzung/deutsch-tschechisch/Grenzkonflikt,,reports/g2-a1-production-current/pdf-bilingual-dictionary-cs-sk-uk-pilot/pdf-bilingual-dictionary-cs-sk-uk-modern-sources.json,origin/cursor/pdf-bilingual-bg-bs-fr-pilot-17f5,28fbc9fa8175603867bf1b86f97cdb575c311d40,844
cs,pons-de-cs,web,https://de.pons.com/übersetzung/deutsch-tschechisch/,de→cs,Machtgier,FOUND,https://de.pons.com/%C3%BCbersetzung/deutsch-tschechisch?q=Machtgier,,reports/g2-a1-production-current/pdf-bilingual-dictionary-cs-sk-uk-pilot/pdf-bilingual-dictionary-cs-sk-uk-modern-sources.json,origin/cursor/pdf-bilingual-bg-bs-fr-pilot-17f5,28fbc9fa8175603867bf1b86f97cdb575c311d40,844
cs,pons-cs-de,web,https://de.pons.com/übersetzung/tschechisch-deutsch/,cs→de,Haus,FOUND,https://de.pons.com/%C3%BCbersetzung/tschechisch-deutsch/d%C5%AFm,,reports/g2-a1-production-current/pdf-bilingual-dictionary-cs-sk-uk-pilot/pdf-bilingual-dictionary-cs-sk-uk-modern-sources.json,origin/cursor/pdf-bilingual-bg-bs-fr-pilot-17f5,28fbc9fa8175603867bf1b86f97cdb575c311d40,844
cs,pons-cs-de,web,https://de.pons.com/übersetzung/tschechisch-deutsch/,cs→de,arbeiten,FOUND,https://de.pons.com/%C3%BCbersetzung/tschechisch-deutsch/pracovat,,reports/g2-a1-production-current/pdf-bilingual-dictionary-cs-sk-uk-pilot/pdf-bilingual-dictionary-cs-sk-uk-modern-sources.json,origin/cursor/pdf-bilingual-bg-bs-fr-pilot-17f5,28fbc9fa8175603867bf1b86f97cdb575c311d40,844
cs,pons-cs-de,web,https://de.pons.com/übersetzung/tschechisch-deutsch/,cs→de,Kleingeld,FOUND,https://de.pons.com/%C3%BCbersetzung/tschechisch-deutsch/drobn%C3%A9,,reports/g2-a1-production-current/pdf-bilingual-dictionary-cs-sk-uk-pilot/pdf-bilingual-dictionary-cs-sk-uk-modern-sources.json,origin/cursor/pdf-bilingual-bg-bs-fr-pilot-17f5,28fbc9fa8175603867bf1b86f97cdb575c311d40,844
cs,pons-cs-de,web,https://de.pons.com/übersetzung/tschechisch-deutsch/,cs→de,bewirten,FOUND,https://de.pons.com/%C3%BCbersetzung/tschechisch-deutsch/pohostit,,reports/g2-a1-production-current/pdf-bilingual-dictionary-cs-sk-uk-pilot/pdf-bilingual-dictionary-cs-sk-uk-modern-sources.json,origin/cursor/pdf-bilingual-bg-bs-fr-pilot-17f5,28fbc9fa8175603867bf1b86f97cdb575c311d40,844
cs,pons-cs-de,web,https://de.pons.com/übersetzung/tschechisch-deutsch/,cs→de,Grenzkonflikt,FOUND,https://de.pons.com/%C3%BCbersetzung/tschechisch-deutsch/pohrani%C4%8Dn%C3%AD+spor,,reports/g2-a1-production-current/pdf-bilingual-dictionary-cs-sk-uk-pilot/pdf-bilingual-dictionary-cs-sk-uk-modern-sources.json,origin/cursor/pdf-bilingual-bg-bs-fr-pilot-17f5,28fbc9fa8175603867bf1b86f97cdb575c311d40,844
cs,pons-cs-de,web,https://de.pons.com/übersetzung/tschechisch-deutsch/,cs→de,Machtgier,NOT_FOUND,https://de.pons.com/%C3%BCbersetzung/tschechisch-deutsch?q=touha+po+moci,,reports/g2-a1-production-current/pdf-bilingual-dictionary-cs-sk-uk-pilot/pdf-bilingual-dictionary-cs-sk-uk-modern-sources.json,origin/cursor/pdf-bilingual-bg-bs-fr-pilot-17f5,28fbc9fa8175603867bf1b86f97cdb575c311d40,844
cs,langenscheidt-de-cs,web,https://en.langenscheidt.com/german-czech,de→cs,Haus,FOUND,https://en.langenscheidt.com/german-czech/haus,,reports/g2-a1-production-current/pdf-bilingual-dictionary-cs-sk-uk-pilot/pdf-bilingual-dictionary-cs-sk-uk-modern-sources.json,origin/cursor/pdf-bilingual-bg-bs-fr-pilot-17f5,28fbc9fa8175603867bf1b86f97cdb575c311d40,844
cs,langenscheidt-de-cs,web,https://en.langenscheidt.com/german-czech,de→cs,arbeiten,FOUND,https://en.langenscheidt.com/german-czech/arbeiten,,reports/g2-a1-production-current/pdf-bilingual-dictionary-cs-sk-uk-pilot/pdf-bilingual-dictionary-cs-sk-uk-modern-sources.json,origin/cursor/pdf-bilingual-bg-bs-fr-pilot-17f5,28fbc9fa8175603867bf1b86f97cdb575c311d40,844
cs,langenscheidt-de-cs,web,https://en.langenscheidt.com/german-czech,de→cs,Kleingeld,FOUND,https://en.langenscheidt.com/german-czech/kleingeld,,reports/g2-a1-production-current/pdf-bilingual-dictionary-cs-sk-uk-pilot/pdf-bilingual-dictionary-cs-sk-uk-modern-sources.json,origin/cursor/pdf-bilingual-bg-bs-fr-pilot-17f5,28fbc9fa8175603867bf1b86f97cdb575c311d40,844
cs,langenscheidt-de-cs,web,https://en.langenscheidt.com/german-czech,de→cs,bewirten,FOUND,https://en.langenscheidt.com/german-czech/bewirten,,reports/g2-a1-production-current/pdf-bilingual-dictionary-cs-sk-uk-pilot/pdf-bilingual-dictionary-cs-sk-uk-modern-sources.json,origin/cursor/pdf-bilingual-bg-bs-fr-pilot-17f5,28fbc9fa8175603867bf1b86f97cdb575c311d40,844
cs,langenscheidt-de-cs,web,https://en.langenscheidt.com/german-czech,de→cs,Grenzkonflikt,FOUND,https://en.langenscheidt.com/german-czech/grenzkonflikt,,reports/g2-a1-production-current/pdf-bilingual-dictionary-cs-sk-uk-pilot/pdf-bilingual-dictionary-cs-sk-uk-modern-sources.json,origin/cursor/pdf-bilingual-bg-bs-fr-pilot-17f5,28fbc9fa8175603867bf1b86f97cdb575c311d40,844
cs,langenscheidt-de-cs,web,https://en.langenscheidt.com/german-czech,de→cs,Machtgier,NOT_FOUND,https://en.langenscheidt.com/german-czech/,,reports/g2-a1-production-current/pdf-bilingual-dictionary-cs-sk-uk-pilot/pdf-bilingual-dictionary-cs-sk-uk-modern-sources.json,origin/cursor/pdf-bilingual-bg-bs-fr-pilot-17f5,28fbc9fa8175603867bf1b86f97cdb575c311d40,844
cs,langenscheidt-cs-de,web,https://en.langenscheidt.com/czech-german,cs→de,Haus,FOUND,https://en.langenscheidt.com/czech-german/d%C5%AFm,,reports/g2-a1-production-current/pdf-bilingual-dictionary-cs-sk-uk-pilot/pdf-bilingual-dictionary-cs-sk-uk-modern-sources.json,origin/cursor/pdf-bilingual-bg-bs-fr-pilot-17f5,28fbc9fa8175603867bf1b86f97cdb575c311d40,844
cs,langenscheidt-cs-de,web,https://en.langenscheidt.com/czech-german,cs→de,arbeiten,FOUND,https://en.langenscheidt.com/czech-german/pracovat,,reports/g2-a1-production-current/pdf-bilingual-dictionary-cs-sk-uk-pilot/pdf-bilingual-dictionary-cs-sk-uk-modern-sources.json,origin/cursor/pdf-bilingual-bg-bs-fr-pilot-17f5,28fbc9fa8175603867bf1b86f97cdb575c311d40,844
cs,langenscheidt-cs-de,web,https://en.langenscheidt.com/czech-german,cs→de,Kleingeld,FOUND,https://en.langenscheidt.com/czech-german/drobn%C3%A9,,reports/g2-a1-production-current/pdf-bilingual-dictionary-cs-sk-uk-pilot/pdf-bilingual-dictionary-cs-sk-uk-modern-sources.json,origin/cursor/pdf-bilingual-bg-bs-fr-pilot-17f5,28fbc9fa8175603867bf1b86f97cdb575c311d40,844
cs,langenscheidt-cs-de,web,https://en.langenscheidt.com/czech-german,cs→de,bewirten,FOUND,https://en.langenscheidt.com/czech-german/pohostit,,reports/g2-a1-production-current/pdf-bilingual-dictionary-cs-sk-uk-pilot/pdf-bilingual-dictionary-cs-sk-uk-modern-sources.json,origin/cursor/pdf-bilingual-bg-bs-fr-pilot-17f5,28fbc9fa8175603867bf1b86f97cdb575c311d40,844
cs,langenscheidt-cs-de,web,https://en.langenscheidt.com/czech-german,cs→de,Grenzkonflikt,NOT_FOUND,https://en.langenscheidt.com/czech-german/,,reports/g2-a1-production-current/pdf-bilingual-dictionary-cs-sk-uk-pilot/pdf-bilingual-dictionary-cs-sk-uk-modern-sources.json,origin/cursor/pdf-bilingual-bg-bs-fr-pilot-17f5,28fbc9fa8175603867bf1b86f97cdb575c311d40,844
cs,langenscheidt-cs-de,web,https://en.langenscheidt.com/czech-german,cs→de,Machtgier,NOT_FOUND,https://en.langenscheidt.com/czech-german/,,reports/g2-a1-production-current/pdf-bilingual-dictionary-cs-sk-uk-pilot/pdf-bilingual-dictionary-cs-sk-uk-modern-sources.json,origin/cursor/pdf-bilingual-bg-bs-fr-pilot-17f5,28fbc9fa8175603867bf1b86f97cdb575c311d40,844
sk,langenscheidt-de-sk,web,https://en.langenscheidt.com/german-slovak,de→sk,Haus,FOUND,https://en.langenscheidt.com/german-slovak/haus,,reports/g2-a1-production-current/pdf-bilingual-dictionary-cs-sk-uk-pilot/pdf-bilingual-dictionary-cs-sk-uk-modern-sources.json,origin/cursor/pdf-bilingual-bg-bs-fr-pilot-17f5,28fbc9fa8175603867bf1b86f97cdb575c311d40,844
sk,langenscheidt-de-sk,web,https://en.langenscheidt.com/german-slovak,de→sk,arbeiten,FOUND,https://en.langenscheidt.com/german-slovak/arbeiten,,reports/g2-a1-production-current/pdf-bilingual-dictionary-cs-sk-uk-pilot/pdf-bilingual-dictionary-cs-sk-uk-modern-sources.json,origin/cursor/pdf-bilingual-bg-bs-fr-pilot-17f5,28fbc9fa8175603867bf1b86f97cdb575c311d40,844
sk,langenscheidt-de-sk,web,https://en.langenscheidt.com/german-slovak,de→sk,Kleingeld,FOUND,https://en.langenscheidt.com/german-slovak/kleingeld,,reports/g2-a1-production-current/pdf-bilingual-dictionary-cs-sk-uk-pilot/pdf-bilingual-dictionary-cs-sk-uk-modern-sources.json,origin/cursor/pdf-bilingual-bg-bs-fr-pilot-17f5,28fbc9fa8175603867bf1b86f97cdb575c311d40,844
sk,langenscheidt-de-sk,web,https://en.langenscheidt.com/german-slovak,de→sk,bewirten,FOUND,https://en.langenscheidt.com/german-slovak/bewirten,,reports/g2-a1-production-current/pdf-bilingual-dictionary-cs-sk-uk-pilot/pdf-bilingual-dictionary-cs-sk-uk-modern-sources.json,origin/cursor/pdf-bilingual-bg-bs-fr-pilot-17f5,28fbc9fa8175603867bf1b86f97cdb575c311d40,844
sk,langenscheidt-de-sk,web,https://en.langenscheidt.com/german-slovak,de→sk,Grenzkonflikt,NOT_FOUND,https://en.langenscheidt.com/german-slovak/,,reports/g2-a1-production-current/pdf-bilingual-dictionary-cs-sk-uk-pilot/pdf-bilingual-dictionary-cs-sk-uk-modern-sources.json,origin/cursor/pdf-bilingual-bg-bs-fr-pilot-17f5,28fbc9fa8175603867bf1b86f97cdb575c311d40,844
sk,langenscheidt-de-sk,web,https://en.langenscheidt.com/german-slovak,de→sk,Machtgier,NOT_FOUND,https://en.langenscheidt.com/german-slovak/,,reports/g2-a1-production-current/pdf-bilingual-dictionary-cs-sk-uk-pilot/pdf-bilingual-dictionary-cs-sk-uk-modern-sources.json,origin/cursor/pdf-bilingual-bg-bs-fr-pilot-17f5,28fbc9fa8175603867bf1b86f97cdb575c311d40,844
sk,langenscheidt-sk-de,web,https://en.langenscheidt.com/slovak-german,sk→de,Haus,FOUND,https://en.langenscheidt.com/slovak-german/dom,,reports/g2-a1-production-current/pdf-bilingual-dictionary-cs-sk-uk-pilot/pdf-bilingual-dictionary-cs-sk-uk-modern-sources.json,origin/cursor/pdf-bilingual-bg-bs-fr-pilot-17f5,28fbc9fa8175603867bf1b86f97cdb575c311d40,844
sk,langenscheidt-sk-de,web,https://en.langenscheidt.com/slovak-german,sk→de,arbeiten,FOUND,https://en.langenscheidt.com/slovak-german/pracova%C5%A5,,reports/g2-a1-production-current/pdf-bilingual-dictionary-cs-sk-uk-pilot/pdf-bilingual-dictionary-cs-sk-uk-modern-sources.json,origin/cursor/pdf-bilingual-bg-bs-fr-pilot-17f5,28fbc9fa8175603867bf1b86f97cdb575c311d40,844
sk,langenscheidt-sk-de,web,https://en.langenscheidt.com/slovak-german,sk→de,Kleingeld,FOUND,https://en.langenscheidt.com/slovak-german/drobn%C3%A9,,reports/g2-a1-production-current/pdf-bilingual-dictionary-cs-sk-uk-pilot/pdf-bilingual-dictionary-cs-sk-uk-modern-sources.json,origin/cursor/pdf-bilingual-bg-bs-fr-pilot-17f5,28fbc9fa8175603867bf1b86f97cdb575c311d40,844
sk,langenscheidt-sk-de,web,https://en.langenscheidt.com/slovak-german,sk→de,bewirten,NOT_FOUND,https://en.langenscheidt.com/slovak-german/,,reports/g2-a1-production-current/pdf-bilingual-dictionary-cs-sk-uk-pilot/pdf-bilingual-dictionary-cs-sk-uk-modern-sources.json,origin/cursor/pdf-bilingual-bg-bs-fr-pilot-17f5,28fbc9fa8175603867bf1b86f97cdb575c311d40,844
sk,langenscheidt-sk-de,web,https://en.langenscheidt.com/slovak-german,sk→de,Grenzkonflikt,NOT_FOUND,https://en.langenscheidt.com/slovak-german/,,reports/g2-a1-production-current/pdf-bilingual-dictionary-cs-sk-uk-pilot/pdf-bilingual-dictionary-cs-sk-uk-modern-sources.json,origin/cursor/pdf-bilingual-bg-bs-fr-pilot-17f5,28fbc9fa8175603867bf1b86f97cdb575c311d40,844
sk,langenscheidt-sk-de,web,https://en.langenscheidt.com/slovak-german,sk→de,Machtgier,NOT_FOUND,https://en.langenscheidt.com/slovak-german/,,reports/g2-a1-production-current/pdf-bilingual-dictionary-cs-sk-uk-pilot/pdf-bilingual-dictionary-cs-sk-uk-modern-sources.json,origin/cursor/pdf-bilingual-bg-bs-fr-pilot-17f5,28fbc9fa8175603867bf1b86f97cdb575c311d40,844
cs,dict-cc-de-cs,web,https://csde.dict.cc/,de→cs,Haus,FOUND,https://csde.dict.cc/?s=Haus,,reports/g2-a1-production-current/pdf-bilingual-dictionary-cs-sk-uk-pilot/pdf-bilingual-dictionary-cs-sk-uk-modern-sources.json,origin/cursor/pdf-bilingual-bg-bs-fr-pilot-17f5,28fbc9fa8175603867bf1b86f97cdb575c311d40,844
cs,dict-cc-de-cs,web,https://csde.dict.cc/,de→cs,arbeiten,NOT_FOUND,https://csde.dict.cc/?s=arbeiten,,reports/g2-a1-production-current/pdf-bilingual-dictionary-cs-sk-uk-pilot/pdf-bilingual-dictionary-cs-sk-uk-modern-sources.json,origin/cursor/pdf-bilingual-bg-bs-fr-pilot-17f5,28fbc9fa8175603867bf1b86f97cdb575c311d40,844
cs,dict-cc-de-cs,web,https://csde.dict.cc/,de→cs,Kleingeld,NOT_FOUND,https://csde.dict.cc/?s=Kleingeld,,reports/g2-a1-production-current/pdf-bilingual-dictionary-cs-sk-uk-pilot/pdf-bilingual-dictionary-cs-sk-uk-modern-sources.json,origin/cursor/pdf-bilingual-bg-bs-fr-pilot-17f5,28fbc9fa8175603867bf1b86f97cdb575c311d40,844
cs,dict-cc-de-cs,web,https://csde.dict.cc/,de→cs,bewirten,NOT_FOUND,https://csde.dict.cc/?s=bewirten,,reports/g2-a1-production-current/pdf-bilingual-dictionary-cs-sk-uk-pilot/pdf-bilingual-dictionary-cs-sk-uk-modern-sources.json,origin/cursor/pdf-bilingual-bg-bs-fr-pilot-17f5,28fbc9fa8175603867bf1b86f97cdb575c311d40,844
cs,dict-cc-de-cs,web,https://csde.dict.cc/,de→cs,Grenzkonflikt,NOT_FOUND,https://csde.dict.cc/?s=Grenzkonflikt,,reports/g2-a1-production-current/pdf-bilingual-dictionary-cs-sk-uk-pilot/pdf-bilingual-dictionary-cs-sk-uk-modern-sources.json,origin/cursor/pdf-bilingual-bg-bs-fr-pilot-17f5,28fbc9fa8175603867bf1b86f97cdb575c311d40,844
cs,dict-cc-de-cs,web,https://csde.dict.cc/,de→cs,Machtgier,NOT_FOUND,https://csde.dict.cc/?s=Machtgier,,reports/g2-a1-production-current/pdf-bilingual-dictionary-cs-sk-uk-pilot/pdf-bilingual-dictionary-cs-sk-uk-modern-sources.json,origin/cursor/pdf-bilingual-bg-bs-fr-pilot-17f5,28fbc9fa8175603867bf1b86f97cdb575c311d40,844
cs,dict-cc-cs-de,web,https://decs.dict.cc/,cs→de,Haus,FOUND,https://decs.dict.cc/?s=d%C5%AFm,,reports/g2-a1-production-current/pdf-bilingual-dictionary-cs-sk-uk-pilot/pdf-bilingual-dictionary-cs-sk-uk-modern-sources.json,origin/cursor/pdf-bilingual-bg-bs-fr-pilot-17f5,28fbc9fa8175603867bf1b86f97cdb575c311d40,844
cs,dict-cc-cs-de,web,https://decs.dict.cc/,cs→de,arbeiten,NOT_FOUND,https://decs.dict.cc/?s=pracovat,,reports/g2-a1-production-current/pdf-bilingual-dictionary-cs-sk-uk-pilot/pdf-bilingual-dictionary-cs-sk-uk-modern-sources.json,origin/cursor/pdf-bilingual-bg-bs-fr-pilot-17f5,28fbc9fa8175603867bf1b86f97cdb575c311d40,844
cs,dict-cc-cs-de,web,https://decs.dict.cc/,cs→de,Kleingeld,NOT_FOUND,https://decs.dict.cc/?s=drobn%C3%A9,,reports/g2-a1-production-current/pdf-bilingual-dictionary-cs-sk-uk-pilot/pdf-bilingual-dictionary-cs-sk-uk-modern-sources.json,origin/cursor/pdf-bilingual-bg-bs-fr-pilot-17f5,28fbc9fa8175603867bf1b86f97cdb575c311d40,844
cs,dict-cc-cs-de,web,https://decs.dict.cc/,cs→de,bewirten,NOT_FOUND,https://decs.dict.cc/?s=pohostit,,reports/g2-a1-production-current/pdf-bilingual-dictionary-cs-sk-uk-pilot/pdf-bilingual-dictionary-cs-sk-uk-modern-sources.json,origin/cursor/pdf-bilingual-bg-bs-fr-pilot-17f5,28fbc9fa8175603867bf1b86f97cdb575c311d40,844
cs,dict-cc-cs-de,web,https://decs.dict.cc/,cs→de,Grenzkonflikt,NOT_FOUND,https://decs.dict.cc/?s=pohrani%C4%8Dn%C3%AD%20spor,,reports/g2-a1-production-current/pdf-bilingual-dictionary-cs-sk-uk-pilot/pdf-bilingual-dictionary-cs-sk-uk-modern-sources.json,origin/cursor/pdf-bilingual-bg-bs-fr-pilot-17f5,28fbc9fa8175603867bf1b86f97cdb575c311d40,844
cs,dict-cc-cs-de,web,https://decs.dict.cc/,cs→de,Machtgier,NOT_FOUND,https://decs.dict.cc/?s=touha%20po%20moci,,reports/g2-a1-production-current/pdf-bilingual-dictionary-cs-sk-uk-pilot/pdf-bilingual-dictionary-cs-sk-uk-modern-sources.json,origin/cursor/pdf-bilingual-bg-bs-fr-pilot-17f5,28fbc9fa8175603867bf1b86f97cdb575c311d40,844
sk,dict-cc-de-sk,web,https://desk.dict.cc/,de→sk,Haus,FOUND,https://desk.dict.cc/?s=Haus,,reports/g2-a1-production-current/pdf-bilingual-dictionary-cs-sk-uk-pilot/pdf-bilingual-dictionary-cs-sk-uk-modern-sources.json,origin/cursor/pdf-bilingual-bg-bs-fr-pilot-17f5,28fbc9fa8175603867bf1b86f97cdb575c311d40,844
sk,dict-cc-de-sk,web,https://desk.dict.cc/,de→sk,arbeiten,FOUND,https://desk.dict.cc/?s=arbeiten,,reports/g2-a1-production-current/pdf-bilingual-dictionary-cs-sk-uk-pilot/pdf-bilingual-dictionary-cs-sk-uk-modern-sources.json,origin/cursor/pdf-bilingual-bg-bs-fr-pilot-17f5,28fbc9fa8175603867bf1b86f97cdb575c311d40,844
sk,dict-cc-de-sk,web,https://desk.dict.cc/,de→sk,Kleingeld,NOT_FOUND,https://desk.dict.cc/?s=Kleingeld,,reports/g2-a1-production-current/pdf-bilingual-dictionary-cs-sk-uk-pilot/pdf-bilingual-dictionary-cs-sk-uk-modern-sources.json,origin/cursor/pdf-bilingual-bg-bs-fr-pilot-17f5,28fbc9fa8175603867bf1b86f97cdb575c311d40,844
sk,dict-cc-de-sk,web,https://desk.dict.cc/,de→sk,bewirten,NOT_FOUND,https://desk.dict.cc/?s=bewirten,,reports/g2-a1-production-current/pdf-bilingual-dictionary-cs-sk-uk-pilot/pdf-bilingual-dictionary-cs-sk-uk-modern-sources.json,origin/cursor/pdf-bilingual-bg-bs-fr-pilot-17f5,28fbc9fa8175603867bf1b86f97cdb575c311d40,844
sk,dict-cc-de-sk,web,https://desk.dict.cc/,de→sk,Grenzkonflikt,NOT_FOUND,https://desk.dict.cc/?s=Grenzkonflikt,,reports/g2-a1-production-current/pdf-bilingual-dictionary-cs-sk-uk-pilot/pdf-bilingual-dictionary-cs-sk-uk-modern-sources.json,origin/cursor/pdf-bilingual-bg-bs-fr-pilot-17f5,28fbc9fa8175603867bf1b86f97cdb575c311d40,844
sk,dict-cc-de-sk,web,https://desk.dict.cc/,de→sk,Machtgier,NOT_FOUND,https://desk.dict.cc/?s=Machtgier,,reports/g2-a1-production-current/pdf-bilingual-dictionary-cs-sk-uk-pilot/pdf-bilingual-dictionary-cs-sk-uk-modern-sources.json,origin/cursor/pdf-bilingual-bg-bs-fr-pilot-17f5,28fbc9fa8175603867bf1b86f97cdb575c311d40,844
sk,dict-cc-sk-de,web,https://sk-de.dict.cc/,sk→de,Haus,FOUND,https://sk-de.dict.cc/?s=dom,,reports/g2-a1-production-current/pdf-bilingual-dictionary-cs-sk-uk-pilot/pdf-bilingual-dictionary-cs-sk-uk-modern-sources.json,origin/cursor/pdf-bilingual-bg-bs-fr-pilot-17f5,28fbc9fa8175603867bf1b86f97cdb575c311d40,844
sk,dict-cc-sk-de,web,https://sk-de.dict.cc/,sk→de,arbeiten,FOUND,https://sk-de.dict.cc/?s=pracova%C5%A5,,reports/g2-a1-production-current/pdf-bilingual-dictionary-cs-sk-uk-pilot/pdf-bilingual-dictionary-cs-sk-uk-modern-sources.json,origin/cursor/pdf-bilingual-bg-bs-fr-pilot-17f5,28fbc9fa8175603867bf1b86f97cdb575c311d40,844
sk,dict-cc-sk-de,web,https://sk-de.dict.cc/,sk→de,Kleingeld,NOT_FOUND,https://sk-de.dict.cc/?s=drobn%C3%A9,,reports/g2-a1-production-current/pdf-bilingual-dictionary-cs-sk-uk-pilot/pdf-bilingual-dictionary-cs-sk-uk-modern-sources.json,origin/cursor/pdf-bilingual-bg-bs-fr-pilot-17f5,28fbc9fa8175603867bf1b86f97cdb575c311d40,844
sk,dict-cc-sk-de,web,https://sk-de.dict.cc/,sk→de,bewirten,NOT_FOUND,https://sk-de.dict.cc/?s=pohosti%C5%A5,,reports/g2-a1-production-current/pdf-bilingual-dictionary-cs-sk-uk-pilot/pdf-bilingual-dictionary-cs-sk-uk-modern-sources.json,origin/cursor/pdf-bilingual-bg-bs-fr-pilot-17f5,28fbc9fa8175603867bf1b86f97cdb575c311d40,844
sk,dict-cc-sk-de,web,https://sk-de.dict.cc/,sk→de,Grenzkonflikt,NOT_FOUND,https://sk-de.dict.cc/?s=hrani%C4%8Dn%C3%BD%20konflikt,,reports/g2-a1-production-current/pdf-bilingual-dictionary-cs-sk-uk-pilot/pdf-bilingual-dictionary-cs-sk-uk-modern-sources.json,origin/cursor/pdf-bilingual-bg-bs-fr-pilot-17f5,28fbc9fa8175603867bf1b86f97cdb575c311d40,844
sk,dict-cc-sk-de,web,https://sk-de.dict.cc/,sk→de,Machtgier,NOT_FOUND,https://sk-de.dict.cc/?s=t%C3%BA%C5%BEba%20po%20moci,,reports/g2-a1-production-current/pdf-bilingual-dictionary-cs-sk-uk-pilot/pdf-bilingual-dictionary-cs-sk-uk-modern-sources.json,origin/cursor/pdf-bilingual-bg-bs-fr-pilot-17f5,28fbc9fa8175603867bf1b86f97cdb575c311d40,844
lv,letonika-de-lv-2001-plus,web,https://www.letonika.lv/groups/default.aspx?g=2&r=10311062,de→lv,Haus,FOUND,https://www.letonika.lv/groups/default.aspx?r=10311062&q=Haus&cid=190080,,reports/g2-a1-production-current/pdf-bilingual-dictionary-lv-lt-pl-pilot/pdf-bilingual-dictionary-lv-lt-pl-modern-sources.json,origin/cursor/g2-a1-lt-pl-uk-audit-only-17f5,4b809f552aab077c2b820138a326518d196805fb,850
lv,letonika-de-lv-2001-plus,web,https://www.letonika.lv/groups/default.aspx?g=2&r=10311062,de→lv,arbeiten,FOUND,https://www.letonika.lv/groups/default.aspx?r=10311062&q=arbeiten&cid=198925,,reports/g2-a1-production-current/pdf-bilingual-dictionary-lv-lt-pl-pilot/pdf-bilingual-dictionary-lv-lt-pl-modern-sources.json,origin/cursor/g2-a1-lt-pl-uk-audit-only-17f5,4b809f552aab077c2b820138a326518d196805fb,850
lv,letonika-de-lv-2001-plus,web,https://www.letonika.lv/groups/default.aspx?g=2&r=10311062,de→lv,Kleingeld,FOUND,https://www.letonika.lv/groups/default.aspx?r=10311062&q=Kleingeld&cid=175950,,reports/g2-a1-production-current/pdf-bilingual-dictionary-lv-lt-pl-pilot/pdf-bilingual-dictionary-lv-lt-pl-modern-sources.json,origin/cursor/g2-a1-lt-pl-uk-audit-only-17f5,4b809f552aab077c2b820138a326518d196805fb,850
lv,letonika-de-lv-2001-plus,web,https://www.letonika.lv/groups/default.aspx?g=2&r=10311062,de→lv,bewirten,FOUND,https://www.letonika.lv/groups/default.aspx?g=2&r=10311062&q=bewirten,,reports/g2-a1-production-current/pdf-bilingual-dictionary-lv-lt-pl-pilot/pdf-bilingual-dictionary-lv-lt-pl-modern-sources.json,origin/cursor/g2-a1-lt-pl-uk-audit-only-17f5,4b809f552aab077c2b820138a326518d196805fb,850
lv,letonika-de-lv-2001-plus,web,https://www.letonika.lv/groups/default.aspx?g=2&r=10311062,de→lv,Grenzkonflikt,NOT_FOUND,https://www.letonika.lv/groups/default.aspx?g=2&r=10311062&q=Grenzkonflikt,,reports/g2-a1-production-current/pdf-bilingual-dictionary-lv-lt-pl-pilot/pdf-bilingual-dictionary-lv-lt-pl-modern-sources.json,origin/cursor/g2-a1-lt-pl-uk-audit-only-17f5,4b809f552aab077c2b820138a326518d196805fb,850
lv,letonika-de-lv-2001-plus,web,https://www.letonika.lv/groups/default.aspx?g=2&r=10311062,de→lv,Machtgier,NOT_FOUND,https://www.letonika.lv/groups/default.aspx?g=2&r=10311062&q=Machtgier,,reports/g2-a1-production-current/pdf-bilingual-dictionary-lv-lt-pl-pilot/pdf-bilingual-dictionary-lv-lt-pl-modern-sources.json,origin/cursor/g2-a1-lt-pl-uk-audit-only-17f5,4b809f552aab077c2b820138a326518d196805fb,850
pl,pons-de-pl,web,https://de.pons.com/%C3%BCbersetzung/deutsch-polnisch/,de→pl,Haus,FOUND,https://de.pons.com/%C3%BCbersetzung/deutsch-polnisch/Haus,,reports/g2-a1-production-current/pdf-bilingual-dictionary-lv-lt-pl-pilot/pdf-bilingual-dictionary-lv-lt-pl-modern-sources.json,origin/cursor/g2-a1-lt-pl-uk-audit-only-17f5,4b809f552aab077c2b820138a326518d196805fb,850
pl,pons-de-pl,web,https://de.pons.com/%C3%BCbersetzung/deutsch-polnisch/,de→pl,arbeiten,FOUND,https://de.pons.com/%C3%BCbersetzung/deutsch-polnisch/arbeiten,,reports/g2-a1-production-current/pdf-bilingual-dictionary-lv-lt-pl-pilot/pdf-bilingual-dictionary-lv-lt-pl-modern-sources.json,origin/cursor/g2-a1-lt-pl-uk-audit-only-17f5,4b809f552aab077c2b820138a326518d196805fb,850
pl,pons-de-pl,web,https://de.pons.com/%C3%BCbersetzung/deutsch-polnisch/,de→pl,Kleingeld,FOUND,https://de.pons.com/%C3%BCbersetzung/deutsch-polnisch/Kleingeld,,reports/g2-a1-production-current/pdf-bilingual-dictionary-lv-lt-pl-pilot/pdf-bilingual-dictionary-lv-lt-pl-modern-sources.json,origin/cursor/g2-a1-lt-pl-uk-audit-only-17f5,4b809f552aab077c2b820138a326518d196805fb,850
pl,pons-de-pl,web,https://de.pons.com/%C3%BCbersetzung/deutsch-polnisch/,de→pl,bewirten,FOUND,https://de.pons.com/%C3%BCbersetzung/deutsch-polnisch/bewirten,,reports/g2-a1-production-current/pdf-bilingual-dictionary-lv-lt-pl-pilot/pdf-bilingual-dictionary-lv-lt-pl-modern-sources.json,origin/cursor/g2-a1-lt-pl-uk-audit-only-17f5,4b809f552aab077c2b820138a326518d196805fb,850
pl,pons-de-pl,web,https://de.pons.com/%C3%BCbersetzung/deutsch-polnisch/,de→pl,Grenzkonflikt,FOUND,https://de.pons.com/%C3%BCbersetzung/deutsch-polnisch/Grenzkonflikt,,reports/g2-a1-production-current/pdf-bilingual-dictionary-lv-lt-pl-pilot/pdf-bilingual-dictionary-lv-lt-pl-modern-sources.json,origin/cursor/g2-a1-lt-pl-uk-audit-only-17f5,4b809f552aab077c2b820138a326518d196805fb,850
pl,pons-de-pl,web,https://de.pons.com/%C3%BCbersetzung/deutsch-polnisch/,de→pl,Machtgier,AMBIGUOUS,https://de.pons.com/%C3%BCbersetzung/deutsch-polnisch?q=Machtgier,,reports/g2-a1-production-current/pdf-bilingual-dictionary-lv-lt-pl-pilot/pdf-bilingual-dictionary-lv-lt-pl-modern-sources.json,origin/cursor/g2-a1-lt-pl-uk-audit-only-17f5,4b809f552aab077c2b820138a326518d196805fb,850
sl,murko-dlib-1833,web,https://www.dlib.si/details/URN:NBN:SI:DOC-T28EEL0U,de→x,Haus,FOUND,murko-dlib-vol1-de-sl.txt line 4880,,reports/g2-a1-production-current/pdf-bilingual-dictionary-sl-murko-dlib-pilot/pdf-bilingual-dictionary-sl-murko-dlib-pilot.json,origin/cursor/pdf-bilingual-sl-sq-sr-sv-discovery-17f5,a5a289bedac21ece41fef7df9270e67d8215a714,853
sl,murko-dlib-1833,web,https://www.dlib.si/details/URN:NBN:SI:DOC-T28EEL0U,de→x,arbeiten,FOUND,murko-dlib-vol2-sl-de.txt line 12513,,reports/g2-a1-production-current/pdf-bilingual-dictionary-sl-murko-dlib-pilot/pdf-bilingual-dictionary-sl-murko-dlib-pilot.json,origin/cursor/pdf-bilingual-sl-sq-sr-sv-discovery-17f5,a5a289bedac21ece41fef7df9270e67d8215a714,853
sl,murko-dlib-1833,web,https://www.dlib.si/details/URN:NBN:SI:DOC-T28EEL0U,de→x,Kleingeld,NOT_FOUND,https://www.dlib.si/details/URN:NBN:SI:DOC-T28EEL0U,,reports/g2-a1-production-current/pdf-bilingual-dictionary-sl-murko-dlib-pilot/pdf-bilingual-dictionary-sl-murko-dlib-pilot.json,origin/cursor/pdf-bilingual-sl-sq-sr-sv-discovery-17f5,a5a289bedac21ece41fef7df9270e67d8215a714,853
sl,murko-dlib-1833,web,https://www.dlib.si/details/URN:NBN:SI:DOC-T28EEL0U,de→x,bewirten,NOT_FOUND,murko-dlib-vol1-de-sl.txt line 1974,,reports/g2-a1-production-current/pdf-bilingual-dictionary-sl-murko-dlib-pilot/pdf-bilingual-dictionary-sl-murko-dlib-pilot.json,origin/cursor/pdf-bilingual-sl-sq-sr-sv-discovery-17f5,a5a289bedac21ece41fef7df9270e67d8215a714,853
sl,murko-dlib-1833,web,https://www.dlib.si/details/URN:NBN:SI:DOC-T28EEL0U,de→x,Grenzkonflikt,NOT_FOUND,https://www.dlib.si/details/URN:NBN:SI:DOC-T28EEL0U,,reports/g2-a1-production-current/pdf-bilingual-dictionary-sl-murko-dlib-pilot/pdf-bilingual-dictionary-sl-murko-dlib-pilot.json,origin/cursor/pdf-bilingual-sl-sq-sr-sv-discovery-17f5,a5a289bedac21ece41fef7df9270e67d8215a714,853
sl,murko-dlib-1833,web,https://www.dlib.si/details/URN:NBN:SI:DOC-T28EEL0U,de→x,Machtgier,NOT_FOUND,https://www.dlib.si/details/URN:NBN:SI:DOC-T28EEL0U,,reports/g2-a1-production-current/pdf-bilingual-dictionary-sl-murko-dlib-pilot/pdf-bilingual-dictionary-sl-murko-dlib-pilot.json,origin/cursor/pdf-bilingual-sl-sq-sr-sv-discovery-17f5,a5a289bedac21ece41fef7df9270e67d8215a714,853
et,digar-saksa-eesti-valgus-1976,PDF,,de→x,Kleingeld,FOUND,p.465,,reports/g2-a1-production-current/german-target-dictionary-de-et-used-sources/german-target-dictionary-de-et-used-sources-verification.json,origin/cursor/pdf-bilingual-bg-bs-fr-pilot-17f5,28fbc9fa8175603867bf1b86f97cdb575c311d40,844
et,digar-saksa-eesti-valgus-1976,PDF,,de→x,bewirten,FOUND,p.144,,reports/g2-a1-production-current/german-target-dictionary-de-et-used-sources/german-target-dictionary-de-et-used-sources-verification.json,origin/cursor/pdf-bilingual-bg-bs-fr-pilot-17f5,28fbc9fa8175603867bf1b86f97cdb575c311d40,844
et,digar-saksa-eesti-valgus-1976,PDF,,de→x,Grenzkonflikt,NOT_FOUND,,,reports/g2-a1-production-current/german-target-dictionary-de-et-used-sources/german-target-dictionary-de-et-used-sources-verification.json,origin/cursor/pdf-bilingual-bg-bs-fr-pilot-17f5,28fbc9fa8175603867bf1b86f97cdb575c311d40,844
et,digar-saksa-eesti-valgus-1976,PDF,,de→x,Machtgier,FOUND,p.537,,reports/g2-a1-production-current/german-target-dictionary-de-et-used-sources/german-target-dictionary-de-et-used-sources-verification.json,origin/cursor/pdf-bilingual-bg-bs-fr-pilot-17f5,28fbc9fa8175603867bf1b86f97cdb575c311d40,844
nn,mdz-kaper-dano-nor-de-1889,PDF,,de→x,,,,4/6,reports/g2-a1-production-current/pdf-bilingual-dictionary-nn-pt-ro-pilot-verify/pdf-bilingual-dictionary-nn-pt-ro-pilot-verify.json,origin/cursor/pdf-bilingual-nn-pt-ro-audit-only-17f5,47a87e4bc429e67c60efeb2dfc2ac2ee5d51cd8a,851
nn,ia-hanson-tysk-norsk-1840,archive.org,,de→x,,,,3/6,reports/g2-a1-production-current/pdf-bilingual-dictionary-nn-pt-ro-pilot-verify/pdf-bilingual-dictionary-nn-pt-ro-pilot-verify.json,origin/cursor/pdf-bilingual-nn-pt-ro-audit-only-17f5,47a87e4bc429e67c60efeb2dfc2ac2ee5d51cd8a,851
pt,ia-dicionario-moderno-de-pt-pt-de,archive.org,,de→x,,,,4/6,reports/g2-a1-production-current/pdf-bilingual-dictionary-nn-pt-ro-pilot-verify/pdf-bilingual-dictionary-nn-pt-ro-pilot-verify.json,origin/cursor/pdf-bilingual-nn-pt-ro-audit-only-17f5,47a87e4bc429e67c60efeb2dfc2ac2ee5d51cd8a,851
sl,ia-deutschslowenis00murkgoog-1888,archive.org,,de→x,,,,2/6,reports/g2-a1-production-current/pdf-bilingual-dictionary-sl-sq-sr-sv-pilot-verify/pdf-bilingual-dictionary-sl-sq-sr-sv-pilot-verify.json,origin/cursor/pdf-bilingual-sl-sq-sr-sv-discovery-17f5,a5a289bedac21ece41fef7df9270e67d8215a714,853
sl,ia-bub-gb-geodkupucbsc-janezic-taschen-1866,archive.org,,de→x,,,,2/6,reports/g2-a1-production-current/pdf-bilingual-dictionary-sl-sq-sr-sv-pilot-verify/pdf-bilingual-dictionary-sl-sq-sr-sv-pilot-verify.json,origin/cursor/pdf-bilingual-sl-sq-sr-sv-discovery-17f5,a5a289bedac21ece41fef7df9270e67d8215a714,853
sl,ia-bub-gb-nrataaaaiaaj-janezic-1905,archive.org,,de→x,,,,1/6,reports/g2-a1-production-current/pdf-bilingual-dictionary-sl-sq-sr-sv-pilot-verify/pdf-bilingual-dictionary-sl-sq-sr-sv-pilot-verify.json,origin/cursor/pdf-bilingual-sl-sq-sr-sv-discovery-17f5,a5a289bedac21ece41fef7df9270e67d8215a714,853
sl,dlib-murko-de-sl-1833,web,,de→x,,,,2/6,reports/g2-a1-production-current/pdf-bilingual-dictionary-sl-sq-sr-sv-pilot-verify/pdf-bilingual-dictionary-sl-sq-sr-sv-pilot-verify.json,origin/cursor/pdf-bilingual-sl-sq-sr-sv-discovery-17f5,a5a289bedac21ece41fef7df9270e67d8215a714,853
sq,ia-diesprachederal00xylagoog-1835,archive.org,,de→x,,,,1/6,reports/g2-a1-production-current/pdf-bilingual-dictionary-sl-sq-sr-sv-pilot-verify/pdf-bilingual-dictionary-sl-sq-sr-sv-pilot-verify.json,origin/cursor/pdf-bilingual-sl-sq-sr-sv-discovery-17f5,a5a289bedac21ece41fef7df9270e67d8215a714,853
sv,ia-rosenbgr-tysk-svensk-1956,archive.org,,de→x,,,,2/6,reports/g2-a1-production-current/pdf-bilingual-dictionary-sl-sq-sr-sv-pilot-verify/pdf-bilingual-dictionary-sl-sq-sr-sv-pilot-verify.json,origin/cursor/pdf-bilingual-sl-sq-sr-sv-discovery-17f5,a5a289bedac21ece41fef7df9270e67d8215a714,853
bs,,web,,de→x,Haus,NOT_FOUND,,,reports/g2-a1-production-current/pdf-bilingual-dictionary-bg-bs-fr-pilot-verify/pdf-bilingual-dictionary-bg-bs-fr-pilot-verify.json,origin/cursor/pdf-bilingual-fr-bg-bs-audit-only-17f5,30a69b797cdfc2a2691810085452284cc1562d4a,849
bs,,web,,de→x,arbeiten,NOT_FOUND,,,reports/g2-a1-production-current/pdf-bilingual-dictionary-bg-bs-fr-pilot-verify/pdf-bilingual-dictionary-bg-bs-fr-pilot-verify.json,origin/cursor/pdf-bilingual-fr-bg-bs-audit-only-17f5,30a69b797cdfc2a2691810085452284cc1562d4a,849
bs,,web,,de→x,Kleingeld,NOT_FOUND,,,reports/g2-a1-production-current/pdf-bilingual-dictionary-bg-bs-fr-pilot-verify/pdf-bilingual-dictionary-bg-bs-fr-pilot-verify.json,origin/cursor/pdf-bilingual-fr-bg-bs-audit-only-17f5,30a69b797cdfc2a2691810085452284cc1562d4a,849
bs,,web,,de→x,bewirten,NOT_FOUND,,,reports/g2-a1-production-current/pdf-bilingual-dictionary-bg-bs-fr-pilot-verify/pdf-bilingual-dictionary-bg-bs-fr-pilot-verify.json,origin/cursor/pdf-bilingual-fr-bg-bs-audit-only-17f5,30a69b797cdfc2a2691810085452284cc1562d4a,849
bs,,web,,de→x,Grenzkonflikt,NOT_FOUND,,,reports/g2-a1-production-current/pdf-bilingual-dictionary-bg-bs-fr-pilot-verify/pdf-bilingual-dictionary-bg-bs-fr-pilot-verify.json,origin/cursor/pdf-bilingual-fr-bg-bs-audit-only-17f5,30a69b797cdfc2a2691810085452284cc1562d4a,849
bs,,web,,de→x,Machtgier,NOT_FOUND,,,reports/g2-a1-production-current/pdf-bilingual-dictionary-bg-bs-fr-pilot-verify/pdf-bilingual-dictionary-bg-bs-fr-pilot-verify.json,origin/cursor/pdf-bilingual-fr-bg-bs-audit-only-17f5,30a69b797cdfc2a2691810085452284cc1562d4a,849
hr,ia-zepni-de-hr-1887-filipovic,archive.org,,de→x,,,,1/6,reports/g2-a1-production-current/pdf-bilingual-dictionary-hr-hu-is-pilot-verify/pdf-bilingual-dictionary-hr-hu-is-pilot-verify.json,origin/cursor/pdf-bilingual-hr-hu-is-audit-only-17f5,606e56e13586910d2fe427226f8d664ec06ec835,848
hr,ia-filipovic-de-hr-1869,archive.org,,de→x,,,,1/6,reports/g2-a1-production-current/pdf-bilingual-dictionary-hr-hu-is-pilot-verify/pdf-bilingual-dictionary-hr-hu-is-pilot-verify.json,origin/cursor/pdf-bilingual-hr-hu-is-audit-only-17f5,606e56e13586910d2fe427226f8d664ec06ec835,848
hu,ia-bsb-ungrische-deutsche-gesprache,archive.org,,de→x,,,,2/6,reports/g2-a1-production-current/pdf-bilingual-dictionary-hr-hu-is-pilot-verify/pdf-bilingual-dictionary-hr-hu-is-pilot-verify.json,origin/cursor/pdf-bilingual-hr-hu-is-audit-only-17f5,606e56e13586910d2fe427226f8d664ec06ec835,848
hu,real-eod-nemet-magyar-zsebszotar-vol13-1838,web,,de→x,,,,1/6,reports/g2-a1-production-current/pdf-bilingual-dictionary-hr-hu-is-pilot-verify/pdf-bilingual-dictionary-hr-hu-is-pilot-verify.json,origin/cursor/pdf-bilingual-hr-hu-is-audit-only-17f5,606e56e13586910d2fe427226f8d664ec06ec835,848
