file,line,fields,class,empty,null,undefined,text_null,text_undefined,throws
scripts/apply-bs-structural-fixes.js,188,de_article+de_plural,name_or_literal,value_not_read,value_not_read,value_not_read,no,no,no
scripts/apply-confusables-standardstudy.js,61,de_article,name_or_literal,value_not_read,value_not_read,value_not_read,no,no,no
scripts/apply-confusables-standardstudy.js,62,de_article+de_plural,name_or_literal,value_not_read,value_not_read,value_not_read,no,no,no
scripts/apply-confusables-standardstudy.js,63,de_article+de_plural,name_or_literal,value_not_read,value_not_read,value_not_read,no,no,no
scripts/apply-confusables-standardstudy.js,64,de_article+de_plural,name_or_literal,value_not_read,value_not_read,value_not_read,no,no,no
scripts/apply-cs-a1-final-closure-residual-repair.js,180,de_article+de_plural,name_or_literal,value_not_read,value_not_read,value_not_read,no,no,no
scripts/apply-cs-a1-final-main-repair-batch04-final10.js,154,de_article+de_plural,name_or_literal,value_not_read,value_not_read,value_not_read,no,no,no
scripts/apply-cs-a1-final-main-repair-batch101-150.js,180,de_article+de_plural,name_or_literal,value_not_read,value_not_read,value_not_read,no,no,no
scripts/apply-cs-a1-final-main-repair-batch51-100.js,222,de_article+de_plural,name_or_literal,value_not_read,value_not_read,value_not_read,no,no,no
scripts/apply-cs-a1-final-missing-study-parity-repair.js,20,de_article+de_plural,name_or_literal,value_not_read,value_not_read,value_not_read,no,no,no
scripts/apply-cs-a1-final-residual-owner-micro-repair.js,394,de_article+de_plural,name_or_literal,value_not_read,value_not_read,value_not_read,no,no,no
scripts/apply-cs-a1-final-study-parity-sectionaccents-micro-repair.js,127,de_article+de_plural,name_or_literal,value_not_read,value_not_read,value_not_read,no,no,no
scripts/apply-cs-a1-full-review-repair-block01.js,146,de_article+de_plural,name_or_literal,value_not_read,value_not_read,value_not_read,no,no,no
scripts/apply-cs-a1-full-review-repair-block02.js,162,de_article+de_plural,name_or_literal,value_not_read,value_not_read,value_not_read,no,no,no
scripts/apply-cs-a1-full-review-repair-block03.js,162,de_article+de_plural,name_or_literal,value_not_read,value_not_read,value_not_read,no,no,no
scripts/apply-cs-a1-full-review-repair-block04.js,143,de_article+de_plural,name_or_literal,value_not_read,value_not_read,value_not_read,no,no,no
scripts/apply-cs-a1-full-review-repair-block05.js,154,de_article+de_plural,name_or_literal,value_not_read,value_not_read,value_not_read,no,no,no
scripts/apply-cs-a1-full-review-repair-block06.js,158,de_article+de_plural,name_or_literal,value_not_read,value_not_read,value_not_read,no,no,no
scripts/apply-cs-a1-full-review-repair-block07.js,161,de_article+de_plural,name_or_literal,value_not_read,value_not_read,value_not_read,no,no,no
scripts/apply-cs-a1-full-review-repair-block08.js,187,de_article+de_plural,name_or_literal,value_not_read,value_not_read,value_not_read,no,no,no
scripts/apply-cs-a1-full-review-repair-block09.js,160,de_article+de_plural,name_or_literal,value_not_read,value_not_read,value_not_read,no,no,no
scripts/apply-cs-a1-full-review-repair-block10.js,188,de_article+de_plural,name_or_literal,value_not_read,value_not_read,value_not_read,no,no,no
scripts/apply-cs-a1-full-review-repair-block11.js,184,de_article+de_plural,name_or_literal,value_not_read,value_not_read,value_not_read,no,no,no
scripts/apply-cs-a1-full-review-repair-block12.js,186,de_article+de_plural,name_or_literal,value_not_read,value_not_read,value_not_read,no,no,no
scripts/apply-cs-a1-high-final-micro-repair-02.js,153,de_article+de_plural,name_or_literal,value_not_read,value_not_read,value_not_read,no,no,no
scripts/apply-cs-a1-high-regression-final-repair.js,246,de_article+de_plural,name_or_literal,value_not_read,value_not_read,value_not_read,no,no,no
scripts/apply-cs-a2-final-closure-repair-groups01-05.js,13,de_article+de_plural,name_or_literal,value_not_read,value_not_read,value_not_read,no,no,no
scripts/apply-cs-a2-final-closure-repair-v2-groups01-03.js,14,de_article+de_plural,name_or_literal,value_not_read,value_not_read,value_not_read,no,no,no
scripts/apply-cs-a2-final-closure-repair-v2-groups01-03.js,50,de_article+de_plural,json_nullish,json_empty_string,json_null,json_null,yes,no,no
scripts/apply-cs-a2-final-closure-repair-v3-groups01-03.js,14,de_article+de_plural,name_or_literal,value_not_read,value_not_read,value_not_read,no,no,no
scripts/apply-cs-a2-final-closure-repair-v3-groups01-03.js,50,de_article+de_plural,json_nullish,json_empty_string,json_null,json_null,yes,no,no
scripts/apply-cs-a2-repair-group01.js,14,de_article+de_plural,name_or_literal,value_not_read,value_not_read,value_not_read,no,no,no
scripts/apply-cs-a2-repair-group02.js,14,de_article+de_plural,name_or_literal,value_not_read,value_not_read,value_not_read,no,no,no
scripts/apply-cs-a2-repair-group03.js,14,de_article+de_plural,name_or_literal,value_not_read,value_not_read,value_not_read,no,no,no
scripts/apply-cs-a2-repair-group04.js,14,de_article+de_plural,name_or_literal,value_not_read,value_not_read,value_not_read,no,no,no
scripts/apply-cs-a2-repair-group05.js,14,de_article+de_plural,name_or_literal,value_not_read,value_not_read,value_not_read,no,no,no
scripts/apply-cs-a2-repair-group06.js,14,de_article+de_plural,name_or_literal,value_not_read,value_not_read,value_not_read,no,no,no
scripts/apply-cs-a2-repair-group07.js,14,de_article+de_plural,name_or_literal,value_not_read,value_not_read,value_not_read,no,no,no
scripts/apply-cs-a2-repair-group08.js,14,de_article+de_plural,name_or_literal,value_not_read,value_not_read,value_not_read,no,no,no
scripts/apply-cs-a2-repair-group09.js,14,de_article+de_plural,name_or_literal,value_not_read,value_not_read,value_not_read,no,no,no
scripts/apply-cs-a2-repair-group10.js,14,de_article+de_plural,name_or_literal,value_not_read,value_not_read,value_not_read,no,no,no
scripts/apply-cs-a2-repair-group11.js,14,de_article+de_plural,name_or_literal,value_not_read,value_not_read,value_not_read,no,no,no
scripts/apply-cs-a2-repair-group12.js,14,de_article+de_plural,name_or_literal,value_not_read,value_not_read,value_not_read,no,no,no
scripts/apply-cs-a2-repair-group13.js,14,de_article+de_plural,name_or_literal,value_not_read,value_not_read,value_not_read,no,no,no
scripts/apply-cs-a2-residual-repair-groups01-06.js,13,de_article+de_plural,name_or_literal,value_not_read,value_not_read,value_not_read,no,no,no
scripts/apply-cs-b1-final-2card-micro-repair.js,15,de_article+de_plural,name_or_literal,value_not_read,value_not_read,value_not_read,no,no,no
scripts/apply-cs-b1-final-2card-micro-repair.js,47,de_article+de_plural,json_nullish,json_empty_string,json_null,json_null,yes,no,no
scripts/apply-cs-b1-repair-groups01-06.js,15,de_article+de_plural,name_or_literal,value_not_read,value_not_read,value_not_read,no,no,no
scripts/apply-cs-b1-repair-groups01-06.js,53,de_article+de_plural,json_nullish,json_empty_string,json_null,json_null,yes,no,no
scripts/apply-cs-b1-repair-groups07-32.js,14,de_article+de_plural,name_or_literal,value_not_read,value_not_read,value_not_read,no,no,no
scripts/apply-cs-b1-repair-groups07-32.js,66,de_article+de_plural,json_nullish,json_empty_string,json_null,json_null,yes,no,no
scripts/apply-cs-b1-targeted-regression-residual-groups01-03.js,14,de_article+de_plural,name_or_literal,value_not_read,value_not_read,value_not_read,no,no,no
scripts/apply-cs-b1-targeted-regression-residual-groups01-03.js,49,de_article+de_plural,json_nullish,json_empty_string,json_null,json_null,yes,no,no
scripts/apply-cs-c1-3-mismatch-micro-repair.js,17,de_article+de_plural,name_or_literal,value_not_read,value_not_read,value_not_read,no,no,no
scripts/apply-cs-c1-3-mismatch-micro-repair.js,98,de_article+de_plural,json_nullish,json_empty_string,json_null,json_null,yes,no,no
scripts/apply-cs-c1-owner-copy-only.js,19,de_article+de_plural,name_or_literal,value_not_read,value_not_read,value_not_read,no,no,no
scripts/apply-cs-c1-owner-copy-only.js,50,de_article+de_plural,json_nullish,json_empty_string,json_null,json_null,yes,no,no
scripts/apply-cs-c2-owner-copy-only.js,19,de_article+de_plural,name_or_literal,value_not_read,value_not_read,value_not_read,no,no,no
scripts/apply-cs-c2-owner-copy-only.js,50,de_article+de_plural,json_nullish,json_empty_string,json_null,json_null,yes,no,no
scripts/apply-da-a1-final-closure-repair.js,19,de_article+de_plural,name_or_literal,value_not_read,value_not_read,value_not_read,no,no,no
scripts/apply-da-a1-owner-repair.js,22,de_article+de_plural,name_or_literal,value_not_read,value_not_read,value_not_read,no,no,no
scripts/apply-da-a2-final29-owner-repair.js,18,de_article+de_plural,name_or_literal,value_not_read,value_not_read,value_not_read,no,no,no
scripts/apply-da-a2-low29-owner-repair.js,18,de_article+de_plural,name_or_literal,value_not_read,value_not_read,value_not_read,no,no,no
scripts/apply-da-a2-owner-repair.js,18,de_article+de_plural,name_or_literal,value_not_read,value_not_read,value_not_read,no,no,no
scripts/apply-da-b1-owner-repair.js,18,de_article+de_plural,name_or_literal,value_not_read,value_not_read,value_not_read,no,no,no
scripts/apply-da-b2-owner-repair.js,18,de_article+de_plural,name_or_literal,value_not_read,value_not_read,value_not_read,no,no,no
scripts/apply-da-c1c2-owner-repair.js,21,de_article+de_plural,name_or_literal,value_not_read,value_not_read,value_not_read,no,no,no
scripts/apply-en-structural-fixes.js,128,de_article,copy_if_defined,copied_empty,copied_null,not_copied,no,no,no
scripts/apply-en-structural-fixes.js,129,de_article,copy_if_truthy,omitted,omitted,omitted,no,no,no
scripts/apply-en-structural-fixes.js,132,de_plural,copy_if_defined,copied_empty,copied_null,not_copied,no,no,no
scripts/apply-en-structural-fixes.js,133,de_plural,copy_if_truthy,omitted,omitted,omitted,no,no,no
scripts/apply-es-a1-a2-final-micro-regression-owner-repair.js,32,de_article+de_plural,name_or_literal,value_not_read,value_not_read,value_not_read,no,no,no
scripts/apply-es-a1-a2-final-regression-owner-repair.js,38,de_article+de_plural,name_or_literal,value_not_read,value_not_read,value_not_read,no,no,no
scripts/apply-es-a1-a2-final-targeted-7-owner-repair.js,32,de_article+de_plural,name_or_literal,value_not_read,value_not_read,value_not_read,no,no,no
scripts/apply-es-a1-a2-foreign-remnants-owner-repair.js,26,de_article+de_plural,name_or_literal,value_not_read,value_not_read,value_not_read,no,no,no
scripts/apply-es-a1-a2-owner-repair.js,33,de_article+de_plural,name_or_literal,value_not_read,value_not_read,value_not_read,no,no,no
scripts/apply-es-a1-missing-10-study-owner-repair.js,18,de_article+de_plural,name_or_literal,value_not_read,value_not_read,value_not_read,no,no,no
scripts/apply-es-de-b1-owner-decisions-final.js,29,de_article+de_plural,name_or_literal,value_not_read,value_not_read,value_not_read,no,no,no
scripts/apply-es-de-b2-owner-decisions-final.js,25,de_article+de_plural,name_or_literal,value_not_read,value_not_read,value_not_read,no,no,no
scripts/apply-es-de-c1-owner-decisions-final.js,25,de_article+de_plural,name_or_literal,value_not_read,value_not_read,value_not_read,no,no,no
scripts/apply-es-de-c2-owner-decisions-final.js,25,de_article+de_plural,name_or_literal,value_not_read,value_not_read,value_not_read,no,no,no
scripts/apply-est-audit-section3-fixes.js,32,de_article+de_plural,name_or_literal,value_not_read,value_not_read,value_not_read,no,no,no
scripts/apply-est-audit-section3-fixes.js,33,de_article+de_plural,name_or_literal,value_not_read,value_not_read,value_not_read,no,no,no
scripts/apply-est-audit-section3-fixes.js,35,de_article+de_plural,name_or_literal,value_not_read,value_not_read,value_not_read,no,no,no
scripts/apply-est-audit-section3-fixes.js,37,de_article+de_plural,name_or_literal,value_not_read,value_not_read,value_not_read,no,no,no
scripts/apply-est-audit-section3-fixes.js,38,de_article+de_plural,name_or_literal,value_not_read,value_not_read,value_not_read,no,no,no
scripts/apply-est-audit-section3-fixes.js,39,de_article+de_plural,name_or_literal,value_not_read,value_not_read,value_not_read,no,no,no
scripts/apply-est-audit-section3-fixes.js,41,de_article+de_plural,name_or_literal,value_not_read,value_not_read,value_not_read,no,no,no
scripts/apply-est-audit-section3-fixes.js,42,de_article+de_plural,name_or_literal,value_not_read,value_not_read,value_not_read,no,no,no
scripts/apply-est-audit-section3-fixes.js,43,de_article+de_plural,name_or_literal,value_not_read,value_not_read,value_not_read,no,no,no
scripts/apply-est-audit-section3-fixes.js,47,de_article,name_or_literal,value_not_read,value_not_read,value_not_read,no,no,no
scripts/apply-est-audit-section3-fixes.js,48,de_article,name_or_literal,value_not_read,value_not_read,value_not_read,no,no,no
scripts/apply-est-audit-section3-fixes.js,51,de_article+de_plural,name_or_literal,value_not_read,value_not_read,value_not_read,no,no,no
scripts/apply-est-audit-section3-fixes.js,52,de_article+de_plural,name_or_literal,value_not_read,value_not_read,value_not_read,no,no,no
scripts/apply-et-a1-multitranslation-owner-repair.js,26,de_article+de_plural,name_or_literal,value_not_read,value_not_read,value_not_read,no,no,no
scripts/apply-et-a1-multitranslation-residual-2-owner-repair.js,27,de_article+de_plural,name_or_literal,value_not_read,value_not_read,value_not_read,no,no,no
scripts/apply-et-a1-owner-repair.js,45,de_article+de_plural,name_or_literal,value_not_read,value_not_read,value_not_read,no,no,no
scripts/apply-et-a2-deterministic-repair.js,18,de_article+de_plural,name_or_literal,value_not_read,value_not_read,value_not_read,no,no,no
scripts/apply-et-a2-multitranslation-owner-repair.js,28,de_article+de_plural,name_or_literal,value_not_read,value_not_read,value_not_read,no,no,no
scripts/apply-et-a2-multitranslation-residual-2-owner-repair.js,27,de_article+de_plural,name_or_literal,value_not_read,value_not_read,value_not_read,no,no,no
scripts/apply-et-a2-owner-repair.js,26,de_article+de_plural,name_or_literal,value_not_read,value_not_read,value_not_read,no,no,no
scripts/apply-et-a2-sectionaccents-micro-repair.js,438,de_article+de_plural,name_or_literal,value_not_read,value_not_read,value_not_read,no,no,no
scripts/apply-et-a2-source-review-micro-repair.js,25,de_article+de_plural,name_or_literal,value_not_read,value_not_read,value_not_read,no,no,no
scripts/apply-et-audit-translation-fixes.js,33,de_article+de_plural,name_or_literal,value_not_read,value_not_read,value_not_read,no,no,no
scripts/apply-et-audit-translation-fixes.js,37,de_article,name_or_literal,value_not_read,value_not_read,value_not_read,no,no,no
scripts/apply-et-audit-translation-fixes.js,47,de_article+de_plural,name_or_literal,value_not_read,value_not_read,value_not_read,no,no,no
scripts/apply-et-audit-translation-fixes.js,48,de_article+de_plural,name_or_literal,value_not_read,value_not_read,value_not_read,no,no,no
scripts/apply-et-audit-translation-fixes.js,50,de_article+de_plural,name_or_literal,value_not_read,value_not_read,value_not_read,no,no,no
scripts/apply-et-audit-translation-fixes.js,51,de_article+de_plural,name_or_literal,value_not_read,value_not_read,value_not_read,no,no,no
scripts/apply-et-audit-translation-fixes.js,52,de_article+de_plural,name_or_literal,value_not_read,value_not_read,value_not_read,no,no,no
scripts/apply-et-audit-translation-fixes.js,56,de_article+de_plural,name_or_literal,value_not_read,value_not_read,value_not_read,no,no,no
scripts/apply-et-audit-translation-fixes.js,57,de_article,name_or_literal,value_not_read,value_not_read,value_not_read,no,no,no
scripts/apply-et-audit-translation-fixes.js,59,de_article+de_plural,name_or_literal,value_not_read,value_not_read,value_not_read,no,no,no
scripts/apply-et-audit-translation-fixes.js,61,de_article+de_plural,name_or_literal,value_not_read,value_not_read,value_not_read,no,no,no
scripts/apply-et-audit-translation-fixes.js,62,de_article+de_plural,name_or_literal,value_not_read,value_not_read,value_not_read,no,no,no
scripts/apply-et-audit-translation-fixes.js,64,de_article+de_plural,name_or_literal,value_not_read,value_not_read,value_not_read,no,no,no
scripts/apply-et-audit-translation-fixes.js,65,de_article+de_plural,name_or_literal,value_not_read,value_not_read,value_not_read,no,no,no
scripts/apply-et-audit-translation-fixes.js,66,de_article+de_plural,name_or_literal,value_not_read,value_not_read,value_not_read,no,no,no
scripts/apply-et-audit-translation-fixes.js,71,de_article+de_plural,name_or_literal,value_not_read,value_not_read,value_not_read,no,no,no
scripts/apply-et-audit-translation-fixes.js,72,de_article+de_plural,name_or_literal,value_not_read,value_not_read,value_not_read,no,no,no
scripts/apply-et-audit-translation-fixes.js,73,de_article+de_plural,name_or_literal,value_not_read,value_not_read,value_not_read,no,no,no
scripts/apply-et-audit-translation-fixes.js,74,de_article+de_plural,name_or_literal,value_not_read,value_not_read,value_not_read,no,no,no
scripts/apply-et-audit-translation-fixes.js,75,de_article+de_plural,name_or_literal,value_not_read,value_not_read,value_not_read,no,no,no
scripts/apply-et-audit-translation-fixes.js,77,de_article+de_plural,name_or_literal,value_not_read,value_not_read,value_not_read,no,no,no
scripts/apply-et-audit-translation-fixes.js,81,de_article+de_plural,name_or_literal,value_not_read,value_not_read,value_not_read,no,no,no
scripts/apply-et-audit-translation-fixes.js,82,de_article+de_plural,name_or_literal,value_not_read,value_not_read,value_not_read,no,no,no
scripts/apply-et-audit-translation-fixes.js,83,de_article+de_plural,name_or_literal,value_not_read,value_not_read,value_not_read,no,no,no
scripts/apply-et-audit-translation-fixes.js,87,de_article,name_or_literal,value_not_read,value_not_read,value_not_read,no,no,no
scripts/apply-et-b1-final-owner-repair.js,19,de_article+de_plural,name_or_literal,value_not_read,value_not_read,value_not_read,no,no,no
scripts/apply-et-b1-multitranslation-owner-repair.js,27,de_article+de_plural,name_or_literal,value_not_read,value_not_read,value_not_read,no,no,no
scripts/apply-et-b1-owner-repair.js,27,de_article+de_plural,name_or_literal,value_not_read,value_not_read,value_not_read,no,no,no
scripts/apply-et-b2-final-nsr-closure.js,81,de_article+de_plural,name_or_literal,value_not_read,value_not_read,value_not_read,no,no,no
scripts/apply-et-b2-multitranslation-owner-repair.js,30,de_article+de_plural,name_or_literal,value_not_read,value_not_read,value_not_read,no,no,no
scripts/apply-et-b2-owner-repair.js,24,de_article+de_plural,name_or_literal,value_not_read,value_not_read,value_not_read,no,no,no
scripts/apply-et-b2-owner-revalidation.js,20,de_article+de_plural,name_or_literal,value_not_read,value_not_read,value_not_read,no,no,no
scripts/apply-et-c1-multitranslation-owner-repair.js,30,de_article+de_plural,name_or_literal,value_not_read,value_not_read,value_not_read,no,no,no
scripts/apply-et-c1c2-owner-repair.js,25,de_article+de_plural,name_or_literal,value_not_read,value_not_read,value_not_read,no,no,no
scripts/apply-et-c2-multitranslation-owner-repair.js,30,de_article+de_plural,name_or_literal,value_not_read,value_not_read,value_not_read,no,no,no
scripts/apply-et-structural-fixes.js,65,de_plural,assign_other,not_read,not_read,not_read,no,no,no
scripts/apply-et-structural-fixes.js,75,de_plural,falsy_test,falsy,falsy,falsy,no,no,no
scripts/apply-et-structural-fixes.js,76,de_plural,falsy_test,falsy,falsy,falsy,no,no,no
scripts/apply-et-structural-fixes.js,77,de_plural,copy_if_truthy,omitted,omitted,omitted,no,no,no
scripts/apply-noun-singular-fixes.js,37,de_article+de_plural,name_or_literal,value_not_read,value_not_read,value_not_read,no,no,no
scripts/apply-noun-singular-fixes.js,39,de_article+de_plural,name_or_literal,value_not_read,value_not_read,value_not_read,no,no,no
scripts/apply-noun-singular-fixes.js,40,de_article+de_plural,name_or_literal,value_not_read,value_not_read,value_not_read,no,no,no
scripts/apply-noun-singular-fixes.js,45,de_article+de_plural,name_or_literal,value_not_read,value_not_read,value_not_read,no,no,no
scripts/apply-noun-singular-fixes.js,46,de_article+de_plural,name_or_literal,value_not_read,value_not_read,value_not_read,no,no,no
scripts/apply-noun-singular-fixes.js,47,de_article+de_plural,name_or_literal,value_not_read,value_not_read,value_not_read,no,no,no
scripts/apply-noun-singular-fixes.js,48,de_article,name_or_literal,value_not_read,value_not_read,value_not_read,no,no,no
scripts/apply-noun-singular-fixes.js,49,de_article+de_plural,name_or_literal,value_not_read,value_not_read,value_not_read,no,no,no
scripts/apply-noun-singular-fixes.js,50,de_article+de_plural,name_or_literal,value_not_read,value_not_read,value_not_read,no,no,no
scripts/apply-noun-singular-fixes.js,51,de_article+de_plural,name_or_literal,value_not_read,value_not_read,value_not_read,no,no,no
scripts/apply-noun-singular-fixes.js,52,de_article+de_plural,name_or_literal,value_not_read,value_not_read,value_not_read,no,no,no
scripts/apply-noun-singular-fixes.js,53,de_article+de_plural,name_or_literal,value_not_read,value_not_read,value_not_read,no,no,no
scripts/apply-noun-singular-fixes.js,57,de_article+de_plural,name_or_literal,value_not_read,value_not_read,value_not_read,no,no,no
scripts/apply-noun-singular-fixes.js,61,de_article+de_plural,name_or_literal,value_not_read,value_not_read,value_not_read,no,no,no
scripts/apply-noun-singular-fixes.js,65,de_article+de_plural,name_or_literal,value_not_read,value_not_read,value_not_read,no,no,no
scripts/apply-noun-singular-fixes.js,66,de_article+de_plural,name_or_literal,value_not_read,value_not_read,value_not_read,no,no,no
scripts/audit-b2-noun-articles.js,3,de_article+de_plural,comment_or_doc,not_executed,not_executed,not_executed,no,no,no
scripts/audit-b2-noun-articles.js,63,de_article+de_plural,falsy_test,falsy,falsy,falsy,no,no,no
scripts/audit-b2-noun-articles.js,125,de_article,falsy_test,falsy,falsy,falsy,no,no,no
scripts/audit-b2-noun-articles.js,126,de_plural,falsy_test,falsy,falsy,falsy,no,no,no
scripts/audit-b2-noun-articles.js,132,de_article+de_plural,falsy_test,falsy,falsy,falsy,no,no,no
scripts/audit-b2-noun-articles.js,133,de_plural,copy_if_truthy,omitted,omitted,omitted,no,no,no
scripts/audit-b2-noun-articles.js,161,de_article,copy_raw,copied_empty,copied_null,copied_undefined,no,no,no
scripts/audit-b2-noun-articles.js,165,de_plural,copy_if_truthy,omitted,omitted,omitted,no,no,no
scripts/audit-b2-noun-articles.js,168,de_plural,falsy_test,falsy,falsy,falsy,no,no,no
scripts/audit-b2-noun-articles.js,170,de_article,falsy_test,falsy,falsy,falsy,no,no,no
scripts/audit-b2-noun-articles.js,178,de_article,copy_raw,copied_empty,copied_null,copied_undefined,no,no,no
scripts/audit-bs-a1-collect.js,63,de_article+de_plural,name_or_literal,value_not_read,value_not_read,value_not_read,no,no,no
scripts/audit-bs-a1-collect.js,217,de_article+de_plural,name_or_literal,value_not_read,value_not_read,value_not_read,no,no,no
scripts/audit-bs-a1-collect.js,278,de_article,copy_raw,copied_empty,copied_null,copied_undefined,no,no,no
scripts/audit-bs-a1-collect.js,306,de_article+de_plural,name_or_literal,value_not_read,value_not_read,value_not_read,no,no,no
scripts/audit-bs-a1-write-report.js,135,de_article+de_plural,comment_or_doc,not_executed,not_executed,not_executed,no,no,no
scripts/audit-bs-a2-collect.js,63,de_article+de_plural,name_or_literal,value_not_read,value_not_read,value_not_read,no,no,no
scripts/audit-bs-a2-collect.js,217,de_article+de_plural,name_or_literal,value_not_read,value_not_read,value_not_read,no,no,no
scripts/audit-bs-a2-collect.js,278,de_article,copy_raw,copied_empty,copied_null,copied_undefined,no,no,no
scripts/audit-bs-a2-collect.js,306,de_article+de_plural,name_or_literal,value_not_read,value_not_read,value_not_read,no,no,no
scripts/audit-bs-b1-cache-context-reaudit.js,54,de_article+de_plural,name_or_literal,value_not_read,value_not_read,value_not_read,no,no,no
scripts/audit-bs-b1-cache-context.js,48,de_article+de_plural,name_or_literal,value_not_read,value_not_read,value_not_read,no,no,no
scripts/audit-bs-b1-cache-context.js,79,de_article,or_null_value,null_value,null_value,null_value,no,no,no
scripts/audit-bs-b1-collect.js,63,de_article+de_plural,name_or_literal,value_not_read,value_not_read,value_not_read,no,no,no
scripts/audit-bs-b1-collect.js,217,de_article+de_plural,name_or_literal,value_not_read,value_not_read,value_not_read,no,no,no
scripts/audit-bs-b1-collect.js,278,de_article,copy_raw,copied_empty,copied_null,copied_undefined,no,no,no
scripts/audit-bs-b1-collect.js,306,de_article+de_plural,name_or_literal,value_not_read,value_not_read,value_not_read,no,no,no
scripts/audit-bs-b1-final-medium-regression.js,65,de_article,falsy_test,falsy,falsy,falsy,no,no,no
scripts/audit-bs-b1-final-medium-regression.js,66,de_article,copy_raw,copied_empty,copied_null,copied_undefined,no,no,no
scripts/audit-bs-b1-luna-regression-2-report.js,58,de_article+de_plural,name_or_literal,value_not_read,value_not_read,value_not_read,no,no,no
scripts/audit-bs-b1-luna-regression-2-report.js,224,de_article+de_plural,template_mixed,empty_interpolation,text_null,text_undefined,yes,yes,no
scripts/audit-bs-b1-luna-regression-2.js,125,de_article,or_null_value,null_value,null_value,null_value,no,no,no
scripts/audit-bs-b1-luna-regression-2.js,126,de_plural,or_null_value,null_value,null_value,null_value,no,no,no
scripts/audit-bs-b1-luna-regression-2.js,138,de_article,or_null_value,null_value,null_value,null_value,no,no,no
scripts/audit-bs-b1-luna-regression-report.js,55,de_article+de_plural,name_or_literal,value_not_read,value_not_read,value_not_read,no,no,no
scripts/audit-bs-b1-luna-regression-report.js,231,de_article,template_or_empty,empty_interpolation,empty_interpolation,empty_interpolation,no,no,no
scripts/audit-bs-b1-luna-regression-report.js,234,de_article,name_or_literal,value_not_read,value_not_read,value_not_read,no,no,no
scripts/audit-bs-b1-luna-regression.js,125,de_article,or_null_value,null_value,null_value,null_value,no,no,no
scripts/audit-bs-b1-luna-regression.js,126,de_plural,or_null_value,null_value,null_value,null_value,no,no,no
scripts/audit-bs-b1-luna-regression.js,138,de_article,or_null_value,null_value,null_value,null_value,no,no,no
scripts/audit-bs-b1-medium-regression.js,90,de_article,or_null_value,null_value,null_value,null_value,no,no,no
scripts/audit-bs-b1-medium-regression.js,100,de_article,or_null_value,null_value,null_value,null_value,no,no,no
scripts/audit-bs-b1-terra.js,88,de_article,or_null_value,null_value,null_value,null_value,no,no,no
scripts/audit-bs-b1-terra.js,89,de_plural,or_null_value,null_value,null_value,null_value,no,no,no
scripts/audit-bs-b1-terra.js,141,de_article,or_null_value,null_value,null_value,null_value,no,no,no
scripts/audit-bs-b2-collect.js,56,de_article+de_plural,name_or_literal,value_not_read,value_not_read,value_not_read,no,no,no
scripts/audit-bs-b2-collect.js,160,de_article+de_plural,name_or_literal,value_not_read,value_not_read,value_not_read,no,no,no
scripts/audit-bs-b2-collect.js,168,de_article+de_plural,name_or_literal,value_not_read,value_not_read,value_not_read,no,no,no
scripts/audit-bs-b2-final-verify-regression.js,149,de_article,or_null_value,null_value,null_value,null_value,no,no,no
scripts/audit-bs-b2-final-verify-regression.js,162,de_article,or_null_value,null_value,null_value,null_value,no,no,no
scripts/audit-bs-b2-full-luna.js,125,de_article,or_null_value,null_value,null_value,null_value,no,no,no
scripts/audit-bs-b2-full-luna.js,126,de_plural,or_null_value,null_value,null_value,null_value,no,no,no
scripts/audit-bs-b2-full-luna.js,136,de_article,or_null_value,null_value,null_value,null_value,no,no,no
scripts/audit-bs-b2-post-fix-regression.js,166,de_article,or_null_value,null_value,null_value,null_value,no,no,no
scripts/audit-bs-b2-post-fix-regression.js,167,de_plural,or_null_value,null_value,null_value,null_value,no,no,no
scripts/audit-bs-b2-post-fix-regression.js,180,de_article,or_null_value,null_value,null_value,null_value,no,no,no
scripts/audit-bs-b2-verify-regression.js,156,de_article,or_null_value,null_value,null_value,null_value,no,no,no
scripts/audit-bs-b2-verify-regression.js,169,de_article,or_null_value,null_value,null_value,null_value,no,no,no
scripts/audit-bs-c1-collect.js,63,de_article+de_plural,name_or_literal,value_not_read,value_not_read,value_not_read,no,no,no
scripts/audit-bs-c1-collect.js,217,de_article+de_plural,name_or_literal,value_not_read,value_not_read,value_not_read,no,no,no
scripts/audit-bs-c1-collect.js,278,de_article,copy_raw,copied_empty,copied_null,copied_undefined,no,no,no
scripts/audit-bs-c1-collect.js,306,de_article+de_plural,name_or_literal,value_not_read,value_not_read,value_not_read,no,no,no
scripts/audit-cs-a2-v3-targeted-final-closure.js,95,de_article+de_plural,json_nullish,json_empty_string,json_null,json_null,yes,no,no
scripts/audit-cs-b1-final-micro-regression-closure.js,98,de_article+de_plural,json_nullish,json_empty_string,json_null,json_null,yes,no,no
scripts/audit-cs-b1-targeted-regression.js,100,de_article+de_plural,json_nullish,json_empty_string,json_null,json_null,yes,no,no
scripts/audit-cs-c1-final-closure.js,64,de_article+de_plural,json_nullish,json_empty_string,json_null,json_null,yes,no,no
scripts/audit-cs-c1-targeted-regression.js,83,de_article+de_plural,json_nullish,json_empty_string,json_null,json_null,yes,no,no
scripts/audit-cs-c2-final-closure.js,43,de_article+de_plural,json_nullish,json_empty_string,json_null,json_null,yes,no,no
scripts/audit-cs-c2-targeted-regression.js,89,de_article+de_plural,json_nullish,json_empty_string,json_null,json_null,yes,no,no
scripts/audit-cs-collect.js,172,de_article+de_plural,name_or_literal,value_not_read,value_not_read,value_not_read,no,no,no
scripts/audit-cs-collect.js,233,de_article+de_plural,name_or_literal,value_not_read,value_not_read,value_not_read,no,no,no
scripts/audit-da-a1-targeted-regression.js,250,de_article+de_plural,name_or_literal,value_not_read,value_not_read,value_not_read,no,no,no
scripts/audit-da-a1-targeted-regression.js,306,de_article+de_plural,name_or_literal,value_not_read,value_not_read,value_not_read,no,no,no
scripts/audit-da-a2-collect.js,79,de_article+de_plural,name_or_literal,value_not_read,value_not_read,value_not_read,no,no,no
scripts/audit-da-a2-collect.js,508,de_article+de_plural,name_or_literal,value_not_read,value_not_read,value_not_read,no,no,no
scripts/audit-da-a2-final29-regression.js,86,de_article+de_plural,name_or_literal,value_not_read,value_not_read,value_not_read,no,no,no
scripts/audit-da-a2-low29-regression.js,104,de_article+de_plural,name_or_literal,value_not_read,value_not_read,value_not_read,no,no,no
scripts/audit-da-a2-targeted-regression.js,239,de_article+de_plural,name_or_literal,value_not_read,value_not_read,value_not_read,no,no,no
scripts/audit-da-a2-targeted-regression.js,293,de_article+de_plural,name_or_literal,value_not_read,value_not_read,value_not_read,no,no,no
scripts/audit-da-b1-collect.js,76,de_article+de_plural,name_or_literal,value_not_read,value_not_read,value_not_read,no,no,no
scripts/audit-da-b1-collect.js,516,de_article+de_plural,name_or_literal,value_not_read,value_not_read,value_not_read,no,no,no
scripts/audit-da-b1-final-micro-regression-closure.js,29,de_article+de_plural,name_or_literal,value_not_read,value_not_read,value_not_read,no,no,no
scripts/audit-da-b1-final-micro-regression-closure.js,321,de_article+de_plural,name_or_literal,value_not_read,value_not_read,value_not_read,no,no,no
scripts/audit-da-b1-final-repair-regression.js,26,de_article+de_plural,name_or_literal,value_not_read,value_not_read,value_not_read,no,no,no
scripts/audit-da-b1-final-repair-regression.js,274,de_article+de_plural,name_or_literal,value_not_read,value_not_read,value_not_read,no,no,no
scripts/audit-da-b1-targeted-regression.js,248,de_article+de_plural,name_or_literal,value_not_read,value_not_read,value_not_read,no,no,no
scripts/audit-da-b1-targeted-regression.js,310,de_article+de_plural,name_or_literal,value_not_read,value_not_read,value_not_read,no,no,no
scripts/audit-da-b2-collect.js,76,de_article+de_plural,name_or_literal,value_not_read,value_not_read,value_not_read,no,no,no
scripts/audit-da-b2-collect.js,531,de_article+de_plural,name_or_literal,value_not_read,value_not_read,value_not_read,no,no,no
scripts/audit-da-b2-targeted-regression.js,303,de_article+de_plural,name_or_literal,value_not_read,value_not_read,value_not_read,no,no,no
scripts/audit-da-b2-targeted-regression.js,378,de_article+de_plural,name_or_literal,value_not_read,value_not_read,value_not_read,no,no,no
scripts/audit-da-b2-targeted-regression.js,403,de_article+de_plural,name_or_literal,value_not_read,value_not_read,value_not_read,no,no,no
scripts/audit-da-c1c2-collect.js,126,de_article+de_plural,name_or_literal,value_not_read,value_not_read,value_not_read,no,no,no
scripts/audit-da-c1c2-collect.js,695,de_article+de_plural,name_or_literal,value_not_read,value_not_read,value_not_read,no,no,no
scripts/audit-da-c1c2-targeted-regression.js,354,de_article+de_plural,name_or_literal,value_not_read,value_not_read,value_not_read,no,no,no
scripts/audit-da-c1c2-targeted-regression.js,463,de_article+de_plural,name_or_literal,value_not_read,value_not_read,value_not_read,no,no,no
scripts/audit-da-c1c2-targeted-regression.js,489,de_article+de_plural,name_or_literal,value_not_read,value_not_read,value_not_read,no,no,no
scripts/audit-es-a1-a2-collect.js,63,de_article+de_plural,name_or_literal,value_not_read,value_not_read,value_not_read,no,no,no
scripts/audit-es-a1-a2-collect.js,159,de_article+de_plural,name_or_literal,value_not_read,value_not_read,value_not_read,no,no,no
scripts/audit-es-a1-a2-collect.js,264,de_article+de_plural,name_or_literal,value_not_read,value_not_read,value_not_read,no,no,no
scripts/audit-es-b1-collect.js,67,de_article+de_plural,name_or_literal,value_not_read,value_not_read,value_not_read,no,no,no
scripts/audit-es-b1-collect.js,221,de_article+de_plural,name_or_literal,value_not_read,value_not_read,value_not_read,no,no,no
scripts/audit-es-b1-collect.js,296,de_article,copy_raw,copied_empty,copied_null,copied_undefined,no,no,no
scripts/audit-es-b1-collect.js,324,de_article+de_plural,name_or_literal,value_not_read,value_not_read,value_not_read,no,no,no
scripts/audit-es-de-collect.js,67,de_article+de_plural,name_or_literal,value_not_read,value_not_read,value_not_read,no,no,no
scripts/audit-es-de-collect.js,217,de_article+de_plural,name_or_literal,value_not_read,value_not_read,value_not_read,no,no,no
scripts/audit-es-de-collect.js,225,de_article+de_plural,name_or_literal,value_not_read,value_not_read,value_not_read,no,no,no
scripts/audit-et-a1-collect.js,63,de_article+de_plural,name_or_literal,value_not_read,value_not_read,value_not_read,no,no,no
scripts/audit-et-a1-collect.js,217,de_article+de_plural,name_or_literal,value_not_read,value_not_read,value_not_read,no,no,no
scripts/audit-et-a1-collect.js,278,de_article,copy_raw,copied_empty,copied_null,copied_undefined,no,no,no
scripts/audit-et-a1-collect.js,306,de_article+de_plural,name_or_literal,value_not_read,value_not_read,value_not_read,no,no,no
scripts/audit-et-a1-targeted-regression.js,29,de_article+de_plural,name_or_literal,value_not_read,value_not_read,value_not_read,no,no,no
scripts/audit-et-a2-collect.js,64,de_article+de_plural,name_or_literal,value_not_read,value_not_read,value_not_read,no,no,no
scripts/audit-et-a2-collect.js,218,de_article+de_plural,name_or_literal,value_not_read,value_not_read,value_not_read,no,no,no
scripts/audit-et-a2-collect.js,293,de_article,copy_raw,copied_empty,copied_null,copied_undefined,no,no,no
scripts/audit-et-a2-collect.js,321,de_article+de_plural,name_or_literal,value_not_read,value_not_read,value_not_read,no,no,no
scripts/audit-et-b1-collect.js,64,de_article+de_plural,name_or_literal,value_not_read,value_not_read,value_not_read,no,no,no
scripts/audit-et-b1-collect.js,218,de_article+de_plural,name_or_literal,value_not_read,value_not_read,value_not_read,no,no,no
scripts/audit-et-b1-collect.js,293,de_article,copy_raw,copied_empty,copied_null,copied_undefined,no,no,no
scripts/audit-et-b1-collect.js,321,de_article+de_plural,name_or_literal,value_not_read,value_not_read,value_not_read,no,no,no
scripts/audit-et-b1-final-closure.js,18,de_article+de_plural,name_or_literal,value_not_read,value_not_read,value_not_read,no,no,no
scripts/audit-et-b1-final-targeted-regression.js,22,de_article+de_plural,name_or_literal,value_not_read,value_not_read,value_not_read,no,no,no
scripts/audit-et-b1-targeted-regression.js,26,de_article+de_plural,name_or_literal,value_not_read,value_not_read,value_not_read,no,no,no
scripts/audit-et-b2-collect.js,64,de_article+de_plural,name_or_literal,value_not_read,value_not_read,value_not_read,no,no,no
scripts/audit-et-b2-collect.js,218,de_article+de_plural,name_or_literal,value_not_read,value_not_read,value_not_read,no,no,no
scripts/audit-et-b2-collect.js,293,de_article,copy_raw,copied_empty,copied_null,copied_undefined,no,no,no
scripts/audit-et-b2-collect.js,321,de_article+de_plural,name_or_literal,value_not_read,value_not_read,value_not_read,no,no,no
scripts/audit-et-b2-final-targeted-regression.js,30,de_article+de_plural,name_or_literal,value_not_read,value_not_read,value_not_read,no,no,no
scripts/audit-et-c1-collect.js,64,de_article+de_plural,name_or_literal,value_not_read,value_not_read,value_not_read,no,no,no
scripts/audit-et-c1-collect.js,218,de_article+de_plural,name_or_literal,value_not_read,value_not_read,value_not_read,no,no,no
scripts/audit-et-c1-collect.js,293,de_article,copy_raw,copied_empty,copied_null,copied_undefined,no,no,no
scripts/audit-et-c1-collect.js,321,de_article+de_plural,name_or_literal,value_not_read,value_not_read,value_not_read,no,no,no
scripts/audit-et-c1c2-final-targeted-regression.js,23,de_article+de_plural,name_or_literal,value_not_read,value_not_read,value_not_read,no,no,no
scripts/audit-et-c1c2-targeted-regression.js,22,de_article+de_plural,name_or_literal,value_not_read,value_not_read,value_not_read,no,no,no
scripts/audit-et-c2-collect.js,64,de_article+de_plural,name_or_literal,value_not_read,value_not_read,value_not_read,no,no,no
scripts/audit-et-c2-collect.js,218,de_article+de_plural,name_or_literal,value_not_read,value_not_read,value_not_read,no,no,no
scripts/audit-et-c2-collect.js,293,de_article,copy_raw,copied_empty,copied_null,copied_undefined,no,no,no
scripts/audit-et-c2-collect.js,321,de_article+de_plural,name_or_literal,value_not_read,value_not_read,value_not_read,no,no,no
scripts/audit-goethe-a1.js,356,de_article,comment_or_doc,not_executed,not_executed,not_executed,no,no,no
scripts/audit-goethe-a1.js,360,de_article,copy_raw,copied_empty,copied_null,copied_undefined,no,no,no
scripts/audit-goethe-a1.js,361,de_plural,copy_raw,copied_empty,copied_null,copied_undefined,no,no,no
scripts/audit-goethe-a1.js,386,de_article,template_truthy_guard,not_evaluated,not_evaluated,not_evaluated,no,no,no
scripts/audit-goethe-a1.js,387,de_plural,template_truthy_guard,not_evaluated,not_evaluated,not_evaluated,no,no,no
scripts/audit-goethe-a1.js,451,de_article,falsy_test,falsy,falsy,falsy,no,no,no
scripts/audit-goethe-a1.js,454,de_article,falsy_test,falsy,falsy,falsy,no,no,no
scripts/audit-goethe-a1.js,458,de_article,template_truthy_guard,not_evaluated,not_evaluated,not_evaluated,no,no,no
scripts/audit-goethe-a1.js,459,de_article,copy_if_truthy,omitted,omitted,omitted,no,no,no
scripts/audit-goethe-a1.js,464,de_plural,falsy_test,falsy,falsy,falsy,no,no,no
scripts/audit-goethe-a1.js,474,de_plural,falsy_test,falsy,falsy,falsy,no,no,no
scripts/audit-goethe-a1.js,475,de_plural,method_truthy_guard,not_evaluated,not_evaluated,not_evaluated,no,no,no
scripts/audit-goethe-a1.js,488,de_plural,falsy_test,falsy,falsy,falsy,no,no,no
scripts/audit-goethe-a1.js,490,de_plural,falsy_test,falsy,falsy,falsy,no,no,no
scripts/audit-goethe-a1.js,494,de_plural,template_truthy_guard,not_evaluated,not_evaluated,not_evaluated,no,no,no
scripts/audit-goethe-a1.js,495,de_plural,copy_if_truthy,omitted,omitted,omitted,no,no,no
scripts/audit-goethe-a1.js,518,de_article+de_plural,falsy_test,falsy,falsy,falsy,no,no,no
scripts/audit-goethe-a1.js,581,de_article,falsy_test,falsy,falsy,falsy,no,no,no
scripts/audit-goethe-a1.js,582,de_plural,falsy_test,falsy,falsy,falsy,no,no,no
scripts/audit-goethe-a1.js,592,de_article,name_or_literal,value_not_read,value_not_read,value_not_read,no,no,no
scripts/audit-goethe-a1.js,642,de_article,falsy_test,falsy,falsy,falsy,no,no,no
scripts/audit-goethe-a1.js,643,de_plural,falsy_test,falsy,falsy,falsy,no,no,no
scripts/audit-goethe-a1.js,646,de_article,delete,not_read,not_read,not_read,no,no,no
scripts/audit-goethe-a1.js,647,de_plural,delete,not_read,not_read,not_read,no,no,no
scripts/audit-goethe-a1.js,719,de_article+de_plural,compare,compared,compared,compared,no,no,no
scripts/audit-goethe-a1.js,725,de_article+de_plural,assign_other,not_read,not_read,not_read,no,no,no
scripts/audit-goethe-a2.js,179,de_article,template_truthy_guard,not_evaluated,not_evaluated,not_evaluated,no,no,no
scripts/audit-goethe-a2.js,180,de_plural,template_truthy_guard,not_evaluated,not_evaluated,not_evaluated,no,no,no
scripts/audit-goethe-a2.js,248,de_article,copy_raw,copied_empty,copied_null,copied_undefined,no,no,no
scripts/audit-goethe-a2.js,249,de_plural,copy_raw,copied_empty,copied_null,copied_undefined,no,no,no
scripts/audit-goethe-a2.js,301,de_article,assign_other,not_read,not_read,not_read,no,no,no
scripts/audit-goethe-a2.js,302,de_plural,falsy_test,falsy,falsy,falsy,no,no,no
scripts/audit-goethe-a2.js,318,de_plural,falsy_test,falsy,falsy,falsy,no,no,no
scripts/audit-goethe-a2.js,327,de_plural,falsy_test,falsy,falsy,falsy,no,no,no
scripts/audit-goethe-a2.js,328,de_plural,method_truthy_guard,not_evaluated,not_evaluated,not_evaluated,no,no,no
scripts/audit-goethe-a2.js,340,de_article,falsy_test,falsy,falsy,falsy,no,no,no
scripts/audit-goethe-a2.js,344,de_article,template_truthy_guard,not_evaluated,not_evaluated,not_evaluated,no,no,no
scripts/audit-goethe-a2.js,345,de_article,copy_if_truthy,omitted,omitted,omitted,no,no,no
scripts/audit-goethe-a2.js,349,de_plural,falsy_test,falsy,falsy,falsy,no,no,no
scripts/audit-goethe-a2.js,351,de_plural,falsy_test,falsy,falsy,falsy,no,no,no
scripts/audit-goethe-a2.js,355,de_plural,template_truthy_guard,not_evaluated,not_evaluated,not_evaluated,no,no,no
scripts/audit-goethe-a2.js,356,de_plural,copy_if_truthy,omitted,omitted,omitted,no,no,no
scripts/audit-goethe-a2.js,377,de_article+de_plural,falsy_test,falsy,falsy,falsy,no,no,no
scripts/audit-goethe-a2.js,497,de_article,falsy_test,falsy,falsy,falsy,no,no,no
scripts/audit-goethe-a2.js,498,de_plural,falsy_test,falsy,falsy,falsy,no,no,no
scripts/audit-goethe-a2.js,500,de_article,delete,not_read,not_read,not_read,no,no,no
scripts/audit-goethe-a2.js,501,de_plural,delete,not_read,not_read,not_read,no,no,no
scripts/audit-goethe-a2.js,580,de_article+de_plural,falsy_test,falsy,falsy,falsy,no,no,no
scripts/audit-goethe-a2.js,585,de_plural,falsy_test,falsy,falsy,falsy,no,no,no
scripts/audit-goethe-b1.js,61,de_plural,comment_or_doc,not_executed,not_executed,not_executed,no,no,no
scripts/audit-goethe-b1.js,136,de_article,template_truthy_guard,not_evaluated,not_evaluated,not_evaluated,no,no,no
scripts/audit-goethe-b1.js,137,de_plural,template_truthy_guard,not_evaluated,not_evaluated,not_evaluated,no,no,no
scripts/audit-goethe-b1.js,234,de_article,template_or_empty,empty_interpolation,empty_interpolation,empty_interpolation,no,no,no
scripts/audit-goethe-b1.js,339,de_article+de_plural,falsy_test,falsy,falsy,falsy,no,no,no
scripts/audit-goethe-b1.js,365,de_article+de_plural,falsy_test,falsy,falsy,falsy,no,no,no
scripts/audit-goethe-b1.js,371,de_plural,method_truthy_guard,not_evaluated,not_evaluated,not_evaluated,no,no,no
scripts/audit-goethe-b1.js,508,de_article,delete,not_read,not_read,not_read,no,no,no
scripts/audit-goethe-b1.js,509,de_plural,delete,not_read,not_read,not_read,no,no,no
scripts/audit-goethe-b2.js,243,de_article,template_truthy_guard,not_evaluated,not_evaluated,not_evaluated,no,no,no
scripts/audit-goethe-b2.js,244,de_plural,template_truthy_guard,not_evaluated,not_evaluated,not_evaluated,no,no,no
scripts/audit-goethe-b2.js,303,de_article,falsy_test,falsy,falsy,falsy,no,no,no
scripts/audit-goethe-b2.js,304,de_article,template_or_empty,empty_interpolation,empty_interpolation,empty_interpolation,no,no,no
scripts/audit-goethe-b2.js,305,de_article,template_or_empty,empty_interpolation,empty_interpolation,empty_interpolation,no,no,no
scripts/audit-goethe-b2.js,316,de_plural,falsy_test,falsy,falsy,falsy,no,no,no
scripts/audit-goethe-b2.js,331,de_plural,assign_other,not_read,not_read,not_read,no,no,no
scripts/audit-goethe-b2.js,335,de_plural,template_truthy_guard,not_evaluated,not_evaluated,not_evaluated,no,no,no
scripts/audit-goethe-b2.js,336,de_plural,copy_if_truthy,omitted,omitted,omitted,no,no,no
scripts/audit-goethe-b2.js,488,de_article,falsy_test,falsy,falsy,falsy,no,no,no
scripts/audit-goethe-b2.js,497,de_plural,falsy_test,falsy,falsy,falsy,no,no,no
scripts/audit-goethe-b2.js,577,de_article,template_or_empty,empty_interpolation,empty_interpolation,empty_interpolation,no,no,no
scripts/audit-goethe-b2.js,605,de_article,or_null_value,null_value,null_value,null_value,no,no,no
scripts/audit-goethe-b2.js,732,de_article,template_or_empty,empty_interpolation,empty_interpolation,empty_interpolation,no,no,no
scripts/audit-goethe-b2.js,741,de_article,template_or_empty,empty_interpolation,empty_interpolation,empty_interpolation,no,no,no
scripts/audit-goethe-b2.js,744,de_article,template_or_empty,empty_interpolation,empty_interpolation,empty_interpolation,no,no,no
scripts/audit-goethe-b2.js,750,de_article,template_or_empty,empty_interpolation,empty_interpolation,empty_interpolation,no,no,no
scripts/audit-goethe-b2.js,760,de_article,falsy_test,falsy,falsy,falsy,no,no,no
scripts/audit-goethe-b2.js,761,de_plural,falsy_test,falsy,falsy,falsy,no,no,no
scripts/audit-goethe-b2.js,763,de_article,delete,not_read,not_read,not_read,no,no,no
scripts/audit-goethe-b2.js,764,de_plural,delete,not_read,not_read,not_read,no,no,no
scripts/audit-goethe-b2.js,777,de_article,template_or_empty,empty_interpolation,empty_interpolation,empty_interpolation,no,no,no
scripts/audit-goethe-b2.js,779,de_article,template_or_empty,empty_interpolation,empty_interpolation,empty_interpolation,no,no,no
scripts/audit-goethe-b2.js,795,de_article,template_or_empty,empty_interpolation,empty_interpolation,empty_interpolation,no,no,no
scripts/audit-goethe-c1-c2-shared.js,102,de_article+de_plural,copy_raw,copied_empty,copied_null,copied_undefined,no,no,no
scripts/audit-goethe-c1-c2-shared.js,103,de_article+de_plural,copy_raw,copied_empty,copied_null,copied_undefined,no,no,no
scripts/audit-goethe-c1-c2-shared.js,106,de_article+de_plural,copy_raw,copied_empty,copied_null,copied_undefined,no,no,no
scripts/audit-goethe-c1-c2-shared.js,107,de_article+de_plural,copy_raw,copied_empty,copied_null,copied_undefined,no,no,no
scripts/audit-goethe-c1-c2-shared.js,109,de_article+de_plural,copy_raw,copied_empty,copied_null,copied_undefined,no,no,no
scripts/audit-goethe-c1-c2-shared.js,110,de_article+de_plural,copy_raw,copied_empty,copied_null,copied_undefined,no,no,no
scripts/audit-goethe-c1-c2-shared.js,111,de_article+de_plural,copy_raw,copied_empty,copied_null,copied_undefined,no,no,no
scripts/audit-goethe-c1-c2-shared.js,125,de_article+de_plural,copy_raw,copied_empty,copied_null,copied_undefined,no,no,no
scripts/audit-goethe-c1-c2-shared.js,126,de_article+de_plural,copy_raw,copied_empty,copied_null,copied_undefined,no,no,no
scripts/audit-goethe-c1-c2-shared.js,131,de_article,copy_raw,copied_empty,copied_null,copied_undefined,no,no,no
scripts/audit-goethe-c1-c2-shared.js,132,de_plural,copy_raw,copied_empty,copied_null,copied_undefined,no,no,no
scripts/audit-goethe-c1-c2-shared.js,139,de_article,copy_raw,copied_empty,copied_null,copied_undefined,no,no,no
scripts/audit-goethe-c1-c2-shared.js,140,de_plural,copy_raw,copied_empty,copied_null,copied_undefined,no,no,no
scripts/audit-goethe-c1-c2-shared.js,147,de_article,copy_raw,copied_empty,copied_null,copied_undefined,no,no,no
scripts/audit-goethe-c1-c2-shared.js,148,de_plural,copy_raw,copied_empty,copied_null,copied_undefined,no,no,no
scripts/audit-goethe-c1-c2-shared.js,171,de_article,template_truthy_guard,not_evaluated,not_evaluated,not_evaluated,no,no,no
scripts/audit-goethe-c1-c2-shared.js,172,de_plural,template_truthy_guard,not_evaluated,not_evaluated,not_evaluated,no,no,no
scripts/audit-goethe-c1-c2-shared.js,179,de_article,falsy_test,falsy,falsy,falsy,no,no,no
scripts/audit-goethe-c1-c2-shared.js,239,de_article,compare,compared,compared,compared,no,no,no
scripts/audit-goethe-c1-c2-shared.js,301,de_article+de_plural,falsy_test,falsy,falsy,falsy,no,no,no
scripts/audit-goethe-c1-c2-shared.js,318,de_plural,falsy_test,falsy,falsy,falsy,no,no,no
scripts/audit-goethe-c1-c2-shared.js,329,de_article,falsy_test,falsy,falsy,falsy,no,no,no
scripts/audit-goethe-c1-c2-shared.js,334,de_article,copy_if_truthy,omitted,omitted,omitted,no,no,no
scripts/audit-goethe-c1-c2-shared.js,337,de_plural,falsy_test,falsy,falsy,falsy,no,no,no
scripts/audit-goethe-c1-c2-shared.js,338,de_plural,method_truthy_guard,not_evaluated,not_evaluated,not_evaluated,no,no,no
scripts/audit-goethe-c1-c2-shared.js,354,de_plural,falsy_test,falsy,falsy,falsy,no,no,no
scripts/audit-goethe-c1-c2-shared.js,361,de_plural,falsy_test,falsy,falsy,falsy,no,no,no
scripts/audit-goethe-c1-c2-shared.js,365,de_plural,template_truthy_guard,not_evaluated,not_evaluated,not_evaluated,no,no,no
scripts/audit-goethe-c1-c2-shared.js,366,de_plural,copy_if_truthy,omitted,omitted,omitted,no,no,no
scripts/audit-goethe-c1-c2-shared.js,369,de_plural,falsy_test,falsy,falsy,falsy,no,no,no
scripts/audit-goethe-c1-c2-shared.js,376,de_plural,copy_if_truthy,omitted,omitted,omitted,no,no,no
scripts/audit-goethe-c1-c2-shared.js,485,de_article,falsy_test,falsy,falsy,falsy,no,no,no
scripts/audit-goethe-c1-c2-shared.js,486,de_plural,falsy_test,falsy,falsy,falsy,no,no,no
scripts/audit-goethe-c1-c2-shared.js,487,de_article,delete,not_read,not_read,not_read,no,no,no
scripts/audit-goethe-c1-c2-shared.js,488,de_plural,delete,not_read,not_read,not_read,no,no,no
scripts/audit-level-audio.js,60,de_article,string_truthy_guard,not_evaluated,not_evaluated,not_evaluated,no,no,no
scripts/audit-level-audio.js,78,de_plural,falsy_test,falsy,falsy,falsy,no,no,no
scripts/audit-level-audio.js,79,de_plural,string_truthy_guard,not_evaluated,not_evaluated,not_evaluated,no,no,no
scripts/audit-study-card-audio.js,131,de_article,falsy_test,falsy,falsy,falsy,no,no,no
scripts/audit-study-card-audio.js,132,de_article,template_truthy_guard,not_evaluated,not_evaluated,not_evaluated,no,no,no
scripts/build-bs-b1-final-medium-candidates.js,140,de_article,or_null_value,null_value,null_value,null_value,no,no,no
scripts/build-bs-b1-final-medium-candidates.js,141,de_plural,or_null_value,null_value,null_value,null_value,no,no,no
scripts/build-bs-b1-medium-candidates.js,268,de_article,or_null_value,null_value,null_value,null_value,no,no,no
scripts/build-bs-b1-medium-candidates.js,269,de_plural,or_null_value,null_value,null_value,null_value,no,no,no
scripts/build-da-a1-owner-review-groups.js,193,de_article,comment_or_doc,not_executed,not_executed,not_executed,no,no,no
scripts/build-da-a2-owner-review-groups.js,186,de_article,comment_or_doc,not_executed,not_executed,not_executed,no,no,no
scripts/build-da-b1-owner-review-groups.js,188,de_article,comment_or_doc,not_executed,not_executed,not_executed,no,no,no
scripts/build-es-a1-a2-foreign-remnants-owner-source.js,109,de_article+de_plural,name_or_literal,value_not_read,value_not_read,value_not_read,no,no,no
scripts/build-es-a1-a2-foreign-remnants-owner-source.js,186,de_article+de_plural,name_or_literal,value_not_read,value_not_read,value_not_read,no,no,no
scripts/build-es-a1-a2-foreign-remnants-owner-source.js,195,de_article,or_null_value,null_value,null_value,null_value,no,no,no
scripts/build-es-a1-a2-foreign-remnants-owner-source.js,196,de_plural,or_null_value,null_value,null_value,null_value,no,no,no
scripts/build-es-a1-a2-lv-remnants-owner-source.js,70,de_article+de_plural,name_or_literal,value_not_read,value_not_read,value_not_read,no,no,no
scripts/build-es-a1-a2-lv-remnants-owner-source.js,147,de_article+de_plural,name_or_literal,value_not_read,value_not_read,value_not_read,no,no,no
scripts/build-es-a1-a2-lv-remnants-owner-source.js,156,de_article,or_null_value,null_value,null_value,null_value,no,no,no
scripts/build-es-a1-a2-lv-remnants-owner-source.js,157,de_plural,or_null_value,null_value,null_value,null_value,no,no,no
scripts/cleanup-linguistic-jargon.js,187,de_article,copy_raw,copied_empty,copied_null,copied_undefined,no,no,no
scripts/cleanup-linguistic-jargon.js,189,de_plural,delete,not_read,not_read,not_read,no,no,no
scripts/dedupe-b1-words.js,9,de_article,or_empty_string,empty_string,empty_string,empty_string,no,no,no
scripts/dedupe-b1-words.js,11,de_plural,or_empty_string,empty_string,empty_string,empty_string,no,no,no
scripts/extract-bs-b2-owner-review-backlog.js,270,de_article,falsy_test,falsy,falsy,falsy,no,no,no
scripts/extract-bs-b2-owner-review-backlog.js,271,de_plural,template_truthy_guard,not_evaluated,not_evaluated,not_evaluated,no,no,no
scripts/fix-a2-lowercase-nouns.js,31,de_article,name_or_literal,value_not_read,value_not_read,value_not_read,no,no,no
scripts/fix-a2-lowercase-nouns.js,33,de_plural,name_or_literal,value_not_read,value_not_read,value_not_read,no,no,no
scripts/fix-b1-noun-issues.js,15,de_article,name_or_literal,value_not_read,value_not_read,value_not_read,no,no,no
scripts/fix-b1-noun-issues.js,16,de_plural,name_or_literal,value_not_read,value_not_read,value_not_read,no,no,no
scripts/fix-b1-noun-issues.js,22,de_article,name_or_literal,value_not_read,value_not_read,value_not_read,no,no,no
scripts/fix-b1-noun-issues.js,23,de_plural,name_or_literal,value_not_read,value_not_read,value_not_read,no,no,no
scripts/fix-b1-noun-issues.js,32,de_article,name_or_literal,value_not_read,value_not_read,value_not_read,no,no,no
scripts/fix-b1-noun-issues.js,33,de_plural,name_or_literal,value_not_read,value_not_read,value_not_read,no,no,no
scripts/fix-b1-noun-issues.js,39,de_article,name_or_literal,value_not_read,value_not_read,value_not_read,no,no,no
scripts/fix-b1-noun-issues.js,40,de_plural,name_or_literal,value_not_read,value_not_read,value_not_read,no,no,no
scripts/fix-b1-noun-issues.js,49,de_article,name_or_literal,value_not_read,value_not_read,value_not_read,no,no,no
scripts/fix-b1-noun-issues.js,50,de_plural,name_or_literal,value_not_read,value_not_read,value_not_read,no,no,no
scripts/fix-b1-noun-issues.js,61,de_article,name_or_literal,value_not_read,value_not_read,value_not_read,no,no,no
scripts/fix-b1-noun-issues.js,62,de_plural,name_or_literal,value_not_read,value_not_read,value_not_read,no,no,no
scripts/fix-b1-noun-issues.js,71,de_plural,name_or_literal,value_not_read,value_not_read,value_not_read,no,no,no
scripts/fix-b1-noun-issues.js,73,de_plural,name_or_literal,value_not_read,value_not_read,value_not_read,no,no,no
scripts/fix-b1-noun-issues.js,78,de_plural,name_or_literal,value_not_read,value_not_read,value_not_read,no,no,no
scripts/fix-b1-noun-issues.js,80,de_plural,name_or_literal,value_not_read,value_not_read,value_not_read,no,no,no
scripts/fix-b1-noun-issues.js,92,de_article,name_or_literal,value_not_read,value_not_read,value_not_read,no,no,no
scripts/fix-b1-noun-issues.js,93,de_plural,name_or_literal,value_not_read,value_not_read,value_not_read,no,no,no
scripts/fix-bs-a1-quality.js,67,de_article+de_plural,name_or_literal,value_not_read,value_not_read,value_not_read,no,no,no
scripts/fix-bs-a1-quality.js,102,de_article,template_truthy_guard,not_evaluated,not_evaluated,not_evaluated,no,no,no
scripts/fix-bs-a2-quality.js,67,de_article+de_plural,name_or_literal,value_not_read,value_not_read,value_not_read,no,no,no
scripts/fix-bs-a2-quality.js,102,de_article,template_truthy_guard,not_evaluated,not_evaluated,not_evaluated,no,no,no
scripts/fix-bs-de-fields.js,26,de_article,copy_if_defined,copied_empty,copied_null,not_copied,no,no,no
scripts/fix-bs-de-fields.js,27,de_plural,copy_if_defined,copied_empty,copied_null,not_copied,no,no,no
scripts/fix-bs-from-lv-local.js,88,de_article+de_plural,name_or_literal,value_not_read,value_not_read,value_not_read,no,no,no
scripts/fix-bs-from-lv-local.js,150,de_article+de_plural,name_or_literal,value_not_read,value_not_read,value_not_read,no,no,no
scripts/fix-bs-lv-remnants.js,51,de_article+de_plural,name_or_literal,value_not_read,value_not_read,value_not_read,no,no,no
scripts/fix-bs-openai-translate.js,50,de_article+de_plural,name_or_literal,value_not_read,value_not_read,value_not_read,no,no,no
scripts/fix-bs-rebuild-from-lv.js,122,de_article+de_plural,name_or_literal,value_not_read,value_not_read,value_not_read,no,no,no
scripts/fix-bs-rebuild-from-lv.js,187,de_article+de_plural,name_or_literal,value_not_read,value_not_read,value_not_read,no,no,no
scripts/fix-cs-audit-findings.js,101,de_article+de_plural,name_or_literal,value_not_read,value_not_read,value_not_read,no,no,no
scripts/fix-cs-audit-findings.js,142,de_article,copy_if_defined,copied_empty,copied_null,not_copied,no,no,no
scripts/fix-cs-audit-findings.js,143,de_plural,copy_if_defined,copied_empty,copied_null,not_copied,no,no,no
scripts/fix-cs-de-fields.js,26,de_article,copy_if_defined,copied_empty,copied_null,not_copied,no,no,no
scripts/fix-cs-de-fields.js,27,de_plural,copy_if_defined,copied_empty,copied_null,not_copied,no,no,no
scripts/fix-da-de-fields.js,26,de_article,copy_if_defined,copied_empty,copied_null,not_copied,no,no,no
scripts/fix-da-de-fields.js,27,de_plural,copy_if_defined,copied_empty,copied_null,not_copied,no,no,no
scripts/fix-da-lv-remnants.js,36,de_article+de_plural,name_or_literal,value_not_read,value_not_read,value_not_read,no,no,no
scripts/fix-da-remnants.js,56,de_article+de_plural,name_or_literal,value_not_read,value_not_read,value_not_read,no,no,no
scripts/fix-en-audit-findings.js,119,de_article+de_plural,name_or_literal,value_not_read,value_not_read,value_not_read,no,no,no
scripts/fix-en-de-fields.js,26,de_article,copy_if_defined,copied_empty,copied_null,not_copied,no,no,no
scripts/fix-en-de-fields.js,27,de_plural,copy_if_defined,copied_empty,copied_null,not_copied,no,no,no
scripts/fix-es-audit-findings.js,17,de_article+de_plural,name_or_literal,value_not_read,value_not_read,value_not_read,no,no,no
scripts/fix-es-de-fields.js,26,de_article,copy_if_defined,copied_empty,copied_null,not_copied,no,no,no
scripts/fix-es-de-fields.js,27,de_plural,copy_if_defined,copied_empty,copied_null,not_copied,no,no,no
scripts/fix-fi-de-fields.js,26,de_article,copy_if_defined,copied_empty,copied_null,not_copied,no,no,no
scripts/fix-fi-de-fields.js,27,de_plural,copy_if_defined,copied_empty,copied_null,not_copied,no,no,no
scripts/fix-fr-audit-from-en.js,96,de_article+de_plural,name_or_literal,value_not_read,value_not_read,value_not_read,no,no,no
scripts/fix-fr-audit-from-en.js,154,de_article,copy_if_defined,copied_empty,copied_null,not_copied,no,no,no
scripts/fix-fr-audit-from-en.js,155,de_plural,copy_if_defined,copied_empty,copied_null,not_copied,no,no,no
scripts/fix-fr-de-fields.js,26,de_article,copy_if_defined,copied_empty,copied_null,not_copied,no,no,no
scripts/fix-fr-de-fields.js,27,de_plural,copy_if_defined,copied_empty,copied_null,not_copied,no,no,no
scripts/fix-hr-de-fields.js,26,de_article,copy_if_defined,copied_empty,copied_null,not_copied,no,no,no
scripts/fix-hr-de-fields.js,27,de_plural,copy_if_defined,copied_empty,copied_null,not_copied,no,no,no
scripts/fix-hu-de-fields.js,26,de_article,copy_if_defined,copied_empty,copied_null,not_copied,no,no,no
scripts/fix-hu-de-fields.js,27,de_plural,copy_if_defined,copied_empty,copied_null,not_copied,no,no,no
scripts/fix-is-de-fields.js,26,de_article,copy_if_defined,copied_empty,copied_null,not_copied,no,no,no
scripts/fix-is-de-fields.js,27,de_plural,copy_if_defined,copied_empty,copied_null,not_copied,no,no,no
scripts/fix-it-de-fields.js,26,de_article,copy_if_defined,copied_empty,copied_null,not_copied,no,no,no
scripts/fix-it-de-fields.js,27,de_plural,copy_if_defined,copied_empty,copied_null,not_copied,no,no,no
scripts/fix-lb-de-fields.js,26,de_article,copy_if_defined,copied_empty,copied_null,not_copied,no,no,no
scripts/fix-lb-de-fields.js,27,de_plural,copy_if_defined,copied_empty,copied_null,not_copied,no,no,no
scripts/fix-mk-de-fields.js,26,de_article,copy_if_defined,copied_empty,copied_null,not_copied,no,no,no
scripts/fix-mk-de-fields.js,27,de_plural,copy_if_defined,copied_empty,copied_null,not_copied,no,no,no
scripts/fix-nb-de-fields.js,26,de_article,copy_if_defined,copied_empty,copied_null,not_copied,no,no,no
scripts/fix-nb-de-fields.js,27,de_plural,copy_if_defined,copied_empty,copied_null,not_copied,no,no,no
scripts/fix-nl-de-fields.js,26,de_article,copy_if_defined,copied_empty,copied_null,not_copied,no,no,no
scripts/fix-nl-de-fields.js,27,de_plural,copy_if_defined,copied_empty,copied_null,not_copied,no,no,no
scripts/fix-nn-de-fields.js,26,de_article,copy_if_defined,copied_empty,copied_null,not_copied,no,no,no
scripts/fix-nn-de-fields.js,27,de_plural,copy_if_defined,copied_empty,copied_null,not_copied,no,no,no
scripts/fix-pl-lv-remnants.js,53,de_article+de_plural,name_or_literal,value_not_read,value_not_read,value_not_read,no,no,no
scripts/fix-pt-de-fields.js,26,de_article,copy_if_defined,copied_empty,copied_null,not_copied,no,no,no
scripts/fix-pt-de-fields.js,27,de_plural,copy_if_defined,copied_empty,copied_null,not_copied,no,no,no
scripts/fix-sk-de-fields.js,26,de_article,copy_if_defined,copied_empty,copied_null,not_copied,no,no,no
scripts/fix-sk-de-fields.js,27,de_plural,copy_if_defined,copied_empty,copied_null,not_copied,no,no,no
scripts/fix-sl-de-fields.js,26,de_article,copy_if_defined,copied_empty,copied_null,not_copied,no,no,no
scripts/fix-sl-de-fields.js,27,de_plural,copy_if_defined,copied_empty,copied_null,not_copied,no,no,no
scripts/fix-sq-de-fields.js,26,de_article,copy_if_defined,copied_empty,copied_null,not_copied,no,no,no
scripts/fix-sq-de-fields.js,27,de_plural,copy_if_defined,copied_empty,copied_null,not_copied,no,no,no
scripts/fix-sq-remaining-turkish.js,13,de_article+de_plural,name_or_literal,value_not_read,value_not_read,value_not_read,no,no,no
scripts/fix-sr-de-fields.js,26,de_article,copy_if_defined,copied_empty,copied_null,not_copied,no,no,no
scripts/fix-sr-de-fields.js,27,de_plural,copy_if_defined,copied_empty,copied_null,not_copied,no,no,no
scripts/fix-sv-de-fields.js,26,de_article,copy_if_defined,copied_empty,copied_null,not_copied,no,no,no
scripts/fix-sv-de-fields.js,27,de_plural,copy_if_defined,copied_empty,copied_null,not_copied,no,no,no
scripts/generate-a2-noun-audio.js,41,de_article,string_truthy_guard,not_evaluated,not_evaluated,not_evaluated,no,no,no
scripts/generate-a2-noun-audio.js,48,de_plural,falsy_test,falsy,falsy,falsy,no,no,no
scripts/generate-a2-noun-audio.js,49,de_plural,string_truthy_guard,not_evaluated,not_evaluated,not_evaluated,no,no,no
scripts/generate-b2-homonym-audio.js,48,de_article,string_truthy_guard,not_evaluated,not_evaluated,not_evaluated,no,no,no
scripts/generate-b2-homonym-audio.js,57,de_plural,falsy_test,falsy,falsy,falsy,no,no,no
scripts/generate-b2-homonym-audio.js,58,de_plural,string_truthy_guard,not_evaluated,not_evaluated,not_evaluated,no,no,no
scripts/generate-bg-from-ru.js,84,de_article+de_plural,name_or_literal,value_not_read,value_not_read,value_not_read,no,no,no
scripts/generate-bg-from-ru.js,139,de_article,copy_if_defined,copied_empty,copied_null,not_copied,no,no,no
scripts/generate-bg-from-ru.js,140,de_plural,copy_if_defined,copied_empty,copied_null,not_copied,no,no,no
scripts/generate-bg-language-data-batched.js,69,de_article+de_plural,name_or_literal,value_not_read,value_not_read,value_not_read,no,no,no
scripts/generate-bg-language-data-batched.js,92,de_article+de_plural,name_or_literal,value_not_read,value_not_read,value_not_read,no,no,no
scripts/generate-bg-language-data-batched.js,117,de_article+de_plural,name_or_literal,value_not_read,value_not_read,value_not_read,no,no,no
scripts/generate-bs-a1-from-lv.js,104,de_article+de_plural,name_or_literal,value_not_read,value_not_read,value_not_read,no,no,no
scripts/generate-bs-a2-from-lv.js,104,de_article+de_plural,name_or_literal,value_not_read,value_not_read,value_not_read,no,no,no
scripts/generate-bs-b2-from-lv.js,192,de_article+de_plural,name_or_literal,value_not_read,value_not_read,value_not_read,no,no,no
scripts/generate-bs-b2-from-lv.js,597,de_article+de_plural,name_or_literal,value_not_read,value_not_read,value_not_read,no,no,no
scripts/generate-bs-c1-from-lv.js,133,de_article+de_plural,name_or_literal,value_not_read,value_not_read,value_not_read,no,no,no
scripts/generate-bs-from-lv.js,82,de_article+de_plural,name_or_literal,value_not_read,value_not_read,value_not_read,no,no,no
scripts/generate-bs-from-lv.js,105,de_article+de_plural,name_or_literal,value_not_read,value_not_read,value_not_read,no,no,no
scripts/generate-bs-from-lv.js,124,de_article+de_plural,name_or_literal,value_not_read,value_not_read,value_not_read,no,no,no
scripts/generate-bs-from-sl.js,52,de_article+de_plural,name_or_literal,value_not_read,value_not_read,value_not_read,no,no,no
scripts/generate-cs-from-sk.js,70,de_article+de_plural,name_or_literal,value_not_read,value_not_read,value_not_read,no,no,no
scripts/generate-cs-from-sk.js,125,de_article,copy_if_defined,copied_empty,copied_null,not_copied,no,no,no
scripts/generate-cs-from-sk.js,126,de_plural,copy_if_defined,copied_empty,copied_null,not_copied,no,no,no
scripts/generate-da-from-en.js,92,de_article+de_plural,name_or_literal,value_not_read,value_not_read,value_not_read,no,no,no
scripts/generate-da-from-en.js,150,de_article,copy_if_defined,copied_empty,copied_null,not_copied,no,no,no
scripts/generate-da-from-en.js,151,de_plural,copy_if_defined,copied_empty,copied_null,not_copied,no,no,no
scripts/generate-da-from-sv.js,65,de_article+de_plural,name_or_literal,value_not_read,value_not_read,value_not_read,no,no,no
scripts/generate-da-from-sv.js,120,de_article,copy_if_defined,copied_empty,copied_null,not_copied,no,no,no
scripts/generate-da-from-sv.js,121,de_plural,copy_if_defined,copied_empty,copied_null,not_copied,no,no,no
scripts/generate-en-from-lv.js,172,de_article+de_plural,name_or_literal,value_not_read,value_not_read,value_not_read,no,no,no
scripts/generate-es-from-it.js,114,de_article+de_plural,name_or_literal,value_not_read,value_not_read,value_not_read,no,no,no
scripts/generate-es-from-it.js,169,de_article,copy_if_defined,copied_empty,copied_null,not_copied,no,no,no
scripts/generate-es-from-it.js,170,de_plural,copy_if_defined,copied_empty,copied_null,not_copied,no,no,no
scripts/generate-fi-from-et.js,66,de_article+de_plural,name_or_literal,value_not_read,value_not_read,value_not_read,no,no,no
scripts/generate-fi-from-et.js,121,de_article,copy_if_defined,copied_empty,copied_null,not_copied,no,no,no
scripts/generate-fi-from-et.js,122,de_plural,copy_if_defined,copied_empty,copied_null,not_copied,no,no,no
scripts/generate-fr-from-nl.js,65,de_article+de_plural,name_or_literal,value_not_read,value_not_read,value_not_read,no,no,no
scripts/generate-fr-from-nl.js,120,de_article,copy_if_defined,copied_empty,copied_null,not_copied,no,no,no
scripts/generate-fr-from-nl.js,121,de_plural,copy_if_defined,copied_empty,copied_null,not_copied,no,no,no
scripts/generate-gr-from-et.js,68,de_article+de_plural,name_or_literal,value_not_read,value_not_read,value_not_read,no,no,no
scripts/generate-gr-language-data-batched.js,72,de_article+de_plural,name_or_literal,value_not_read,value_not_read,value_not_read,no,no,no
scripts/generate-gr-language-data-batched.js,95,de_article+de_plural,name_or_literal,value_not_read,value_not_read,value_not_read,no,no,no
scripts/generate-gr-language-data-batched.js,120,de_article+de_plural,name_or_literal,value_not_read,value_not_read,value_not_read,no,no,no
scripts/generate-hr-from-sr.js,52,de_article+de_plural,name_or_literal,value_not_read,value_not_read,value_not_read,no,no,no
scripts/generate-hu-from-en.js,58,de_article+de_plural,name_or_literal,value_not_read,value_not_read,value_not_read,no,no,no
scripts/generate-hu-from-lv.js,113,de_article+de_plural,name_or_literal,value_not_read,value_not_read,value_not_read,no,no,no
scripts/generate-is-from-nb.js,65,de_article+de_plural,name_or_literal,value_not_read,value_not_read,value_not_read,no,no,no
scripts/generate-is-from-nb.js,120,de_article,copy_if_defined,copied_empty,copied_null,not_copied,no,no,no
scripts/generate-is-from-nb.js,121,de_plural,copy_if_defined,copied_empty,copied_null,not_copied,no,no,no
scripts/generate-it-from-fr.js,65,de_article+de_plural,name_or_literal,value_not_read,value_not_read,value_not_read,no,no,no
scripts/generate-it-from-fr.js,120,de_article,copy_if_defined,copied_empty,copied_null,not_copied,no,no,no
scripts/generate-it-from-fr.js,121,de_plural,copy_if_defined,copied_empty,copied_null,not_copied,no,no,no
scripts/generate-lb-from-lv.js,65,de_article+de_plural,name_or_literal,value_not_read,value_not_read,value_not_read,no,no,no
scripts/generate-lb-from-nl.js,65,de_article+de_plural,name_or_literal,value_not_read,value_not_read,value_not_read,no,no,no
scripts/generate-lb-from-nl.js,120,de_article,copy_if_defined,copied_empty,copied_null,not_copied,no,no,no
scripts/generate-lb-from-nl.js,121,de_plural,copy_if_defined,copied_empty,copied_null,not_copied,no,no,no
scripts/generate-mk-from-bg.js,56,de_article+de_plural,name_or_literal,value_not_read,value_not_read,value_not_read,no,no,no
scripts/generate-nb-from-sv.js,65,de_article+de_plural,name_or_literal,value_not_read,value_not_read,value_not_read,no,no,no
scripts/generate-nb-from-sv.js,120,de_article,copy_if_defined,copied_empty,copied_null,not_copied,no,no,no
scripts/generate-nb-from-sv.js,121,de_plural,copy_if_defined,copied_empty,copied_null,not_copied,no,no,no
scripts/generate-nl-from-da.js,65,de_article+de_plural,name_or_literal,value_not_read,value_not_read,value_not_read,no,no,no
scripts/generate-nl-from-da.js,120,de_article,copy_if_defined,copied_empty,copied_null,not_copied,no,no,no
scripts/generate-nl-from-da.js,121,de_plural,copy_if_defined,copied_empty,copied_null,not_copied,no,no,no
scripts/generate-nl-from-lv.js,65,de_article+de_plural,name_or_literal,value_not_read,value_not_read,value_not_read,no,no,no
scripts/generate-nn-from-nb.js,65,de_article+de_plural,name_or_literal,value_not_read,value_not_read,value_not_read,no,no,no
scripts/generate-nn-from-nb.js,120,de_article,copy_if_defined,copied_empty,copied_null,not_copied,no,no,no
scripts/generate-nn-from-nb.js,121,de_plural,copy_if_defined,copied_empty,copied_null,not_copied,no,no,no
scripts/generate-pt-from-es.js,114,de_article+de_plural,name_or_literal,value_not_read,value_not_read,value_not_read,no,no,no
scripts/generate-pt-from-es.js,169,de_article,copy_if_defined,copied_empty,copied_null,not_copied,no,no,no
scripts/generate-pt-from-es.js,170,de_plural,copy_if_defined,copied_empty,copied_null,not_copied,no,no,no
scripts/generate-ro-language-data-batched.js,69,de_article+de_plural,name_or_literal,value_not_read,value_not_read,value_not_read,no,no,no
scripts/generate-ro-language-data-batched.js,92,de_article+de_plural,name_or_literal,value_not_read,value_not_read,value_not_read,no,no,no
scripts/generate-ro-language-data-batched.js,117,de_article+de_plural,name_or_literal,value_not_read,value_not_read,value_not_read,no,no,no
scripts/generate-ru-language-data-batched.js,69,de_article+de_plural,name_or_literal,value_not_read,value_not_read,value_not_read,no,no,no
scripts/generate-ru-language-data-batched.js,92,de_article+de_plural,name_or_literal,value_not_read,value_not_read,value_not_read,no,no,no
scripts/generate-ru-language-data-batched.js,111,de_article+de_plural,name_or_literal,value_not_read,value_not_read,value_not_read,no,no,no
scripts/generate-sk-from-pl.js,70,de_article+de_plural,name_or_literal,value_not_read,value_not_read,value_not_read,no,no,no
scripts/generate-sk-from-pl.js,125,de_article,copy_if_defined,copied_empty,copied_null,not_copied,no,no,no
scripts/generate-sk-from-pl.js,126,de_plural,copy_if_defined,copied_empty,copied_null,not_copied,no,no,no
scripts/generate-sl-from-lv.js,52,de_article+de_plural,name_or_literal,value_not_read,value_not_read,value_not_read,no,no,no
scripts/generate-sl-from-mk.js,52,de_article+de_plural,name_or_literal,value_not_read,value_not_read,value_not_read,no,no,no
scripts/generate-sq-from-tr.js,58,de_article+de_plural,name_or_literal,value_not_read,value_not_read,value_not_read,no,no,no
scripts/generate-sq-language-data-batched.js,72,de_article+de_plural,name_or_literal,value_not_read,value_not_read,value_not_read,no,no,no
scripts/generate-sq-language-data-batched.js,95,de_article+de_plural,name_or_literal,value_not_read,value_not_read,value_not_read,no,no,no
scripts/generate-sq-language-data-batched.js,120,de_article+de_plural,name_or_literal,value_not_read,value_not_read,value_not_read,no,no,no
scripts/generate-sr-from-bs.js,52,de_article+de_plural,name_or_literal,value_not_read,value_not_read,value_not_read,no,no,no
scripts/generate-sv-from-fi.js,65,de_article+de_plural,name_or_literal,value_not_read,value_not_read,value_not_read,no,no,no
scripts/generate-sv-from-fi.js,120,de_article,copy_if_defined,copied_empty,copied_null,not_copied,no,no,no
scripts/generate-sv-from-fi.js,121,de_plural,copy_if_defined,copied_empty,copied_null,not_copied,no,no,no
scripts/generate-tr-from-pl.js,70,de_article+de_plural,name_or_literal,value_not_read,value_not_read,value_not_read,no,no,no
scripts/generate-tr-from-pl.js,125,de_article,copy_if_defined,copied_empty,copied_null,not_copied,no,no,no
scripts/generate-tr-from-pl.js,126,de_plural,copy_if_defined,copied_empty,copied_null,not_copied,no,no,no
scripts/generate-tr-language-data-batched.js,72,de_article+de_plural,name_or_literal,value_not_read,value_not_read,value_not_read,no,no,no
scripts/generate-tr-language-data-batched.js,95,de_article+de_plural,name_or_literal,value_not_read,value_not_read,value_not_read,no,no,no
scripts/generate-tr-language-data-batched.js,120,de_article+de_plural,name_or_literal,value_not_read,value_not_read,value_not_read,no,no,no
scripts/integrate-b1-homonym-comparison-cards.js,17,de_article,copy_raw,copied_empty,copied_null,copied_undefined,no,no,no
scripts/integrate-b1-homonym-comparison-cards.js,21,de_article,copy_raw,copied_empty,copied_null,copied_undefined,no,no,no
scripts/integrate-b1-homonym-comparison-cards.js,25,de_article,copy_raw,copied_empty,copied_null,copied_undefined,no,no,no
scripts/integrate-b1-homonym-comparison-cards.js,28,de_article+de_plural,copy_raw,copied_empty,copied_null,copied_undefined,no,no,no
scripts/integrate-b1-homonym-comparison-cards.js,32,de_article+de_plural,copy_raw,copied_empty,copied_null,copied_undefined,no,no,no
scripts/integrate-b1-homonym-comparison-cards.js,33,de_article+de_plural,copy_raw,copied_empty,copied_null,copied_undefined,no,no,no
scripts/integrate-b1-homonym-comparison-cards.js,36,de_article,copy_raw,copied_empty,copied_null,copied_undefined,no,no,no
scripts/lib/content-crowdin-bridge/constants.js,29,de_article,name_or_literal,value_not_read,value_not_read,value_not_read,no,no,no
scripts/lib/content-crowdin-bridge/constants.js,30,de_plural,name_or_literal,value_not_read,value_not_read,value_not_read,no,no,no
scripts/lib/content-crowdin-bridge/guards.js,45,de_article,falsy_test,falsy,falsy,falsy,no,no,no
scripts/lib/content-crowdin-bridge/guards.js,46,de_plural,falsy_test,falsy,falsy,falsy,no,no,no
scripts/lib/content-crowdin-bridge/import-staging.js,70,de_article,falsy_test,falsy,falsy,falsy,no,no,no
scripts/lib/content-crowdin-bridge/import-staging.js,71,de_plural,falsy_test,falsy,falsy,falsy,no,no,no
scripts/lib/content-discovery/collectors/de-compliance.js,14,de_article,string_if_defined,empty_string,text_null,not_evaluated,yes,no,no
scripts/lib/content-discovery/collectors/de-compliance.js,15,de_plural,string_if_defined,empty_string,text_null,not_evaluated,yes,no,no
scripts/lib/cs-a2-post-repair-reconcile.js,10,de_article+de_plural,name_or_literal,value_not_read,value_not_read,value_not_read,no,no,no
scripts/lib/cs-audit-helpers.js,99,de_article+de_plural,name_or_literal,value_not_read,value_not_read,value_not_read,no,no,no
scripts/lib/cs-audit-helpers.js,394,de_article,or_null_value,null_value,null_value,null_value,no,no,no
scripts/lib/cs-audit-helpers.js,395,de_plural,or_null_value,null_value,null_value,null_value,no,no,no
scripts/lib/de-sync-core.js,281,de_article,copy_if_defined,copied_empty,copied_null,not_copied,no,no,no
scripts/lib/de-sync-core.js,282,de_plural,copy_if_defined,copied_empty,copied_null,not_copied,no,no,no
scripts/lib/es-a1-a2-audit-helpers.js,47,de_article,or_null_value,null_value,null_value,null_value,no,no,no
scripts/lib/es-a1-a2-audit-helpers.js,48,de_plural,or_null_value,null_value,null_value,null_value,no,no,no
scripts/lib/es-b1-audit-helpers.js,71,de_article,or_null_value,null_value,null_value,null_value,no,no,no
scripts/lib/es-b1-audit-helpers.js,72,de_plural,or_null_value,null_value,null_value,null_value,no,no,no
scripts/lib/es-de-audit-helpers.js,69,de_article,or_null_value,null_value,null_value,null_value,no,no,no
scripts/lib/es-de-audit-helpers.js,70,de_plural,or_null_value,null_value,null_value,null_value,no,no,no
scripts/lib/et-a1-audit-helpers.js,44,de_article,or_null_value,null_value,null_value,null_value,no,no,no
scripts/lib/et-a1-audit-helpers.js,45,de_plural,or_null_value,null_value,null_value,null_value,no,no,no
scripts/lib/et-a2-audit-helpers.js,44,de_article,or_null_value,null_value,null_value,null_value,no,no,no
scripts/lib/et-a2-audit-helpers.js,45,de_plural,or_null_value,null_value,null_value,null_value,no,no,no
scripts/lib/et-b1-audit-helpers.js,44,de_article,or_null_value,null_value,null_value,null_value,no,no,no
scripts/lib/et-b1-audit-helpers.js,45,de_plural,or_null_value,null_value,null_value,null_value,no,no,no
scripts/lib/et-b1-sectionaccents-fix.js,629,de_article+de_plural,name_or_literal,value_not_read,value_not_read,value_not_read,no,no,no
scripts/lib/et-b2-audit-helpers.js,44,de_article,or_null_value,null_value,null_value,null_value,no,no,no
scripts/lib/et-b2-audit-helpers.js,45,de_plural,or_null_value,null_value,null_value,null_value,no,no,no
scripts/lib/g2-a1-phase3/crowdin-staging-copy-only-apply.js,120,de_article,copy_raw,copied_empty,copied_null,copied_undefined,no,no,no
scripts/lib/g2-a1-phase3/crowdin-staging-copy-only-apply.js,121,de_plural,copy_raw,copied_empty,copied_null,copied_undefined,no,no,no
scripts/lib/g2-a1-phase3/crowdin-staging-copy-only-apply.js,177,de_article+de_plural,falsy_test,falsy,falsy,falsy,no,no,no
scripts/run-cs-a2-final-closure-audit-v2.js,71,de_article+de_plural,json_nullish,json_empty_string,json_null,json_null,yes,no,no
scripts/run-cs-a2-final-closure-audit.js,71,de_article+de_plural,json_nullish,json_empty_string,json_null,json_null,yes,no,no
scripts/run-et-a2-final-closure-check.js,26,de_article+de_plural,name_or_literal,value_not_read,value_not_read,value_not_read,no,no,no
scripts/smoke-test-ui.js,79,de_article,or_empty_string,empty_string,empty_string,empty_string,no,no,no
scripts/split-comparison-to-standard-study.js,52,de_article,copy_raw,copied_empty,copied_null,copied_undefined,no,no,no
scripts/split-comparison-to-standard-study.js,179,de_article,falsy_test,falsy,falsy,falsy,no,no,no
scripts/test-card-search.js,26,de_article,or_empty_string,empty_string,empty_string,empty_string,no,no,no
scripts/test-card-search.js,74,de_article,or_empty_string,empty_string,empty_string,empty_string,no,no,no
scripts/test-card-search.js,89,de_article,or_empty_string,empty_string,empty_string,empty_string,no,no,no
scripts/test-card-search.js,134,de_article,or_empty_string,empty_string,empty_string,empty_string,no,no,no
scripts/test-card-search.js,154,de_plural,copy_raw,copied_empty,copied_null,copied_undefined,no,no,no
scripts/test-card-search.js,186,de_article,falsy_test,falsy,falsy,falsy,no,no,no
scripts/test-card-search.js,187,de_plural,falsy_test,falsy,falsy,falsy,no,no,no
scripts/test-g2-a1-phase3-crowdin-staging-copy-only.js,133,de_article,copy_raw,copied_empty,copied_null,copied_undefined,no,no,no
scripts/test-g2-a1-phase3-crowdin-staging-copy-only.js,144,de_article,compare,compared,compared,compared,no,no,no
scripts/validate-cs-a1-final-closure-repair-main-integration.js,15,de_article+de_plural,name_or_literal,value_not_read,value_not_read,value_not_read,no,no,no
scripts/validate-cs-a1-final-main-integration.js,40,de_article+de_plural,name_or_literal,value_not_read,value_not_read,value_not_read,no,no,no
scripts/validate-cs-a1-final-repair-main-integration.js,15,de_article+de_plural,name_or_literal,value_not_read,value_not_read,value_not_read,no,no,no
scripts/validate-cs-a2-final-main-integration.js,42,de_article+de_plural,json_nullish,json_empty_string,json_null,json_null,yes,no,no
scripts/validate-cs-b1-final-main-integration.js,44,de_article+de_plural,json_nullish,json_empty_string,json_null,json_null,yes,no,no
scripts/verify-bg-de-compliance.js,25,de_article,copy_if_defined,copied_empty,copied_null,not_copied,no,no,no
scripts/verify-bg-de-compliance.js,26,de_plural,copy_if_defined,copied_empty,copied_null,not_copied,no,no,no
scripts/verify-bs-de-compliance.js,25,de_article,copy_if_defined,copied_empty,copied_null,not_copied,no,no,no
scripts/verify-bs-de-compliance.js,26,de_plural,copy_if_defined,copied_empty,copied_null,not_copied,no,no,no
scripts/verify-cs-de-compliance.js,25,de_article,copy_if_defined,copied_empty,copied_null,not_copied,no,no,no
scripts/verify-cs-de-compliance.js,26,de_plural,copy_if_defined,copied_empty,copied_null,not_copied,no,no,no
scripts/verify-da-de-compliance.js,25,de_article,copy_if_defined,copied_empty,copied_null,not_copied,no,no,no
scripts/verify-da-de-compliance.js,26,de_plural,copy_if_defined,copied_empty,copied_null,not_copied,no,no,no
scripts/verify-en-de-compliance.js,25,de_article,copy_if_defined,copied_empty,copied_null,not_copied,no,no,no
scripts/verify-en-de-compliance.js,26,de_plural,copy_if_defined,copied_empty,copied_null,not_copied,no,no,no
scripts/verify-es-de-b1-final-closure.js,27,de_article+de_plural,name_or_literal,value_not_read,value_not_read,value_not_read,no,no,no
scripts/verify-es-de-compliance.js,25,de_article,copy_if_defined,copied_empty,copied_null,not_copied,no,no,no
scripts/verify-es-de-compliance.js,26,de_plural,copy_if_defined,copied_empty,copied_null,not_copied,no,no,no
scripts/verify-es-de-five-modules-final-closure.js,38,de_article+de_plural,name_or_literal,value_not_read,value_not_read,value_not_read,no,no,no
scripts/verify-es-ui-visual-repair.js,91,de_article+de_plural,copy_raw,copied_empty,copied_null,copied_undefined,no,no,no
scripts/verify-fi-de-compliance.js,25,de_article,copy_if_defined,copied_empty,copied_null,not_copied,no,no,no
scripts/verify-fi-de-compliance.js,26,de_plural,copy_if_defined,copied_empty,copied_null,not_copied,no,no,no
scripts/verify-fr-de-compliance.js,25,de_article,copy_if_defined,copied_empty,copied_null,not_copied,no,no,no
scripts/verify-fr-de-compliance.js,26,de_plural,copy_if_defined,copied_empty,copied_null,not_copied,no,no,no
scripts/verify-hr-de-compliance.js,25,de_article,copy_if_defined,copied_empty,copied_null,not_copied,no,no,no
scripts/verify-hr-de-compliance.js,26,de_plural,copy_if_defined,copied_empty,copied_null,not_copied,no,no,no
scripts/verify-hu-de-compliance.js,25,de_article,copy_if_defined,copied_empty,copied_null,not_copied,no,no,no
scripts/verify-hu-de-compliance.js,26,de_plural,copy_if_defined,copied_empty,copied_null,not_copied,no,no,no
scripts/verify-is-de-compliance.js,25,de_article,copy_if_defined,copied_empty,copied_null,not_copied,no,no,no
scripts/verify-is-de-compliance.js,26,de_plural,copy_if_defined,copied_empty,copied_null,not_copied,no,no,no
scripts/verify-it-de-compliance.js,25,de_article,copy_if_defined,copied_empty,copied_null,not_copied,no,no,no
scripts/verify-it-de-compliance.js,26,de_plural,copy_if_defined,copied_empty,copied_null,not_copied,no,no,no
scripts/verify-lb-de-compliance.js,25,de_article,copy_if_defined,copied_empty,copied_null,not_copied,no,no,no
scripts/verify-lb-de-compliance.js,26,de_plural,copy_if_defined,copied_empty,copied_null,not_copied,no,no,no
scripts/verify-mk-de-compliance.js,25,de_article,copy_if_defined,copied_empty,copied_null,not_copied,no,no,no
scripts/verify-mk-de-compliance.js,26,de_plural,copy_if_defined,copied_empty,copied_null,not_copied,no,no,no
scripts/verify-nb-de-compliance.js,25,de_article,copy_if_defined,copied_empty,copied_null,not_copied,no,no,no
scripts/verify-nb-de-compliance.js,26,de_plural,copy_if_defined,copied_empty,copied_null,not_copied,no,no,no
scripts/verify-nl-de-compliance.js,25,de_article,copy_if_defined,copied_empty,copied_null,not_copied,no,no,no
scripts/verify-nl-de-compliance.js,26,de_plural,copy_if_defined,copied_empty,copied_null,not_copied,no,no,no
scripts/verify-nn-de-compliance.js,25,de_article,copy_if_defined,copied_empty,copied_null,not_copied,no,no,no
scripts/verify-nn-de-compliance.js,26,de_plural,copy_if_defined,copied_empty,copied_null,not_copied,no,no,no
scripts/verify-pt-de-compliance.js,25,de_article,copy_if_defined,copied_empty,copied_null,not_copied,no,no,no
scripts/verify-pt-de-compliance.js,26,de_plural,copy_if_defined,copied_empty,copied_null,not_copied,no,no,no
scripts/verify-sk-de-compliance.js,25,de_article,copy_if_defined,copied_empty,copied_null,not_copied,no,no,no
scripts/verify-sk-de-compliance.js,26,de_plural,copy_if_defined,copied_empty,copied_null,not_copied,no,no,no
scripts/verify-sl-de-compliance.js,25,de_article,copy_if_defined,copied_empty,copied_null,not_copied,no,no,no
scripts/verify-sl-de-compliance.js,26,de_plural,copy_if_defined,copied_empty,copied_null,not_copied,no,no,no
scripts/verify-sq-de-compliance.js,25,de_article,copy_if_defined,copied_empty,copied_null,not_copied,no,no,no
scripts/verify-sq-de-compliance.js,26,de_plural,copy_if_defined,copied_empty,copied_null,not_copied,no,no,no
scripts/verify-sr-de-compliance.js,25,de_article,copy_if_defined,copied_empty,copied_null,not_copied,no,no,no
scripts/verify-sr-de-compliance.js,26,de_plural,copy_if_defined,copied_empty,copied_null,not_copied,no,no,no
scripts/verify-sv-de-compliance.js,25,de_article,copy_if_defined,copied_empty,copied_null,not_copied,no,no,no
scripts/verify-sv-de-compliance.js,26,de_plural,copy_if_defined,copied_empty,copied_null,not_copied,no,no,no
scripts/verify-tr-de-compliance.js,25,de_article,copy_if_defined,copied_empty,copied_null,not_copied,no,no,no
scripts/verify-tr-de-compliance.js,26,de_plural,copy_if_defined,copied_empty,copied_null,not_copied,no,no,no
ui.js,84,de_article,or_empty_string,empty_string,empty_string,empty_string,no,no,no
ui.js,109,de_article,falsy_test,falsy,falsy,falsy,no,no,no
ui.js,117,de_article,assign_other,not_read,not_read,not_read,no,no,no
ui.js,120,de_plural,falsy_test,falsy,falsy,falsy,no,no,no
ui.js,122,de_plural,assign_other,not_read,not_read,not_read,no,no,no
ui.js,330,de_article,falsy_test,falsy,falsy,falsy,no,no,no
ui.js,331,de_plural,falsy_test,falsy,falsy,falsy,no,no,no
ui.js,3569,de_article,string_truthy_guard,not_evaluated,not_evaluated,not_evaluated,no,no,no
ui.js,3570,de_plural,string_truthy_guard,not_evaluated,not_evaluated,not_evaluated,no,no,no
ui.js,3585,de_article,copy_if_truthy,omitted,omitted,omitted,no,no,no
ui.js,3586,de_plural,copy_if_truthy,omitted,omitted,omitted,no,no,no
ui.js,5183,de_article,or_empty_string,empty_string,empty_string,empty_string,no,no,no
ui.js,5203,de_article,or_empty_string,empty_string,empty_string,empty_string,no,no,no
ui.js,5231,de_article,or_empty_string,empty_string,empty_string,empty_string,no,no,no
ui.js,5542,de_article,or_empty_string,empty_string,empty_string,empty_string,no,no,no
ui.js,5550,de_plural,falsy_test,falsy,falsy,falsy,no,no,no
ui.js,5551,de_plural,or_empty_string,empty_string,empty_string,empty_string,no,no,no
ui.js,5796,de_plural,or_empty_string,empty_string,empty_string,empty_string,no,no,no
ui.js,5975,de_plural,filter_boolean,dropped,dropped,dropped,no,no,no
ui.js,6041,de_plural,search_bump,empty_string_via_String_or,empty_string_via_String_or,empty_string_via_String_or,no,no,no
ui.js,6410,de_article,copy_if_truthy,omitted,omitted,omitted,no,no,no
ui.js,6411,de_plural,copy_if_truthy,omitted,omitted,omitted,no,no,no
ui.js,6630,de_article,copy_if_truthy,omitted,omitted,omitted,no,no,no
ui.js,6631,de_plural,copy_if_truthy,omitted,omitted,omitted,no,no,no
www/ui.js,84,de_article,or_empty_string,empty_string,empty_string,empty_string,no,no,no
www/ui.js,109,de_article,falsy_test,falsy,falsy,falsy,no,no,no
www/ui.js,117,de_article,assign_other,not_read,not_read,not_read,no,no,no
www/ui.js,120,de_plural,falsy_test,falsy,falsy,falsy,no,no,no
www/ui.js,122,de_plural,assign_other,not_read,not_read,not_read,no,no,no
www/ui.js,330,de_article,falsy_test,falsy,falsy,falsy,no,no,no
www/ui.js,331,de_plural,falsy_test,falsy,falsy,falsy,no,no,no
www/ui.js,3569,de_article,string_truthy_guard,not_evaluated,not_evaluated,not_evaluated,no,no,no
www/ui.js,3570,de_plural,string_truthy_guard,not_evaluated,not_evaluated,not_evaluated,no,no,no
www/ui.js,3585,de_article,copy_if_truthy,omitted,omitted,omitted,no,no,no
www/ui.js,3586,de_plural,copy_if_truthy,omitted,omitted,omitted,no,no,no
www/ui.js,5183,de_article,or_empty_string,empty_string,empty_string,empty_string,no,no,no
www/ui.js,5203,de_article,or_empty_string,empty_string,empty_string,empty_string,no,no,no
www/ui.js,5231,de_article,or_empty_string,empty_string,empty_string,empty_string,no,no,no
www/ui.js,5542,de_article,or_empty_string,empty_string,empty_string,empty_string,no,no,no
www/ui.js,5550,de_plural,falsy_test,falsy,falsy,falsy,no,no,no
www/ui.js,5551,de_plural,or_empty_string,empty_string,empty_string,empty_string,no,no,no
www/ui.js,5796,de_plural,or_empty_string,empty_string,empty_string,empty_string,no,no,no
www/ui.js,5975,de_plural,filter_boolean,dropped,dropped,dropped,no,no,no
www/ui.js,6041,de_plural,search_bump,empty_string_via_String_or,empty_string_via_String_or,empty_string_via_String_or,no,no,no
www/ui.js,6410,de_article,copy_if_truthy,omitted,omitted,omitted,no,no,no
www/ui.js,6411,de_plural,copy_if_truthy,omitted,omitted,omitted,no,no,no
www/ui.js,6630,de_article,copy_if_truthy,omitted,omitted,omitted,no,no,no
www/ui.js,6631,de_plural,copy_if_truthy,omitted,omitted,omitted,no,no,no
www/wordRain.js,89,de_article,or_empty_string,empty_string,empty_string,empty_string,no,no,no
www/wordRain.js,118,de_article,or_empty_string,empty_string,empty_string,empty_string,no,no,no
