tree,lang,dataset,field,records,empty,null,missing,whitespace,undefined,other,present
data,lv,A1,de,702,0,0,0,0,0,0,702
data,lv,A1,de_article,702,0,0,363,0,0,0,339
data,lv,A1,de_plural,702,0,1,412,0,0,0,289
data,lv,A1,level,702,0,0,0,0,0,0,702
data,bg,A1,de,702,0,0,0,0,0,0,702
data,bg,A1,de_article,702,0,0,363,0,0,0,339
data,bg,A1,de_plural,702,0,1,412,0,0,0,289
data,bg,A1,level,702,0,0,0,0,0,0,702
data,bs,A1,de,702,0,0,0,0,0,0,702
data,bs,A1,de_article,702,0,0,363,0,0,0,339
data,bs,A1,de_plural,702,0,1,412,0,0,0,289
data,bs,A1,level,702,0,0,0,0,0,0,702
data,cs,A1,de,702,0,0,0,0,0,0,702
data,cs,A1,de_article,702,0,0,363,0,0,0,339
data,cs,A1,de_plural,702,0,1,412,0,0,0,289
data,cs,A1,level,702,0,0,0,0,0,0,702
data,da,A1,de,702,0,0,0,0,0,0,702
data,da,A1,de_article,702,0,0,363,0,0,0,339
data,da,A1,de_plural,702,0,1,412,0,0,0,289
data,da,A1,level,702,0,0,0,0,0,0,702
data,en,A1,de,702,0,0,0,0,0,0,702
data,en,A1,de_article,702,0,0,363,0,0,0,339
data,en,A1,de_plural,702,0,1,412,0,0,0,289
data,en,A1,level,702,0,0,0,0,0,0,702
data,es,A1,de,702,0,0,0,0,0,0,702
data,es,A1,de_article,702,0,0,363,0,0,0,339
data,es,A1,de_plural,702,0,1,412,0,0,0,289
data,es,A1,level,702,0,0,0,0,0,0,702
data,et,A1,de,702,0,0,0,0,0,0,702
data,et,A1,de_article,702,0,0,363,0,0,0,339
data,et,A1,de_plural,702,0,1,412,0,0,0,289
data,et,A1,level,702,0,0,0,0,0,0,702
data,fi,A1,de,702,0,0,0,0,0,0,702
data,fi,A1,de_article,702,0,0,363,0,0,0,339
data,fi,A1,de_plural,702,0,1,412,0,0,0,289
data,fi,A1,level,702,0,0,0,0,0,0,702
data,fr,A1,de,702,0,0,0,0,0,0,702
data,fr,A1,de_article,702,0,0,363,0,0,0,339
data,fr,A1,de_plural,702,0,1,412,0,0,0,289
data,fr,A1,level,702,0,0,0,0,0,0,702
data,gr,A1,de,702,0,0,0,0,0,0,702
data,gr,A1,de_article,702,0,0,363,0,0,0,339
data,gr,A1,de_plural,702,0,1,412,0,0,0,289
data,gr,A1,level,702,0,0,0,0,0,0,702
data,hr,A1,de,702,0,0,0,0,0,0,702
data,hr,A1,de_article,702,0,0,363,0,0,0,339
data,hr,A1,de_plural,702,0,1,412,0,0,0,289
data,hr,A1,level,702,0,0,0,0,0,0,702
data,hu,A1,de,702,0,0,0,0,0,0,702
data,hu,A1,de_article,702,0,0,363,0,0,0,339
data,hu,A1,de_plural,702,0,1,412,0,0,0,289
data,hu,A1,level,702,0,0,0,0,0,0,702
data,is,A1,de,702,0,0,0,0,0,0,702
data,is,A1,de_article,702,0,0,363,0,0,0,339
data,is,A1,de_plural,702,0,1,412,0,0,0,289
data,is,A1,level,702,0,0,0,0,0,0,702
data,it,A1,de,702,0,0,0,0,0,0,702
data,it,A1,de_article,702,0,0,363,0,0,0,339
data,it,A1,de_plural,702,0,1,412,0,0,0,289
data,it,A1,level,702,0,0,0,0,0,0,702
data,lb,A1,de,702,0,0,0,0,0,0,702
data,lb,A1,de_article,702,0,0,363,0,0,0,339
data,lb,A1,de_plural,702,0,1,412,0,0,0,289
data,lb,A1,level,702,0,0,0,0,0,0,702
data,lt,A1,de,702,0,0,0,0,0,0,702
data,lt,A1,de_article,702,0,0,363,0,0,0,339
data,lt,A1,de_plural,702,0,1,412,0,0,0,289
data,lt,A1,level,702,0,0,0,0,0,0,702
data,mk,A1,de,702,0,0,0,0,0,0,702
data,mk,A1,de_article,702,0,0,363,0,0,0,339
data,mk,A1,de_plural,702,0,1,412,0,0,0,289
data,mk,A1,level,702,0,0,0,0,0,0,702
data,nb,A1,de,702,0,0,0,0,0,0,702
data,nb,A1,de_article,702,0,0,363,0,0,0,339
data,nb,A1,de_plural,702,0,1,412,0,0,0,289
data,nb,A1,level,702,0,0,0,0,0,0,702
data,nl,A1,de,702,0,0,0,0,0,0,702
data,nl,A1,de_article,702,0,0,363,0,0,0,339
data,nl,A1,de_plural,702,0,1,412,0,0,0,289
data,nl,A1,level,702,0,0,0,0,0,0,702
data,nn,A1,de,702,0,0,0,0,0,0,702
data,nn,A1,de_article,702,0,0,363,0,0,0,339
data,nn,A1,de_plural,702,0,1,412,0,0,0,289
data,nn,A1,level,702,0,0,0,0,0,0,702
data,pl,A1,de,702,0,0,0,0,0,0,702
data,pl,A1,de_article,702,0,0,363,0,0,0,339
data,pl,A1,de_plural,702,0,1,412,0,0,0,289
data,pl,A1,level,702,0,0,0,0,0,0,702
data,pt,A1,de,702,0,0,0,0,0,0,702
data,pt,A1,de_article,702,0,0,363,0,0,0,339
data,pt,A1,de_plural,702,0,1,412,0,0,0,289
data,pt,A1,level,702,0,0,0,0,0,0,702
data,ro,A1,de,702,0,0,0,0,0,0,702
data,ro,A1,de_article,702,0,0,363,0,0,0,339
data,ro,A1,de_plural,702,0,1,412,0,0,0,289
data,ro,A1,level,702,0,0,0,0,0,0,702
data,ru,A1,de,702,0,0,0,0,0,0,702
data,ru,A1,de_article,702,0,0,363,0,0,0,339
data,ru,A1,de_plural,702,0,1,412,0,0,0,289
data,ru,A1,level,702,0,0,0,0,0,0,702
data,sk,A1,de,702,0,0,0,0,0,0,702
data,sk,A1,de_article,702,0,0,363,0,0,0,339
data,sk,A1,de_plural,702,0,1,412,0,0,0,289
data,sk,A1,level,702,0,0,0,0,0,0,702
data,sl,A1,de,702,0,0,0,0,0,0,702
data,sl,A1,de_article,702,0,0,363,0,0,0,339
data,sl,A1,de_plural,702,0,1,412,0,0,0,289
data,sl,A1,level,702,0,0,0,0,0,0,702
data,sq,A1,de,702,0,0,0,0,0,0,702
data,sq,A1,de_article,702,0,0,363,0,0,0,339
data,sq,A1,de_plural,702,0,1,412,0,0,0,289
data,sq,A1,level,702,0,0,0,0,0,0,702
data,sr,A1,de,702,0,0,0,0,0,0,702
data,sr,A1,de_article,702,0,0,363,0,0,0,339
data,sr,A1,de_plural,702,0,1,412,0,0,0,289
data,sr,A1,level,702,0,0,0,0,0,0,702
data,sv,A1,de,702,0,0,0,0,0,0,702
data,sv,A1,de_article,702,0,0,363,0,0,0,339
data,sv,A1,de_plural,702,0,1,412,0,0,0,289
data,sv,A1,level,702,0,0,0,0,0,0,702
data,tr,A1,de,702,0,0,0,0,0,0,702
data,tr,A1,de_article,702,0,0,363,0,0,0,339
data,tr,A1,de_plural,702,0,1,412,0,0,0,289
data,tr,A1,level,702,0,0,0,0,0,0,702
data,uk,A1,de,702,0,0,0,0,0,0,702
data,uk,A1,de_article,702,0,0,363,0,0,0,339
data,uk,A1,de_plural,702,0,1,412,0,0,0,289
data,uk,A1,level,702,0,0,0,0,0,0,702
data,lv,A2,de,1640,0,0,0,0,0,0,1640
data,lv,A2,de_article,1640,0,0,687,0,0,0,953
data,lv,A2,de_plural,1640,0,10,794,0,0,0,836
data,lv,A2,level,1640,0,0,0,0,0,0,1640
data,bg,A2,de,1640,0,0,0,0,0,0,1640
data,bg,A2,de_article,1640,0,0,687,0,0,0,953
data,bg,A2,de_plural,1640,0,10,794,0,0,0,836
data,bg,A2,level,1640,0,0,0,0,0,0,1640
data,bs,A2,de,1640,0,0,0,0,0,0,1640
data,bs,A2,de_article,1640,0,0,687,0,0,0,953
data,bs,A2,de_plural,1640,0,10,794,0,0,0,836
data,bs,A2,level,1640,0,0,0,0,0,0,1640
data,cs,A2,de,1640,0,0,0,0,0,0,1640
data,cs,A2,de_article,1640,0,0,687,0,0,0,953
data,cs,A2,de_plural,1640,0,10,794,0,0,0,836
data,cs,A2,level,1640,0,0,0,0,0,0,1640
data,da,A2,de,1640,0,0,0,0,0,0,1640
data,da,A2,de_article,1640,0,0,687,0,0,0,953
data,da,A2,de_plural,1640,0,10,794,0,0,0,836
data,da,A2,level,1640,0,0,0,0,0,0,1640
data,en,A2,de,1640,0,0,0,0,0,0,1640
data,en,A2,de_article,1640,0,0,687,0,0,0,953
data,en,A2,de_plural,1640,0,10,794,0,0,0,836
data,en,A2,level,1640,0,0,0,0,0,0,1640
data,es,A2,de,1640,0,0,0,0,0,0,1640
data,es,A2,de_article,1640,0,0,687,0,0,0,953
data,es,A2,de_plural,1640,0,10,794,0,0,0,836
data,es,A2,level,1640,0,0,0,0,0,0,1640
data,et,A2,de,1640,0,0,0,0,0,0,1640
data,et,A2,de_article,1640,0,0,687,0,0,0,953
data,et,A2,de_plural,1640,0,10,794,0,0,0,836
data,et,A2,level,1640,0,0,0,0,0,0,1640
data,fi,A2,de,1640,0,0,0,0,0,0,1640
data,fi,A2,de_article,1640,0,0,687,0,0,0,953
data,fi,A2,de_plural,1640,0,10,794,0,0,0,836
data,fi,A2,level,1640,0,0,0,0,0,0,1640
data,fr,A2,de,1640,0,0,0,0,0,0,1640
data,fr,A2,de_article,1640,0,0,687,0,0,0,953
data,fr,A2,de_plural,1640,0,10,794,0,0,0,836
data,fr,A2,level,1640,0,0,0,0,0,0,1640
data,gr,A2,de,1640,0,0,0,0,0,0,1640
data,gr,A2,de_article,1640,0,0,687,0,0,0,953
data,gr,A2,de_plural,1640,0,10,794,0,0,0,836
data,gr,A2,level,1640,0,0,0,0,0,0,1640
data,hr,A2,de,1640,0,0,0,0,0,0,1640
data,hr,A2,de_article,1640,0,0,687,0,0,0,953
data,hr,A2,de_plural,1640,0,10,794,0,0,0,836
data,hr,A2,level,1640,0,0,0,0,0,0,1640
data,hu,A2,de,1640,0,0,0,0,0,0,1640
data,hu,A2,de_article,1640,0,0,687,0,0,0,953
data,hu,A2,de_plural,1640,0,10,794,0,0,0,836
data,hu,A2,level,1640,0,0,0,0,0,0,1640
data,is,A2,de,1640,0,0,0,0,0,0,1640
data,is,A2,de_article,1640,0,0,687,0,0,0,953
data,is,A2,de_plural,1640,0,10,794,0,0,0,836
data,is,A2,level,1640,0,0,0,0,0,0,1640
data,it,A2,de,1640,0,0,0,0,0,0,1640
data,it,A2,de_article,1640,0,0,687,0,0,0,953
data,it,A2,de_plural,1640,0,10,794,0,0,0,836
data,it,A2,level,1640,0,0,0,0,0,0,1640
data,lb,A2,de,1640,0,0,0,0,0,0,1640
data,lb,A2,de_article,1640,0,0,687,0,0,0,953
data,lb,A2,de_plural,1640,0,10,794,0,0,0,836
data,lb,A2,level,1640,0,0,0,0,0,0,1640
data,lt,A2,de,1640,0,0,0,0,0,0,1640
data,lt,A2,de_article,1640,0,0,687,0,0,0,953
data,lt,A2,de_plural,1640,0,10,794,0,0,0,836
data,lt,A2,level,1640,0,0,0,0,0,0,1640
data,mk,A2,de,1640,0,0,0,0,0,0,1640
data,mk,A2,de_article,1640,0,0,687,0,0,0,953
data,mk,A2,de_plural,1640,0,10,794,0,0,0,836
data,mk,A2,level,1640,0,0,0,0,0,0,1640
data,nb,A2,de,1640,0,0,0,0,0,0,1640
data,nb,A2,de_article,1640,0,0,687,0,0,0,953
data,nb,A2,de_plural,1640,0,10,794,0,0,0,836
data,nb,A2,level,1640,0,0,0,0,0,0,1640
data,nl,A2,de,1640,0,0,0,0,0,0,1640
data,nl,A2,de_article,1640,0,0,687,0,0,0,953
data,nl,A2,de_plural,1640,0,10,794,0,0,0,836
data,nl,A2,level,1640,0,0,0,0,0,0,1640
data,nn,A2,de,1640,0,0,0,0,0,0,1640
data,nn,A2,de_article,1640,0,0,687,0,0,0,953
data,nn,A2,de_plural,1640,0,10,794,0,0,0,836
data,nn,A2,level,1640,0,0,0,0,0,0,1640
data,pl,A2,de,1640,0,0,0,0,0,0,1640
data,pl,A2,de_article,1640,0,0,687,0,0,0,953
data,pl,A2,de_plural,1640,0,10,794,0,0,0,836
data,pl,A2,level,1640,0,0,0,0,0,0,1640
data,pt,A2,de,1640,0,0,0,0,0,0,1640
data,pt,A2,de_article,1640,0,0,687,0,0,0,953
data,pt,A2,de_plural,1640,0,10,794,0,0,0,836
data,pt,A2,level,1640,0,0,0,0,0,0,1640
data,ro,A2,de,1640,0,0,0,0,0,0,1640
data,ro,A2,de_article,1640,0,0,687,0,0,0,953
data,ro,A2,de_plural,1640,0,10,794,0,0,0,836
data,ro,A2,level,1640,0,0,0,0,0,0,1640
data,ru,A2,de,1640,0,0,0,0,0,0,1640
data,ru,A2,de_article,1640,0,0,687,0,0,0,953
data,ru,A2,de_plural,1640,0,10,794,0,0,0,836
data,ru,A2,level,1640,0,0,0,0,0,0,1640
data,sk,A2,de,1640,0,0,0,0,0,0,1640
data,sk,A2,de_article,1640,0,0,687,0,0,0,953
data,sk,A2,de_plural,1640,0,10,794,0,0,0,836
data,sk,A2,level,1640,0,0,0,0,0,0,1640
data,sl,A2,de,1640,0,0,0,0,0,0,1640
data,sl,A2,de_article,1640,0,0,687,0,0,0,953
data,sl,A2,de_plural,1640,0,10,794,0,0,0,836
data,sl,A2,level,1640,0,0,0,0,0,0,1640
data,sq,A2,de,1640,0,0,0,0,0,0,1640
data,sq,A2,de_article,1640,0,0,687,0,0,0,953
data,sq,A2,de_plural,1640,0,10,794,0,0,0,836
data,sq,A2,level,1640,0,0,0,0,0,0,1640
data,sr,A2,de,1640,0,0,0,0,0,0,1640
data,sr,A2,de_article,1640,0,0,687,0,0,0,953
data,sr,A2,de_plural,1640,0,10,794,0,0,0,836
data,sr,A2,level,1640,0,0,0,0,0,0,1640
data,sv,A2,de,1640,0,0,0,0,0,0,1640
data,sv,A2,de_article,1640,0,0,687,0,0,0,953
data,sv,A2,de_plural,1640,0,10,794,0,0,0,836
data,sv,A2,level,1640,0,0,0,0,0,0,1640
data,tr,A2,de,1640,0,0,0,0,0,0,1640
data,tr,A2,de_article,1640,0,0,687,0,0,0,953
data,tr,A2,de_plural,1640,0,10,794,0,0,0,836
data,tr,A2,level,1640,0,0,0,0,0,0,1640
data,uk,A2,de,1640,0,0,0,0,0,0,1640
data,uk,A2,de_article,1640,0,0,687,0,0,0,953
data,uk,A2,de_plural,1640,0,10,794,0,0,0,836
data,uk,A2,level,1640,0,0,0,0,0,0,1640
data,lv,B1,de,3367,0,0,0,0,0,0,3367
data,lv,B1,de_article,3367,0,0,1369,0,0,0,1998
data,lv,B1,de_plural,3367,0,18,1480,0,0,0,1869
data,lv,B1,level,3367,0,0,0,0,0,0,3367
data,bg,B1,de,3367,0,0,0,0,0,0,3367
data,bg,B1,de_article,3367,0,0,1369,0,0,0,1998
data,bg,B1,de_plural,3367,0,18,1480,0,0,0,1869
data,bg,B1,level,3367,0,0,0,0,0,0,3367
data,bs,B1,de,3367,0,0,0,0,0,0,3367
data,bs,B1,de_article,3367,0,0,1369,0,0,0,1998
data,bs,B1,de_plural,3367,0,18,1480,0,0,0,1869
data,bs,B1,level,3367,0,0,0,0,0,0,3367
data,cs,B1,de,3367,0,0,0,0,0,0,3367
data,cs,B1,de_article,3367,0,0,1369,0,0,0,1998
data,cs,B1,de_plural,3367,0,18,1480,0,0,0,1869
data,cs,B1,level,3367,0,0,0,0,0,0,3367
data,da,B1,de,3367,0,0,0,0,0,0,3367
data,da,B1,de_article,3367,0,0,1369,0,0,0,1998
data,da,B1,de_plural,3367,0,18,1480,0,0,0,1869
data,da,B1,level,3367,0,0,0,0,0,0,3367
data,en,B1,de,3367,0,0,0,0,0,0,3367
data,en,B1,de_article,3367,0,0,1369,0,0,0,1998
data,en,B1,de_plural,3367,0,18,1480,0,0,0,1869
data,en,B1,level,3367,0,0,0,0,0,0,3367
data,es,B1,de,3367,0,0,0,0,0,0,3367
data,es,B1,de_article,3367,0,0,1369,0,0,0,1998
data,es,B1,de_plural,3367,0,18,1480,0,0,0,1869
data,es,B1,level,3367,0,0,0,0,0,0,3367
data,et,B1,de,3367,0,0,0,0,0,0,3367
data,et,B1,de_article,3367,0,0,1369,0,0,0,1998
data,et,B1,de_plural,3367,0,18,1480,0,0,0,1869
data,et,B1,level,3367,0,0,0,0,0,0,3367
data,fi,B1,de,3367,0,0,0,0,0,0,3367
data,fi,B1,de_article,3367,0,0,1369,0,0,0,1998
data,fi,B1,de_plural,3367,0,18,1480,0,0,0,1869
data,fi,B1,level,3367,0,0,0,0,0,0,3367
data,fr,B1,de,3367,0,0,0,0,0,0,3367
data,fr,B1,de_article,3367,0,0,1369,0,0,0,1998
data,fr,B1,de_plural,3367,0,18,1480,0,0,0,1869
data,fr,B1,level,3367,0,0,0,0,0,0,3367
data,gr,B1,de,3367,0,0,0,0,0,0,3367
data,gr,B1,de_article,3367,0,0,1369,0,0,0,1998
data,gr,B1,de_plural,3367,0,18,1480,0,0,0,1869
data,gr,B1,level,3367,0,0,0,0,0,0,3367
data,hr,B1,de,3367,0,0,0,0,0,0,3367
data,hr,B1,de_article,3367,0,0,1369,0,0,0,1998
data,hr,B1,de_plural,3367,0,18,1480,0,0,0,1869
data,hr,B1,level,3367,0,0,0,0,0,0,3367
data,hu,B1,de,3367,0,0,0,0,0,0,3367
data,hu,B1,de_article,3367,0,0,1369,0,0,0,1998
data,hu,B1,de_plural,3367,0,18,1480,0,0,0,1869
data,hu,B1,level,3367,0,0,0,0,0,0,3367
data,is,B1,de,3367,0,0,0,0,0,0,3367
data,is,B1,de_article,3367,0,0,1369,0,0,0,1998
data,is,B1,de_plural,3367,0,18,1480,0,0,0,1869
data,is,B1,level,3367,0,0,0,0,0,0,3367
data,it,B1,de,3367,0,0,0,0,0,0,3367
data,it,B1,de_article,3367,0,0,1369,0,0,0,1998
data,it,B1,de_plural,3367,0,18,1480,0,0,0,1869
data,it,B1,level,3367,0,0,0,0,0,0,3367
data,lb,B1,de,3367,0,0,0,0,0,0,3367
data,lb,B1,de_article,3367,0,0,1369,0,0,0,1998
data,lb,B1,de_plural,3367,0,18,1480,0,0,0,1869
data,lb,B1,level,3367,0,0,0,0,0,0,3367
data,lt,B1,de,3367,0,0,0,0,0,0,3367
data,lt,B1,de_article,3367,0,0,1369,0,0,0,1998
data,lt,B1,de_plural,3367,0,18,1480,0,0,0,1869
data,lt,B1,level,3367,0,0,0,0,0,0,3367
data,mk,B1,de,3367,0,0,0,0,0,0,3367
data,mk,B1,de_article,3367,0,0,1369,0,0,0,1998
data,mk,B1,de_plural,3367,0,18,1480,0,0,0,1869
data,mk,B1,level,3367,0,0,0,0,0,0,3367
data,nb,B1,de,3367,0,0,0,0,0,0,3367
data,nb,B1,de_article,3367,0,0,1369,0,0,0,1998
data,nb,B1,de_plural,3367,0,18,1480,0,0,0,1869
data,nb,B1,level,3367,0,0,0,0,0,0,3367
data,nl,B1,de,3367,0,0,0,0,0,0,3367
data,nl,B1,de_article,3367,0,0,1369,0,0,0,1998
data,nl,B1,de_plural,3367,0,18,1480,0,0,0,1869
data,nl,B1,level,3367,0,0,0,0,0,0,3367
data,nn,B1,de,3367,0,0,0,0,0,0,3367
data,nn,B1,de_article,3367,0,0,1369,0,0,0,1998
data,nn,B1,de_plural,3367,0,18,1480,0,0,0,1869
data,nn,B1,level,3367,0,0,0,0,0,0,3367
data,pl,B1,de,3367,0,0,0,0,0,0,3367
data,pl,B1,de_article,3367,0,0,1369,0,0,0,1998
data,pl,B1,de_plural,3367,0,18,1480,0,0,0,1869
data,pl,B1,level,3367,0,0,0,0,0,0,3367
data,pt,B1,de,3367,0,0,0,0,0,0,3367
data,pt,B1,de_article,3367,0,0,1369,0,0,0,1998
data,pt,B1,de_plural,3367,0,18,1480,0,0,0,1869
data,pt,B1,level,3367,0,0,0,0,0,0,3367
data,ro,B1,de,3367,0,0,0,0,0,0,3367
data,ro,B1,de_article,3367,0,0,1369,0,0,0,1998
data,ro,B1,de_plural,3367,0,18,1480,0,0,0,1869
data,ro,B1,level,3367,0,0,0,0,0,0,3367
data,ru,B1,de,3367,0,0,0,0,0,0,3367
data,ru,B1,de_article,3367,0,0,1369,0,0,0,1998
data,ru,B1,de_plural,3367,0,18,1480,0,0,0,1869
data,ru,B1,level,3367,0,0,0,0,0,0,3367
data,sk,B1,de,3367,0,0,0,0,0,0,3367
data,sk,B1,de_article,3367,0,0,1369,0,0,0,1998
data,sk,B1,de_plural,3367,0,18,1480,0,0,0,1869
data,sk,B1,level,3367,0,0,0,0,0,0,3367
data,sl,B1,de,3367,0,0,0,0,0,0,3367
data,sl,B1,de_article,3367,0,0,1369,0,0,0,1998
data,sl,B1,de_plural,3367,0,18,1480,0,0,0,1869
data,sl,B1,level,3367,0,0,0,0,0,0,3367
data,sq,B1,de,3367,0,0,0,0,0,0,3367
data,sq,B1,de_article,3367,0,0,1369,0,0,0,1998
data,sq,B1,de_plural,3367,0,18,1480,0,0,0,1869
data,sq,B1,level,3367,0,0,0,0,0,0,3367
data,sr,B1,de,3367,0,0,0,0,0,0,3367
data,sr,B1,de_article,3367,0,0,1369,0,0,0,1998
data,sr,B1,de_plural,3367,0,18,1480,0,0,0,1869
data,sr,B1,level,3367,0,0,0,0,0,0,3367
data,sv,B1,de,3367,0,0,0,0,0,0,3367
data,sv,B1,de_article,3367,0,0,1369,0,0,0,1998
data,sv,B1,de_plural,3367,0,18,1480,0,0,0,1869
data,sv,B1,level,3367,0,0,0,0,0,0,3367
data,tr,B1,de,3367,0,0,0,0,0,0,3367
data,tr,B1,de_article,3367,0,0,1369,0,0,0,1998
data,tr,B1,de_plural,3367,0,18,1480,0,0,0,1869
data,tr,B1,level,3367,0,0,0,0,0,0,3367
data,uk,B1,de,3367,0,0,0,0,0,0,3367
data,uk,B1,de_article,3367,0,0,1369,0,0,0,1998
data,uk,B1,de_plural,3367,0,18,1480,0,0,0,1869
data,uk,B1,level,3367,0,0,0,0,0,0,3367
data,lv,B2,de,2118,0,0,0,0,0,0,2118
data,lv,B2,de_article,2118,0,0,948,0,0,0,1170
data,lv,B2,de_plural,2118,0,12,1097,0,0,0,1009
data,lv,B2,level,2118,0,0,0,0,0,0,2118
data,bg,B2,de,2118,0,0,0,0,0,0,2118
data,bg,B2,de_article,2118,0,0,948,0,0,0,1170
data,bg,B2,de_plural,2118,0,12,1097,0,0,0,1009
data,bg,B2,level,2118,0,0,0,0,0,0,2118
data,bs,B2,de,2118,0,0,0,0,0,0,2118
data,bs,B2,de_article,2118,0,0,948,0,0,0,1170
data,bs,B2,de_plural,2118,0,12,1097,0,0,0,1009
data,bs,B2,level,2118,0,0,0,0,0,0,2118
data,cs,B2,de,2118,0,0,0,0,0,0,2118
data,cs,B2,de_article,2118,0,0,948,0,0,0,1170
data,cs,B2,de_plural,2118,0,12,1097,0,0,0,1009
data,cs,B2,level,2118,0,0,0,0,0,0,2118
data,da,B2,de,2118,0,0,0,0,0,0,2118
data,da,B2,de_article,2118,0,0,948,0,0,0,1170
data,da,B2,de_plural,2118,0,12,1097,0,0,0,1009
data,da,B2,level,2118,0,0,0,0,0,0,2118
data,en,B2,de,2118,0,0,0,0,0,0,2118
data,en,B2,de_article,2118,0,0,948,0,0,0,1170
data,en,B2,de_plural,2118,0,12,1097,0,0,0,1009
data,en,B2,level,2118,0,0,0,0,0,0,2118
data,es,B2,de,2118,0,0,0,0,0,0,2118
data,es,B2,de_article,2118,0,0,948,0,0,0,1170
data,es,B2,de_plural,2118,0,12,1097,0,0,0,1009
data,es,B2,level,2118,0,0,0,0,0,0,2118
data,et,B2,de,2118,0,0,0,0,0,0,2118
data,et,B2,de_article,2118,0,0,948,0,0,0,1170
data,et,B2,de_plural,2118,0,12,1096,0,0,0,1010
data,et,B2,level,2118,0,0,0,0,0,0,2118
data,fi,B2,de,2118,0,0,0,0,0,0,2118
data,fi,B2,de_article,2118,0,0,948,0,0,0,1170
data,fi,B2,de_plural,2118,0,12,1096,0,0,0,1010
data,fi,B2,level,2118,0,0,0,0,0,0,2118
data,fr,B2,de,2118,0,0,0,0,0,0,2118
data,fr,B2,de_article,2118,0,0,948,0,0,0,1170
data,fr,B2,de_plural,2118,0,12,1097,0,0,0,1009
data,fr,B2,level,2118,0,0,0,0,0,0,2118
data,gr,B2,de,2118,0,0,0,0,0,0,2118
data,gr,B2,de_article,2118,0,0,948,0,0,0,1170
data,gr,B2,de_plural,2118,0,12,1097,0,0,0,1009
data,gr,B2,level,2118,0,0,0,0,0,0,2118
data,hr,B2,de,2118,0,0,0,0,0,0,2118
data,hr,B2,de_article,2118,0,0,948,0,0,0,1170
data,hr,B2,de_plural,2118,0,12,1097,0,0,0,1009
data,hr,B2,level,2118,0,0,0,0,0,0,2118
data,hu,B2,de,2118,0,0,0,0,0,0,2118
data,hu,B2,de_article,2118,0,0,948,0,0,0,1170
data,hu,B2,de_plural,2118,0,12,1097,0,0,0,1009
data,hu,B2,level,2118,0,0,0,0,0,0,2118
data,is,B2,de,2118,0,0,0,0,0,0,2118
data,is,B2,de_article,2118,0,0,948,0,0,0,1170
data,is,B2,de_plural,2118,0,12,1096,0,0,0,1010
data,is,B2,level,2118,0,0,0,0,0,0,2118
data,it,B2,de,2118,0,0,0,0,0,0,2118
data,it,B2,de_article,2118,0,0,948,0,0,0,1170
data,it,B2,de_plural,2118,0,12,1097,0,0,0,1009
data,it,B2,level,2118,0,0,0,0,0,0,2118
data,lb,B2,de,2118,0,0,0,0,0,0,2118
data,lb,B2,de_article,2118,0,0,948,0,0,0,1170
data,lb,B2,de_plural,2118,0,12,1097,0,0,0,1009
data,lb,B2,level,2118,0,0,0,0,0,0,2118
data,lt,B2,de,2118,0,0,0,0,0,0,2118
data,lt,B2,de_article,2118,0,0,948,0,0,0,1170
data,lt,B2,de_plural,2118,0,12,1097,0,0,0,1009
data,lt,B2,level,2118,0,0,0,0,0,0,2118
data,mk,B2,de,2118,0,0,0,0,0,0,2118
data,mk,B2,de_article,2118,0,0,948,0,0,0,1170
data,mk,B2,de_plural,2118,0,12,1097,0,0,0,1009
data,mk,B2,level,2118,0,0,0,0,0,0,2118
data,nb,B2,de,2118,0,0,0,0,0,0,2118
data,nb,B2,de_article,2118,0,0,948,0,0,0,1170
data,nb,B2,de_plural,2118,0,12,1096,0,0,0,1010
data,nb,B2,level,2118,0,0,0,0,0,0,2118
data,nl,B2,de,2118,0,0,0,0,0,0,2118
data,nl,B2,de_article,2118,0,0,948,0,0,0,1170
data,nl,B2,de_plural,2118,0,12,1097,0,0,0,1009
data,nl,B2,level,2118,0,0,0,0,0,0,2118
data,nn,B2,de,2118,0,0,0,0,0,0,2118
data,nn,B2,de_article,2118,0,0,948,0,0,0,1170
data,nn,B2,de_plural,2118,0,12,1096,0,0,0,1010
data,nn,B2,level,2118,0,0,0,0,0,0,2118
data,pl,B2,de,2118,0,0,0,0,0,0,2118
data,pl,B2,de_article,2118,0,0,948,0,0,0,1170
data,pl,B2,de_plural,2118,0,12,1097,0,0,0,1009
data,pl,B2,level,2118,0,0,0,0,0,0,2118
data,pt,B2,de,2118,0,0,0,0,0,0,2118
data,pt,B2,de_article,2118,0,0,948,0,0,0,1170
data,pt,B2,de_plural,2118,0,12,1097,0,0,0,1009
data,pt,B2,level,2118,0,0,0,0,0,0,2118
data,ro,B2,de,2118,0,0,0,0,0,0,2118
data,ro,B2,de_article,2118,0,0,948,0,0,0,1170
data,ro,B2,de_plural,2118,0,12,1097,0,0,0,1009
data,ro,B2,level,2118,0,0,0,0,0,0,2118
data,ru,B2,de,2118,0,0,0,0,0,0,2118
data,ru,B2,de_article,2118,0,0,948,0,0,0,1170
data,ru,B2,de_plural,2118,0,12,1097,0,0,0,1009
data,ru,B2,level,2118,0,0,0,0,0,0,2118
data,sk,B2,de,2118,0,0,0,0,0,0,2118
data,sk,B2,de_article,2118,0,0,948,0,0,0,1170
data,sk,B2,de_plural,2118,0,12,1097,0,0,0,1009
data,sk,B2,level,2118,0,0,0,0,0,0,2118
data,sl,B2,de,2118,0,0,0,0,0,0,2118
data,sl,B2,de_article,2118,0,0,948,0,0,0,1170
data,sl,B2,de_plural,2118,0,12,1097,0,0,0,1009
data,sl,B2,level,2118,0,0,0,0,0,0,2118
data,sq,B2,de,2118,0,0,0,0,0,0,2118
data,sq,B2,de_article,2118,0,0,948,0,0,0,1170
data,sq,B2,de_plural,2118,0,12,1097,0,0,0,1009
data,sq,B2,level,2118,0,0,0,0,0,0,2118
data,sr,B2,de,2118,0,0,0,0,0,0,2118
data,sr,B2,de_article,2118,0,0,948,0,0,0,1170
data,sr,B2,de_plural,2118,0,12,1097,0,0,0,1009
data,sr,B2,level,2118,0,0,0,0,0,0,2118
data,sv,B2,de,2118,0,0,0,0,0,0,2118
data,sv,B2,de_article,2118,0,0,948,0,0,0,1170
data,sv,B2,de_plural,2118,0,12,1096,0,0,0,1010
data,sv,B2,level,2118,0,0,0,0,0,0,2118
data,tr,B2,de,2118,0,0,0,0,0,0,2118
data,tr,B2,de_article,2118,0,0,948,0,0,0,1170
data,tr,B2,de_plural,2118,0,12,1097,0,0,0,1009
data,tr,B2,level,2118,0,0,0,0,0,0,2118
data,uk,B2,de,2118,0,0,0,0,0,0,2118
data,uk,B2,de_article,2118,0,0,948,0,0,0,1170
data,uk,B2,de_plural,2118,0,12,1097,0,0,0,1009
data,uk,B2,level,2118,0,0,0,0,0,0,2118
data,lv,C1,de,572,0,0,0,0,0,0,572
data,lv,C1,de_article,572,0,0,184,0,0,0,388
data,lv,C1,de_plural,572,0,0,219,0,0,0,353
data,lv,C1,level,572,0,0,0,0,0,0,572
data,bg,C1,de,572,0,0,0,0,0,0,572
data,bg,C1,de_article,572,0,0,184,0,0,0,388
data,bg,C1,de_plural,572,0,0,219,0,0,0,353
data,bg,C1,level,572,0,0,0,0,0,0,572
data,bs,C1,de,572,0,0,0,0,0,0,572
data,bs,C1,de_article,572,0,0,184,0,0,0,388
data,bs,C1,de_plural,572,0,0,219,0,0,0,353
data,bs,C1,level,572,0,0,0,0,0,0,572
data,cs,C1,de,572,0,0,0,0,0,0,572
data,cs,C1,de_article,572,0,0,184,0,0,0,388
data,cs,C1,de_plural,572,0,0,219,0,0,0,353
data,cs,C1,level,572,0,0,0,0,0,0,572
data,da,C1,de,572,0,0,0,0,0,0,572
data,da,C1,de_article,572,0,0,184,0,0,0,388
data,da,C1,de_plural,572,0,0,219,0,0,0,353
data,da,C1,level,572,0,0,0,0,0,0,572
data,en,C1,de,572,0,0,0,0,0,0,572
data,en,C1,de_article,572,0,0,184,0,0,0,388
data,en,C1,de_plural,572,0,0,219,0,0,0,353
data,en,C1,level,572,0,0,0,0,0,0,572
data,es,C1,de,572,0,0,0,0,0,0,572
data,es,C1,de_article,572,0,0,184,0,0,0,388
data,es,C1,de_plural,572,0,0,219,0,0,0,353
data,es,C1,level,572,0,0,0,0,0,0,572
data,et,C1,de,572,0,0,0,0,0,0,572
data,et,C1,de_article,572,0,0,184,0,0,0,388
data,et,C1,de_plural,572,0,0,219,0,0,0,353
data,et,C1,level,572,0,0,0,0,0,0,572
data,fi,C1,de,572,0,0,0,0,0,0,572
data,fi,C1,de_article,572,0,0,184,0,0,0,388
data,fi,C1,de_plural,572,0,0,219,0,0,0,353
data,fi,C1,level,572,0,0,0,0,0,0,572
data,fr,C1,de,572,0,0,0,0,0,0,572
data,fr,C1,de_article,572,0,0,184,0,0,0,388
data,fr,C1,de_plural,572,0,0,219,0,0,0,353
data,fr,C1,level,572,0,0,0,0,0,0,572
data,gr,C1,de,572,0,0,0,0,0,0,572
data,gr,C1,de_article,572,0,0,184,0,0,0,388
data,gr,C1,de_plural,572,0,0,219,0,0,0,353
data,gr,C1,level,572,0,0,0,0,0,0,572
data,hr,C1,de,572,0,0,0,0,0,0,572
data,hr,C1,de_article,572,0,0,184,0,0,0,388
data,hr,C1,de_plural,572,0,0,219,0,0,0,353
data,hr,C1,level,572,0,0,0,0,0,0,572
data,hu,C1,de,572,0,0,0,0,0,0,572
data,hu,C1,de_article,572,0,0,184,0,0,0,388
data,hu,C1,de_plural,572,0,0,219,0,0,0,353
data,hu,C1,level,572,0,0,0,0,0,0,572
data,is,C1,de,572,0,0,0,0,0,0,572
data,is,C1,de_article,572,0,0,184,0,0,0,388
data,is,C1,de_plural,572,0,0,219,0,0,0,353
data,is,C1,level,572,0,0,0,0,0,0,572
data,it,C1,de,572,0,0,0,0,0,0,572
data,it,C1,de_article,572,0,0,184,0,0,0,388
data,it,C1,de_plural,572,0,0,219,0,0,0,353
data,it,C1,level,572,0,0,0,0,0,0,572
data,lb,C1,de,572,0,0,0,0,0,0,572
data,lb,C1,de_article,572,0,0,184,0,0,0,388
data,lb,C1,de_plural,572,0,0,219,0,0,0,353
data,lb,C1,level,572,0,0,0,0,0,0,572
data,lt,C1,de,572,0,0,0,0,0,0,572
data,lt,C1,de_article,572,0,0,184,0,0,0,388
data,lt,C1,de_plural,572,0,0,219,0,0,0,353
data,lt,C1,level,572,0,0,0,0,0,0,572
data,mk,C1,de,572,0,0,0,0,0,0,572
data,mk,C1,de_article,572,0,0,184,0,0,0,388
data,mk,C1,de_plural,572,0,0,219,0,0,0,353
data,mk,C1,level,572,0,0,0,0,0,0,572
data,nb,C1,de,572,0,0,0,0,0,0,572
data,nb,C1,de_article,572,0,0,184,0,0,0,388
data,nb,C1,de_plural,572,0,0,219,0,0,0,353
data,nb,C1,level,572,0,0,0,0,0,0,572
data,nl,C1,de,572,0,0,0,0,0,0,572
data,nl,C1,de_article,572,0,0,184,0,0,0,388
data,nl,C1,de_plural,572,0,0,219,0,0,0,353
data,nl,C1,level,572,0,0,0,0,0,0,572
data,nn,C1,de,572,0,0,0,0,0,0,572
data,nn,C1,de_article,572,0,0,184,0,0,0,388
data,nn,C1,de_plural,572,0,0,219,0,0,0,353
data,nn,C1,level,572,0,0,0,0,0,0,572
data,pl,C1,de,572,0,0,0,0,0,0,572
data,pl,C1,de_article,572,0,0,184,0,0,0,388
data,pl,C1,de_plural,572,0,0,219,0,0,0,353
data,pl,C1,level,572,0,0,0,0,0,0,572
data,pt,C1,de,572,0,0,0,0,0,0,572
data,pt,C1,de_article,572,0,0,184,0,0,0,388
data,pt,C1,de_plural,572,0,0,219,0,0,0,353
data,pt,C1,level,572,0,0,0,0,0,0,572
data,ro,C1,de,572,0,0,0,0,0,0,572
data,ro,C1,de_article,572,0,0,184,0,0,0,388
data,ro,C1,de_plural,572,0,0,219,0,0,0,353
data,ro,C1,level,572,0,0,0,0,0,0,572
data,ru,C1,de,572,0,0,0,0,0,0,572
data,ru,C1,de_article,572,0,0,184,0,0,0,388
data,ru,C1,de_plural,572,0,0,219,0,0,0,353
data,ru,C1,level,572,0,0,0,0,0,0,572
data,sk,C1,de,572,0,0,0,0,0,0,572
data,sk,C1,de_article,572,0,0,184,0,0,0,388
data,sk,C1,de_plural,572,0,0,219,0,0,0,353
data,sk,C1,level,572,0,0,0,0,0,0,572
data,sl,C1,de,572,0,0,0,0,0,0,572
data,sl,C1,de_article,572,0,0,184,0,0,0,388
data,sl,C1,de_plural,572,0,0,219,0,0,0,353
data,sl,C1,level,572,0,0,0,0,0,0,572
data,sq,C1,de,572,0,0,0,0,0,0,572
data,sq,C1,de_article,572,0,0,184,0,0,0,388
data,sq,C1,de_plural,572,0,0,219,0,0,0,353
data,sq,C1,level,572,0,0,0,0,0,0,572
data,sr,C1,de,572,0,0,0,0,0,0,572
data,sr,C1,de_article,572,0,0,184,0,0,0,388
data,sr,C1,de_plural,572,0,0,219,0,0,0,353
data,sr,C1,level,572,0,0,0,0,0,0,572
data,sv,C1,de,572,0,0,0,0,0,0,572
data,sv,C1,de_article,572,0,0,184,0,0,0,388
data,sv,C1,de_plural,572,0,0,219,0,0,0,353
data,sv,C1,level,572,0,0,0,0,0,0,572
data,tr,C1,de,572,0,0,0,0,0,0,572
data,tr,C1,de_article,572,0,0,184,0,0,0,388
data,tr,C1,de_plural,572,0,0,219,0,0,0,353
data,tr,C1,level,572,0,0,0,0,0,0,572
data,uk,C1,de,572,0,0,0,0,0,0,572
data,uk,C1,de_article,572,0,0,184,0,0,0,388
data,uk,C1,de_plural,572,0,0,219,0,0,0,353
data,uk,C1,level,572,0,0,0,0,0,0,572
data,lv,C2,de,219,0,0,0,0,0,0,219
data,lv,C2,de_article,219,0,0,31,0,0,0,188
data,lv,C2,de_plural,219,0,0,39,0,0,0,180
data,lv,C2,level,219,0,0,0,0,0,0,219
data,bg,C2,de,219,0,0,0,0,0,0,219
data,bg,C2,de_article,219,0,0,31,0,0,0,188
data,bg,C2,de_plural,219,0,0,39,0,0,0,180
data,bg,C2,level,219,0,0,0,0,0,0,219
data,bs,C2,de,219,0,0,0,0,0,0,219
data,bs,C2,de_article,219,0,0,31,0,0,0,188
data,bs,C2,de_plural,219,0,0,39,0,0,0,180
data,bs,C2,level,219,0,0,0,0,0,0,219
data,cs,C2,de,219,0,0,0,0,0,0,219
data,cs,C2,de_article,219,0,0,31,0,0,0,188
data,cs,C2,de_plural,219,0,0,39,0,0,0,180
data,cs,C2,level,219,0,0,0,0,0,0,219
data,da,C2,de,219,0,0,0,0,0,0,219
data,da,C2,de_article,219,0,0,31,0,0,0,188
data,da,C2,de_plural,219,0,0,39,0,0,0,180
data,da,C2,level,219,0,0,0,0,0,0,219
data,en,C2,de,219,0,0,0,0,0,0,219
data,en,C2,de_article,219,0,0,31,0,0,0,188
data,en,C2,de_plural,219,0,0,39,0,0,0,180
data,en,C2,level,219,0,0,0,0,0,0,219
data,es,C2,de,219,0,0,0,0,0,0,219
data,es,C2,de_article,219,0,0,31,0,0,0,188
data,es,C2,de_plural,219,0,0,39,0,0,0,180
data,es,C2,level,219,0,0,0,0,0,0,219
data,et,C2,de,219,0,0,0,0,0,0,219
data,et,C2,de_article,219,0,0,31,0,0,0,188
data,et,C2,de_plural,219,0,0,39,0,0,0,180
data,et,C2,level,219,0,0,0,0,0,0,219
data,fi,C2,de,219,0,0,0,0,0,0,219
data,fi,C2,de_article,219,0,0,31,0,0,0,188
data,fi,C2,de_plural,219,0,0,39,0,0,0,180
data,fi,C2,level,219,0,0,0,0,0,0,219
data,fr,C2,de,219,0,0,0,0,0,0,219
data,fr,C2,de_article,219,0,0,31,0,0,0,188
data,fr,C2,de_plural,219,0,0,39,0,0,0,180
data,fr,C2,level,219,0,0,0,0,0,0,219
data,gr,C2,de,219,0,0,0,0,0,0,219
data,gr,C2,de_article,219,0,0,31,0,0,0,188
data,gr,C2,de_plural,219,0,0,39,0,0,0,180
data,gr,C2,level,219,0,0,0,0,0,0,219
data,hr,C2,de,219,0,0,0,0,0,0,219
data,hr,C2,de_article,219,0,0,31,0,0,0,188
data,hr,C2,de_plural,219,0,0,39,0,0,0,180
data,hr,C2,level,219,0,0,0,0,0,0,219
data,hu,C2,de,219,0,0,0,0,0,0,219
data,hu,C2,de_article,219,0,0,31,0,0,0,188
data,hu,C2,de_plural,219,0,0,39,0,0,0,180
data,hu,C2,level,219,0,0,0,0,0,0,219
data,is,C2,de,219,0,0,0,0,0,0,219
data,is,C2,de_article,219,0,0,31,0,0,0,188
data,is,C2,de_plural,219,0,0,39,0,0,0,180
data,is,C2,level,219,0,0,0,0,0,0,219
data,it,C2,de,219,0,0,0,0,0,0,219
data,it,C2,de_article,219,0,0,31,0,0,0,188
data,it,C2,de_plural,219,0,0,39,0,0,0,180
data,it,C2,level,219,0,0,0,0,0,0,219
data,lb,C2,de,219,0,0,0,0,0,0,219
data,lb,C2,de_article,219,0,0,31,0,0,0,188
data,lb,C2,de_plural,219,0,0,39,0,0,0,180
data,lb,C2,level,219,0,0,0,0,0,0,219
data,lt,C2,de,219,0,0,0,0,0,0,219
data,lt,C2,de_article,219,0,0,31,0,0,0,188
data,lt,C2,de_plural,219,0,0,39,0,0,0,180
data,lt,C2,level,219,0,0,0,0,0,0,219
data,mk,C2,de,219,0,0,0,0,0,0,219
data,mk,C2,de_article,219,0,0,31,0,0,0,188
data,mk,C2,de_plural,219,0,0,39,0,0,0,180
data,mk,C2,level,219,0,0,0,0,0,0,219
data,nb,C2,de,219,0,0,0,0,0,0,219
data,nb,C2,de_article,219,0,0,31,0,0,0,188
data,nb,C2,de_plural,219,0,0,39,0,0,0,180
data,nb,C2,level,219,0,0,0,0,0,0,219
data,nl,C2,de,219,0,0,0,0,0,0,219
data,nl,C2,de_article,219,0,0,31,0,0,0,188
data,nl,C2,de_plural,219,0,0,39,0,0,0,180
data,nl,C2,level,219,0,0,0,0,0,0,219
data,nn,C2,de,219,0,0,0,0,0,0,219
data,nn,C2,de_article,219,0,0,31,0,0,0,188
data,nn,C2,de_plural,219,0,0,39,0,0,0,180
data,nn,C2,level,219,0,0,0,0,0,0,219
data,pl,C2,de,219,0,0,0,0,0,0,219
data,pl,C2,de_article,219,0,0,31,0,0,0,188
data,pl,C2,de_plural,219,0,0,39,0,0,0,180
data,pl,C2,level,219,0,0,0,0,0,0,219
data,pt,C2,de,219,0,0,0,0,0,0,219
data,pt,C2,de_article,219,0,0,31,0,0,0,188
data,pt,C2,de_plural,219,0,0,39,0,0,0,180
data,pt,C2,level,219,0,0,0,0,0,0,219
data,ro,C2,de,219,0,0,0,0,0,0,219
data,ro,C2,de_article,219,0,0,31,0,0,0,188
data,ro,C2,de_plural,219,0,0,39,0,0,0,180
data,ro,C2,level,219,0,0,0,0,0,0,219
data,ru,C2,de,219,0,0,0,0,0,0,219
data,ru,C2,de_article,219,0,0,31,0,0,0,188
data,ru,C2,de_plural,219,0,0,39,0,0,0,180
data,ru,C2,level,219,0,0,0,0,0,0,219
data,sk,C2,de,219,0,0,0,0,0,0,219
data,sk,C2,de_article,219,0,0,31,0,0,0,188
data,sk,C2,de_plural,219,0,0,39,0,0,0,180
data,sk,C2,level,219,0,0,0,0,0,0,219
data,sl,C2,de,219,0,0,0,0,0,0,219
data,sl,C2,de_article,219,0,0,31,0,0,0,188
data,sl,C2,de_plural,219,0,0,39,0,0,0,180
data,sl,C2,level,219,0,0,0,0,0,0,219
data,sq,C2,de,219,0,0,0,0,0,0,219
data,sq,C2,de_article,219,0,0,31,0,0,0,188
data,sq,C2,de_plural,219,0,0,39,0,0,0,180
data,sq,C2,level,219,0,0,0,0,0,0,219
data,sr,C2,de,219,0,0,0,0,0,0,219
data,sr,C2,de_article,219,0,0,31,0,0,0,188
data,sr,C2,de_plural,219,0,0,39,0,0,0,180
data,sr,C2,level,219,0,0,0,0,0,0,219
data,sv,C2,de,219,0,0,0,0,0,0,219
data,sv,C2,de_article,219,0,0,31,0,0,0,188
data,sv,C2,de_plural,219,0,0,39,0,0,0,180
data,sv,C2,level,219,0,0,0,0,0,0,219
data,tr,C2,de,219,0,0,0,0,0,0,219
data,tr,C2,de_article,219,0,0,31,0,0,0,188
data,tr,C2,de_plural,219,0,0,39,0,0,0,180
data,tr,C2,level,219,0,0,0,0,0,0,219
data,uk,C2,de,219,0,0,0,0,0,0,219
data,uk,C2,de_article,219,0,0,31,0,0,0,188
data,uk,C2,de_plural,219,0,0,39,0,0,0,180
data,uk,C2,level,219,0,0,0,0,0,0,219
www/data,lv,A1,de,702,0,0,0,0,0,0,702
www/data,lv,A1,de_article,702,0,0,363,0,0,0,339
www/data,lv,A1,de_plural,702,0,1,412,0,0,0,289
www/data,lv,A1,level,702,0,0,0,0,0,0,702
www/data,bg,A1,de,702,0,0,0,0,0,0,702
www/data,bg,A1,de_article,702,0,0,363,0,0,0,339
www/data,bg,A1,de_plural,702,0,1,412,0,0,0,289
www/data,bg,A1,level,702,0,0,0,0,0,0,702
www/data,bs,A1,de,702,0,0,0,0,0,0,702
www/data,bs,A1,de_article,702,0,0,363,0,0,0,339
www/data,bs,A1,de_plural,702,0,1,412,0,0,0,289
www/data,bs,A1,level,702,0,0,0,0,0,0,702
www/data,cs,A1,de,702,0,0,0,0,0,0,702
www/data,cs,A1,de_article,702,0,0,363,0,0,0,339
www/data,cs,A1,de_plural,702,0,1,412,0,0,0,289
www/data,cs,A1,level,702,0,0,0,0,0,0,702
www/data,da,A1,de,702,0,0,0,0,0,0,702
www/data,da,A1,de_article,702,0,0,363,0,0,0,339
www/data,da,A1,de_plural,702,0,1,412,0,0,0,289
www/data,da,A1,level,702,0,0,0,0,0,0,702
www/data,en,A1,de,702,0,0,0,0,0,0,702
www/data,en,A1,de_article,702,0,0,363,0,0,0,339
www/data,en,A1,de_plural,702,0,1,412,0,0,0,289
www/data,en,A1,level,702,0,0,0,0,0,0,702
www/data,es,A1,de,702,0,0,0,0,0,0,702
www/data,es,A1,de_article,702,0,0,363,0,0,0,339
www/data,es,A1,de_plural,702,0,1,412,0,0,0,289
www/data,es,A1,level,702,0,0,0,0,0,0,702
www/data,et,A1,de,702,0,0,0,0,0,0,702
www/data,et,A1,de_article,702,0,0,363,0,0,0,339
www/data,et,A1,de_plural,702,0,1,412,0,0,0,289
www/data,et,A1,level,702,0,0,0,0,0,0,702
www/data,fi,A1,de,702,0,0,0,0,0,0,702
www/data,fi,A1,de_article,702,0,0,363,0,0,0,339
www/data,fi,A1,de_plural,702,0,1,412,0,0,0,289
www/data,fi,A1,level,702,0,0,0,0,0,0,702
www/data,fr,A1,de,702,0,0,0,0,0,0,702
www/data,fr,A1,de_article,702,0,0,363,0,0,0,339
www/data,fr,A1,de_plural,702,0,1,412,0,0,0,289
www/data,fr,A1,level,702,0,0,0,0,0,0,702
www/data,gr,A1,de,702,0,0,0,0,0,0,702
www/data,gr,A1,de_article,702,0,0,363,0,0,0,339
www/data,gr,A1,de_plural,702,0,1,412,0,0,0,289
www/data,gr,A1,level,702,0,0,0,0,0,0,702
www/data,hr,A1,de,702,0,0,0,0,0,0,702
www/data,hr,A1,de_article,702,0,0,363,0,0,0,339
www/data,hr,A1,de_plural,702,0,1,412,0,0,0,289
www/data,hr,A1,level,702,0,0,0,0,0,0,702
www/data,hu,A1,de,702,0,0,0,0,0,0,702
www/data,hu,A1,de_article,702,0,0,363,0,0,0,339
www/data,hu,A1,de_plural,702,0,1,412,0,0,0,289
www/data,hu,A1,level,702,0,0,0,0,0,0,702
www/data,is,A1,de,702,0,0,0,0,0,0,702
www/data,is,A1,de_article,702,0,0,363,0,0,0,339
www/data,is,A1,de_plural,702,0,1,412,0,0,0,289
www/data,is,A1,level,702,0,0,0,0,0,0,702
www/data,it,A1,de,702,0,0,0,0,0,0,702
www/data,it,A1,de_article,702,0,0,363,0,0,0,339
www/data,it,A1,de_plural,702,0,1,412,0,0,0,289
www/data,it,A1,level,702,0,0,0,0,0,0,702
www/data,lb,A1,de,702,0,0,0,0,0,0,702
www/data,lb,A1,de_article,702,0,0,363,0,0,0,339
www/data,lb,A1,de_plural,702,0,1,412,0,0,0,289
www/data,lb,A1,level,702,0,0,0,0,0,0,702
www/data,lt,A1,de,702,0,0,0,0,0,0,702
www/data,lt,A1,de_article,702,0,0,363,0,0,0,339
www/data,lt,A1,de_plural,702,0,1,412,0,0,0,289
www/data,lt,A1,level,702,0,0,0,0,0,0,702
www/data,mk,A1,de,702,0,0,0,0,0,0,702
www/data,mk,A1,de_article,702,0,0,363,0,0,0,339
www/data,mk,A1,de_plural,702,0,1,412,0,0,0,289
www/data,mk,A1,level,702,0,0,0,0,0,0,702
www/data,nb,A1,de,702,0,0,0,0,0,0,702
www/data,nb,A1,de_article,702,0,0,363,0,0,0,339
www/data,nb,A1,de_plural,702,0,1,412,0,0,0,289
www/data,nb,A1,level,702,0,0,0,0,0,0,702
www/data,nl,A1,de,702,0,0,0,0,0,0,702
www/data,nl,A1,de_article,702,0,0,363,0,0,0,339
www/data,nl,A1,de_plural,702,0,1,412,0,0,0,289
www/data,nl,A1,level,702,0,0,0,0,0,0,702
www/data,nn,A1,de,702,0,0,0,0,0,0,702
www/data,nn,A1,de_article,702,0,0,363,0,0,0,339
www/data,nn,A1,de_plural,702,0,1,412,0,0,0,289
www/data,nn,A1,level,702,0,0,0,0,0,0,702
www/data,pl,A1,de,702,0,0,0,0,0,0,702
www/data,pl,A1,de_article,702,0,0,363,0,0,0,339
www/data,pl,A1,de_plural,702,0,1,412,0,0,0,289
www/data,pl,A1,level,702,0,0,0,0,0,0,702
www/data,pt,A1,de,702,0,0,0,0,0,0,702
www/data,pt,A1,de_article,702,0,0,363,0,0,0,339
www/data,pt,A1,de_plural,702,0,1,412,0,0,0,289
www/data,pt,A1,level,702,0,0,0,0,0,0,702
www/data,ro,A1,de,702,0,0,0,0,0,0,702
www/data,ro,A1,de_article,702,0,0,363,0,0,0,339
www/data,ro,A1,de_plural,702,0,1,412,0,0,0,289
www/data,ro,A1,level,702,0,0,0,0,0,0,702
www/data,ru,A1,de,702,0,0,0,0,0,0,702
www/data,ru,A1,de_article,702,0,0,363,0,0,0,339
www/data,ru,A1,de_plural,702,0,1,412,0,0,0,289
www/data,ru,A1,level,702,0,0,0,0,0,0,702
www/data,sk,A1,de,702,0,0,0,0,0,0,702
www/data,sk,A1,de_article,702,0,0,363,0,0,0,339
www/data,sk,A1,de_plural,702,0,1,412,0,0,0,289
www/data,sk,A1,level,702,0,0,0,0,0,0,702
www/data,sl,A1,de,702,0,0,0,0,0,0,702
www/data,sl,A1,de_article,702,0,0,363,0,0,0,339
www/data,sl,A1,de_plural,702,0,1,412,0,0,0,289
www/data,sl,A1,level,702,0,0,0,0,0,0,702
www/data,sq,A1,de,702,0,0,0,0,0,0,702
www/data,sq,A1,de_article,702,0,0,363,0,0,0,339
www/data,sq,A1,de_plural,702,0,1,412,0,0,0,289
www/data,sq,A1,level,702,0,0,0,0,0,0,702
www/data,sr,A1,de,702,0,0,0,0,0,0,702
www/data,sr,A1,de_article,702,0,0,363,0,0,0,339
www/data,sr,A1,de_plural,702,0,1,412,0,0,0,289
www/data,sr,A1,level,702,0,0,0,0,0,0,702
www/data,sv,A1,de,702,0,0,0,0,0,0,702
www/data,sv,A1,de_article,702,0,0,363,0,0,0,339
www/data,sv,A1,de_plural,702,0,1,412,0,0,0,289
www/data,sv,A1,level,702,0,0,0,0,0,0,702
www/data,tr,A1,de,702,0,0,0,0,0,0,702
www/data,tr,A1,de_article,702,0,0,363,0,0,0,339
www/data,tr,A1,de_plural,702,0,1,412,0,0,0,289
www/data,tr,A1,level,702,0,0,0,0,0,0,702
www/data,uk,A1,de,702,0,0,0,0,0,0,702
www/data,uk,A1,de_article,702,0,0,363,0,0,0,339
www/data,uk,A1,de_plural,702,0,1,412,0,0,0,289
www/data,uk,A1,level,702,0,0,0,0,0,0,702
www/data,lv,A2,de,1640,0,0,0,0,0,0,1640
www/data,lv,A2,de_article,1640,0,0,687,0,0,0,953
www/data,lv,A2,de_plural,1640,0,10,794,0,0,0,836
www/data,lv,A2,level,1640,0,0,0,0,0,0,1640
www/data,bg,A2,de,1640,0,0,0,0,0,0,1640
www/data,bg,A2,de_article,1640,0,0,687,0,0,0,953
www/data,bg,A2,de_plural,1640,0,10,794,0,0,0,836
www/data,bg,A2,level,1640,0,0,0,0,0,0,1640
www/data,bs,A2,de,1640,0,0,0,0,0,0,1640
www/data,bs,A2,de_article,1640,0,0,687,0,0,0,953
www/data,bs,A2,de_plural,1640,0,10,794,0,0,0,836
www/data,bs,A2,level,1640,0,0,0,0,0,0,1640
www/data,cs,A2,de,1640,0,0,0,0,0,0,1640
www/data,cs,A2,de_article,1640,0,0,687,0,0,0,953
www/data,cs,A2,de_plural,1640,0,10,794,0,0,0,836
www/data,cs,A2,level,1640,0,0,0,0,0,0,1640
www/data,da,A2,de,1640,0,0,0,0,0,0,1640
www/data,da,A2,de_article,1640,0,0,687,0,0,0,953
www/data,da,A2,de_plural,1640,0,10,794,0,0,0,836
www/data,da,A2,level,1640,0,0,0,0,0,0,1640
www/data,en,A2,de,1640,0,0,0,0,0,0,1640
www/data,en,A2,de_article,1640,0,0,687,0,0,0,953
www/data,en,A2,de_plural,1640,0,10,794,0,0,0,836
www/data,en,A2,level,1640,0,0,0,0,0,0,1640
www/data,es,A2,de,1640,0,0,0,0,0,0,1640
www/data,es,A2,de_article,1640,0,0,687,0,0,0,953
www/data,es,A2,de_plural,1640,0,10,794,0,0,0,836
www/data,es,A2,level,1640,0,0,0,0,0,0,1640
www/data,et,A2,de,1640,0,0,0,0,0,0,1640
www/data,et,A2,de_article,1640,0,0,687,0,0,0,953
www/data,et,A2,de_plural,1640,0,10,794,0,0,0,836
www/data,et,A2,level,1640,0,0,0,0,0,0,1640
www/data,fi,A2,de,1640,0,0,0,0,0,0,1640
www/data,fi,A2,de_article,1640,0,0,687,0,0,0,953
www/data,fi,A2,de_plural,1640,0,10,794,0,0,0,836
www/data,fi,A2,level,1640,0,0,0,0,0,0,1640
www/data,fr,A2,de,1640,0,0,0,0,0,0,1640
www/data,fr,A2,de_article,1640,0,0,687,0,0,0,953
www/data,fr,A2,de_plural,1640,0,10,794,0,0,0,836
www/data,fr,A2,level,1640,0,0,0,0,0,0,1640
www/data,gr,A2,de,1640,0,0,0,0,0,0,1640
www/data,gr,A2,de_article,1640,0,0,687,0,0,0,953
www/data,gr,A2,de_plural,1640,0,10,794,0,0,0,836
www/data,gr,A2,level,1640,0,0,0,0,0,0,1640
www/data,hr,A2,de,1640,0,0,0,0,0,0,1640
www/data,hr,A2,de_article,1640,0,0,687,0,0,0,953
www/data,hr,A2,de_plural,1640,0,10,794,0,0,0,836
www/data,hr,A2,level,1640,0,0,0,0,0,0,1640
www/data,hu,A2,de,1640,0,0,0,0,0,0,1640
www/data,hu,A2,de_article,1640,0,0,687,0,0,0,953
www/data,hu,A2,de_plural,1640,0,10,794,0,0,0,836
www/data,hu,A2,level,1640,0,0,0,0,0,0,1640
www/data,is,A2,de,1640,0,0,0,0,0,0,1640
www/data,is,A2,de_article,1640,0,0,687,0,0,0,953
www/data,is,A2,de_plural,1640,0,10,794,0,0,0,836
www/data,is,A2,level,1640,0,0,0,0,0,0,1640
www/data,it,A2,de,1640,0,0,0,0,0,0,1640
www/data,it,A2,de_article,1640,0,0,687,0,0,0,953
www/data,it,A2,de_plural,1640,0,10,794,0,0,0,836
www/data,it,A2,level,1640,0,0,0,0,0,0,1640
www/data,lb,A2,de,1640,0,0,0,0,0,0,1640
www/data,lb,A2,de_article,1640,0,0,687,0,0,0,953
www/data,lb,A2,de_plural,1640,0,10,794,0,0,0,836
www/data,lb,A2,level,1640,0,0,0,0,0,0,1640
www/data,lt,A2,de,1640,0,0,0,0,0,0,1640
www/data,lt,A2,de_article,1640,0,0,687,0,0,0,953
www/data,lt,A2,de_plural,1640,0,10,794,0,0,0,836
www/data,lt,A2,level,1640,0,0,0,0,0,0,1640
www/data,mk,A2,de,1640,0,0,0,0,0,0,1640
www/data,mk,A2,de_article,1640,0,0,687,0,0,0,953
www/data,mk,A2,de_plural,1640,0,10,794,0,0,0,836
www/data,mk,A2,level,1640,0,0,0,0,0,0,1640
www/data,nb,A2,de,1640,0,0,0,0,0,0,1640
www/data,nb,A2,de_article,1640,0,0,687,0,0,0,953
www/data,nb,A2,de_plural,1640,0,10,794,0,0,0,836
www/data,nb,A2,level,1640,0,0,0,0,0,0,1640
www/data,nl,A2,de,1640,0,0,0,0,0,0,1640
www/data,nl,A2,de_article,1640,0,0,687,0,0,0,953
www/data,nl,A2,de_plural,1640,0,10,794,0,0,0,836
www/data,nl,A2,level,1640,0,0,0,0,0,0,1640
www/data,nn,A2,de,1640,0,0,0,0,0,0,1640
www/data,nn,A2,de_article,1640,0,0,687,0,0,0,953
www/data,nn,A2,de_plural,1640,0,10,794,0,0,0,836
www/data,nn,A2,level,1640,0,0,0,0,0,0,1640
www/data,pl,A2,de,1640,0,0,0,0,0,0,1640
www/data,pl,A2,de_article,1640,0,0,687,0,0,0,953
www/data,pl,A2,de_plural,1640,0,10,794,0,0,0,836
www/data,pl,A2,level,1640,0,0,0,0,0,0,1640
www/data,pt,A2,de,1640,0,0,0,0,0,0,1640
www/data,pt,A2,de_article,1640,0,0,687,0,0,0,953
www/data,pt,A2,de_plural,1640,0,10,794,0,0,0,836
www/data,pt,A2,level,1640,0,0,0,0,0,0,1640
www/data,ro,A2,de,1640,0,0,0,0,0,0,1640
www/data,ro,A2,de_article,1640,0,0,687,0,0,0,953
www/data,ro,A2,de_plural,1640,0,10,794,0,0,0,836
www/data,ro,A2,level,1640,0,0,0,0,0,0,1640
www/data,ru,A2,de,1640,0,0,0,0,0,0,1640
www/data,ru,A2,de_article,1640,0,0,687,0,0,0,953
www/data,ru,A2,de_plural,1640,0,10,794,0,0,0,836
www/data,ru,A2,level,1640,0,0,0,0,0,0,1640
www/data,sk,A2,de,1640,0,0,0,0,0,0,1640
www/data,sk,A2,de_article,1640,0,0,687,0,0,0,953
www/data,sk,A2,de_plural,1640,0,10,794,0,0,0,836
www/data,sk,A2,level,1640,0,0,0,0,0,0,1640
www/data,sl,A2,de,1640,0,0,0,0,0,0,1640
www/data,sl,A2,de_article,1640,0,0,687,0,0,0,953
www/data,sl,A2,de_plural,1640,0,10,794,0,0,0,836
www/data,sl,A2,level,1640,0,0,0,0,0,0,1640
www/data,sq,A2,de,1640,0,0,0,0,0,0,1640
www/data,sq,A2,de_article,1640,0,0,687,0,0,0,953
www/data,sq,A2,de_plural,1640,0,10,794,0,0,0,836
www/data,sq,A2,level,1640,0,0,0,0,0,0,1640
www/data,sr,A2,de,1640,0,0,0,0,0,0,1640
www/data,sr,A2,de_article,1640,0,0,687,0,0,0,953
www/data,sr,A2,de_plural,1640,0,10,794,0,0,0,836
www/data,sr,A2,level,1640,0,0,0,0,0,0,1640
www/data,sv,A2,de,1640,0,0,0,0,0,0,1640
www/data,sv,A2,de_article,1640,0,0,687,0,0,0,953
www/data,sv,A2,de_plural,1640,0,10,794,0,0,0,836
www/data,sv,A2,level,1640,0,0,0,0,0,0,1640
www/data,tr,A2,de,1640,0,0,0,0,0,0,1640
www/data,tr,A2,de_article,1640,0,0,687,0,0,0,953
www/data,tr,A2,de_plural,1640,0,10,794,0,0,0,836
www/data,tr,A2,level,1640,0,0,0,0,0,0,1640
www/data,uk,A2,de,1640,0,0,0,0,0,0,1640
www/data,uk,A2,de_article,1640,0,0,687,0,0,0,953
www/data,uk,A2,de_plural,1640,0,10,794,0,0,0,836
www/data,uk,A2,level,1640,0,0,0,0,0,0,1640
www/data,lv,B1,de,3367,0,0,0,0,0,0,3367
www/data,lv,B1,de_article,3367,0,0,1369,0,0,0,1998
www/data,lv,B1,de_plural,3367,0,18,1480,0,0,0,1869
www/data,lv,B1,level,3367,0,0,0,0,0,0,3367
www/data,bg,B1,de,3367,0,0,0,0,0,0,3367
www/data,bg,B1,de_article,3367,0,0,1369,0,0,0,1998
www/data,bg,B1,de_plural,3367,0,18,1480,0,0,0,1869
www/data,bg,B1,level,3367,0,0,0,0,0,0,3367
www/data,bs,B1,de,3367,0,0,0,0,0,0,3367
www/data,bs,B1,de_article,3367,0,0,1369,0,0,0,1998
www/data,bs,B1,de_plural,3367,0,18,1480,0,0,0,1869
www/data,bs,B1,level,3367,0,0,0,0,0,0,3367
www/data,cs,B1,de,3367,0,0,0,0,0,0,3367
www/data,cs,B1,de_article,3367,0,0,1369,0,0,0,1998
www/data,cs,B1,de_plural,3367,0,18,1480,0,0,0,1869
www/data,cs,B1,level,3367,0,0,0,0,0,0,3367
www/data,da,B1,de,3367,0,0,0,0,0,0,3367
www/data,da,B1,de_article,3367,0,0,1369,0,0,0,1998
www/data,da,B1,de_plural,3367,0,18,1480,0,0,0,1869
www/data,da,B1,level,3367,0,0,0,0,0,0,3367
www/data,en,B1,de,3367,0,0,0,0,0,0,3367
www/data,en,B1,de_article,3367,0,0,1369,0,0,0,1998
www/data,en,B1,de_plural,3367,0,18,1480,0,0,0,1869
www/data,en,B1,level,3367,0,0,0,0,0,0,3367
www/data,es,B1,de,3367,0,0,0,0,0,0,3367
www/data,es,B1,de_article,3367,0,0,1369,0,0,0,1998
www/data,es,B1,de_plural,3367,0,18,1480,0,0,0,1869
www/data,es,B1,level,3367,0,0,0,0,0,0,3367
www/data,et,B1,de,3367,0,0,0,0,0,0,3367
www/data,et,B1,de_article,3367,0,0,1369,0,0,0,1998
www/data,et,B1,de_plural,3367,0,18,1480,0,0,0,1869
www/data,et,B1,level,3367,0,0,0,0,0,0,3367
www/data,fi,B1,de,3367,0,0,0,0,0,0,3367
www/data,fi,B1,de_article,3367,0,0,1369,0,0,0,1998
www/data,fi,B1,de_plural,3367,0,18,1480,0,0,0,1869
www/data,fi,B1,level,3367,0,0,0,0,0,0,3367
www/data,fr,B1,de,3367,0,0,0,0,0,0,3367
www/data,fr,B1,de_article,3367,0,0,1369,0,0,0,1998
www/data,fr,B1,de_plural,3367,0,18,1480,0,0,0,1869
www/data,fr,B1,level,3367,0,0,0,0,0,0,3367
www/data,gr,B1,de,3367,0,0,0,0,0,0,3367
www/data,gr,B1,de_article,3367,0,0,1369,0,0,0,1998
www/data,gr,B1,de_plural,3367,0,18,1480,0,0,0,1869
www/data,gr,B1,level,3367,0,0,0,0,0,0,3367
www/data,hr,B1,de,3367,0,0,0,0,0,0,3367
www/data,hr,B1,de_article,3367,0,0,1369,0,0,0,1998
www/data,hr,B1,de_plural,3367,0,18,1480,0,0,0,1869
www/data,hr,B1,level,3367,0,0,0,0,0,0,3367
www/data,hu,B1,de,3367,0,0,0,0,0,0,3367
www/data,hu,B1,de_article,3367,0,0,1369,0,0,0,1998
www/data,hu,B1,de_plural,3367,0,18,1480,0,0,0,1869
www/data,hu,B1,level,3367,0,0,0,0,0,0,3367
www/data,is,B1,de,3367,0,0,0,0,0,0,3367
www/data,is,B1,de_article,3367,0,0,1369,0,0,0,1998
www/data,is,B1,de_plural,3367,0,18,1480,0,0,0,1869
www/data,is,B1,level,3367,0,0,0,0,0,0,3367
www/data,it,B1,de,3367,0,0,0,0,0,0,3367
www/data,it,B1,de_article,3367,0,0,1369,0,0,0,1998
www/data,it,B1,de_plural,3367,0,18,1480,0,0,0,1869
www/data,it,B1,level,3367,0,0,0,0,0,0,3367
www/data,lb,B1,de,3367,0,0,0,0,0,0,3367
www/data,lb,B1,de_article,3367,0,0,1369,0,0,0,1998
www/data,lb,B1,de_plural,3367,0,18,1480,0,0,0,1869
www/data,lb,B1,level,3367,0,0,0,0,0,0,3367
www/data,lt,B1,de,3367,0,0,0,0,0,0,3367
www/data,lt,B1,de_article,3367,0,0,1369,0,0,0,1998
www/data,lt,B1,de_plural,3367,0,18,1480,0,0,0,1869
www/data,lt,B1,level,3367,0,0,0,0,0,0,3367
www/data,mk,B1,de,3367,0,0,0,0,0,0,3367
www/data,mk,B1,de_article,3367,0,0,1369,0,0,0,1998
www/data,mk,B1,de_plural,3367,0,18,1480,0,0,0,1869
www/data,mk,B1,level,3367,0,0,0,0,0,0,3367
www/data,nb,B1,de,3367,0,0,0,0,0,0,3367
www/data,nb,B1,de_article,3367,0,0,1369,0,0,0,1998
www/data,nb,B1,de_plural,3367,0,18,1480,0,0,0,1869
www/data,nb,B1,level,3367,0,0,0,0,0,0,3367
www/data,nl,B1,de,3367,0,0,0,0,0,0,3367
www/data,nl,B1,de_article,3367,0,0,1369,0,0,0,1998
www/data,nl,B1,de_plural,3367,0,18,1480,0,0,0,1869
www/data,nl,B1,level,3367,0,0,0,0,0,0,3367
www/data,nn,B1,de,3367,0,0,0,0,0,0,3367
www/data,nn,B1,de_article,3367,0,0,1369,0,0,0,1998
www/data,nn,B1,de_plural,3367,0,18,1480,0,0,0,1869
www/data,nn,B1,level,3367,0,0,0,0,0,0,3367
www/data,pl,B1,de,3367,0,0,0,0,0,0,3367
www/data,pl,B1,de_article,3367,0,0,1369,0,0,0,1998
www/data,pl,B1,de_plural,3367,0,18,1480,0,0,0,1869
www/data,pl,B1,level,3367,0,0,0,0,0,0,3367
www/data,pt,B1,de,3367,0,0,0,0,0,0,3367
www/data,pt,B1,de_article,3367,0,0,1369,0,0,0,1998
www/data,pt,B1,de_plural,3367,0,18,1480,0,0,0,1869
www/data,pt,B1,level,3367,0,0,0,0,0,0,3367
www/data,ro,B1,de,3367,0,0,0,0,0,0,3367
www/data,ro,B1,de_article,3367,0,0,1369,0,0,0,1998
www/data,ro,B1,de_plural,3367,0,18,1480,0,0,0,1869
www/data,ro,B1,level,3367,0,0,0,0,0,0,3367
www/data,ru,B1,de,3367,0,0,0,0,0,0,3367
www/data,ru,B1,de_article,3367,0,0,1369,0,0,0,1998
www/data,ru,B1,de_plural,3367,0,18,1480,0,0,0,1869
www/data,ru,B1,level,3367,0,0,0,0,0,0,3367
www/data,sk,B1,de,3367,0,0,0,0,0,0,3367
www/data,sk,B1,de_article,3367,0,0,1369,0,0,0,1998
www/data,sk,B1,de_plural,3367,0,18,1480,0,0,0,1869
www/data,sk,B1,level,3367,0,0,0,0,0,0,3367
www/data,sl,B1,de,3367,0,0,0,0,0,0,3367
www/data,sl,B1,de_article,3367,0,0,1369,0,0,0,1998
www/data,sl,B1,de_plural,3367,0,18,1480,0,0,0,1869
www/data,sl,B1,level,3367,0,0,0,0,0,0,3367
www/data,sq,B1,de,3367,0,0,0,0,0,0,3367
www/data,sq,B1,de_article,3367,0,0,1369,0,0,0,1998
www/data,sq,B1,de_plural,3367,0,18,1480,0,0,0,1869
www/data,sq,B1,level,3367,0,0,0,0,0,0,3367
www/data,sr,B1,de,3367,0,0,0,0,0,0,3367
www/data,sr,B1,de_article,3367,0,0,1369,0,0,0,1998
www/data,sr,B1,de_plural,3367,0,18,1480,0,0,0,1869
www/data,sr,B1,level,3367,0,0,0,0,0,0,3367
www/data,sv,B1,de,3367,0,0,0,0,0,0,3367
www/data,sv,B1,de_article,3367,0,0,1369,0,0,0,1998
www/data,sv,B1,de_plural,3367,0,18,1480,0,0,0,1869
www/data,sv,B1,level,3367,0,0,0,0,0,0,3367
www/data,tr,B1,de,3367,0,0,0,0,0,0,3367
www/data,tr,B1,de_article,3367,0,0,1369,0,0,0,1998
www/data,tr,B1,de_plural,3367,0,18,1480,0,0,0,1869
www/data,tr,B1,level,3367,0,0,0,0,0,0,3367
www/data,uk,B1,de,3367,0,0,0,0,0,0,3367
www/data,uk,B1,de_article,3367,0,0,1369,0,0,0,1998
www/data,uk,B1,de_plural,3367,0,18,1480,0,0,0,1869
www/data,uk,B1,level,3367,0,0,0,0,0,0,3367
www/data,lv,B2,de,2118,0,0,0,0,0,0,2118
www/data,lv,B2,de_article,2118,0,0,948,0,0,0,1170
www/data,lv,B2,de_plural,2118,0,12,1097,0,0,0,1009
www/data,lv,B2,level,2118,0,0,0,0,0,0,2118
www/data,bg,B2,de,2118,0,0,0,0,0,0,2118
www/data,bg,B2,de_article,2118,0,0,948,0,0,0,1170
www/data,bg,B2,de_plural,2118,0,12,1097,0,0,0,1009
www/data,bg,B2,level,2118,0,0,0,0,0,0,2118
www/data,bs,B2,de,2118,0,0,0,0,0,0,2118
www/data,bs,B2,de_article,2118,0,0,948,0,0,0,1170
www/data,bs,B2,de_plural,2118,0,12,1097,0,0,0,1009
www/data,bs,B2,level,2118,0,0,0,0,0,0,2118
www/data,cs,B2,de,2118,0,0,0,0,0,0,2118
www/data,cs,B2,de_article,2118,0,0,948,0,0,0,1170
www/data,cs,B2,de_plural,2118,0,12,1097,0,0,0,1009
www/data,cs,B2,level,2118,0,0,0,0,0,0,2118
www/data,da,B2,de,2118,0,0,0,0,0,0,2118
www/data,da,B2,de_article,2118,0,0,948,0,0,0,1170
www/data,da,B2,de_plural,2118,0,12,1097,0,0,0,1009
www/data,da,B2,level,2118,0,0,0,0,0,0,2118
www/data,en,B2,de,2118,0,0,0,0,0,0,2118
www/data,en,B2,de_article,2118,0,0,948,0,0,0,1170
www/data,en,B2,de_plural,2118,0,12,1097,0,0,0,1009
www/data,en,B2,level,2118,0,0,0,0,0,0,2118
www/data,es,B2,de,2118,0,0,0,0,0,0,2118
www/data,es,B2,de_article,2118,0,0,948,0,0,0,1170
www/data,es,B2,de_plural,2118,0,12,1097,0,0,0,1009
www/data,es,B2,level,2118,0,0,0,0,0,0,2118
www/data,et,B2,de,2118,0,0,0,0,0,0,2118
www/data,et,B2,de_article,2118,0,0,948,0,0,0,1170
www/data,et,B2,de_plural,2118,0,12,1096,0,0,0,1010
www/data,et,B2,level,2118,0,0,0,0,0,0,2118
www/data,fi,B2,de,2118,0,0,0,0,0,0,2118
www/data,fi,B2,de_article,2118,0,0,948,0,0,0,1170
www/data,fi,B2,de_plural,2118,0,12,1096,0,0,0,1010
www/data,fi,B2,level,2118,0,0,0,0,0,0,2118
www/data,fr,B2,de,2118,0,0,0,0,0,0,2118
www/data,fr,B2,de_article,2118,0,0,948,0,0,0,1170
www/data,fr,B2,de_plural,2118,0,12,1097,0,0,0,1009
www/data,fr,B2,level,2118,0,0,0,0,0,0,2118
www/data,gr,B2,de,2118,0,0,0,0,0,0,2118
www/data,gr,B2,de_article,2118,0,0,948,0,0,0,1170
www/data,gr,B2,de_plural,2118,0,12,1097,0,0,0,1009
www/data,gr,B2,level,2118,0,0,0,0,0,0,2118
www/data,hr,B2,de,2118,0,0,0,0,0,0,2118
www/data,hr,B2,de_article,2118,0,0,948,0,0,0,1170
www/data,hr,B2,de_plural,2118,0,12,1097,0,0,0,1009
www/data,hr,B2,level,2118,0,0,0,0,0,0,2118
www/data,hu,B2,de,2118,0,0,0,0,0,0,2118
www/data,hu,B2,de_article,2118,0,0,948,0,0,0,1170
www/data,hu,B2,de_plural,2118,0,12,1097,0,0,0,1009
www/data,hu,B2,level,2118,0,0,0,0,0,0,2118
www/data,is,B2,de,2118,0,0,0,0,0,0,2118
www/data,is,B2,de_article,2118,0,0,948,0,0,0,1170
www/data,is,B2,de_plural,2118,0,12,1096,0,0,0,1010
www/data,is,B2,level,2118,0,0,0,0,0,0,2118
www/data,it,B2,de,2118,0,0,0,0,0,0,2118
www/data,it,B2,de_article,2118,0,0,948,0,0,0,1170
www/data,it,B2,de_plural,2118,0,12,1097,0,0,0,1009
www/data,it,B2,level,2118,0,0,0,0,0,0,2118
www/data,lb,B2,de,2118,0,0,0,0,0,0,2118
www/data,lb,B2,de_article,2118,0,0,948,0,0,0,1170
www/data,lb,B2,de_plural,2118,0,12,1097,0,0,0,1009
www/data,lb,B2,level,2118,0,0,0,0,0,0,2118
www/data,lt,B2,de,2118,0,0,0,0,0,0,2118
www/data,lt,B2,de_article,2118,0,0,948,0,0,0,1170
www/data,lt,B2,de_plural,2118,0,12,1097,0,0,0,1009
www/data,lt,B2,level,2118,0,0,0,0,0,0,2118
www/data,mk,B2,de,2118,0,0,0,0,0,0,2118
www/data,mk,B2,de_article,2118,0,0,948,0,0,0,1170
www/data,mk,B2,de_plural,2118,0,12,1097,0,0,0,1009
www/data,mk,B2,level,2118,0,0,0,0,0,0,2118
www/data,nb,B2,de,2118,0,0,0,0,0,0,2118
www/data,nb,B2,de_article,2118,0,0,948,0,0,0,1170
www/data,nb,B2,de_plural,2118,0,12,1096,0,0,0,1010
www/data,nb,B2,level,2118,0,0,0,0,0,0,2118
www/data,nl,B2,de,2118,0,0,0,0,0,0,2118
www/data,nl,B2,de_article,2118,0,0,948,0,0,0,1170
www/data,nl,B2,de_plural,2118,0,12,1097,0,0,0,1009
www/data,nl,B2,level,2118,0,0,0,0,0,0,2118
www/data,nn,B2,de,2118,0,0,0,0,0,0,2118
www/data,nn,B2,de_article,2118,0,0,948,0,0,0,1170
www/data,nn,B2,de_plural,2118,0,12,1096,0,0,0,1010
www/data,nn,B2,level,2118,0,0,0,0,0,0,2118
www/data,pl,B2,de,2118,0,0,0,0,0,0,2118
www/data,pl,B2,de_article,2118,0,0,948,0,0,0,1170
www/data,pl,B2,de_plural,2118,0,12,1097,0,0,0,1009
www/data,pl,B2,level,2118,0,0,0,0,0,0,2118
www/data,pt,B2,de,2118,0,0,0,0,0,0,2118
www/data,pt,B2,de_article,2118,0,0,948,0,0,0,1170
www/data,pt,B2,de_plural,2118,0,12,1097,0,0,0,1009
www/data,pt,B2,level,2118,0,0,0,0,0,0,2118
www/data,ro,B2,de,2118,0,0,0,0,0,0,2118
www/data,ro,B2,de_article,2118,0,0,948,0,0,0,1170
www/data,ro,B2,de_plural,2118,0,12,1097,0,0,0,1009
www/data,ro,B2,level,2118,0,0,0,0,0,0,2118
www/data,ru,B2,de,2118,0,0,0,0,0,0,2118
www/data,ru,B2,de_article,2118,0,0,948,0,0,0,1170
www/data,ru,B2,de_plural,2118,0,12,1097,0,0,0,1009
www/data,ru,B2,level,2118,0,0,0,0,0,0,2118
www/data,sk,B2,de,2118,0,0,0,0,0,0,2118
www/data,sk,B2,de_article,2118,0,0,948,0,0,0,1170
www/data,sk,B2,de_plural,2118,0,12,1097,0,0,0,1009
www/data,sk,B2,level,2118,0,0,0,0,0,0,2118
www/data,sl,B2,de,2118,0,0,0,0,0,0,2118
www/data,sl,B2,de_article,2118,0,0,948,0,0,0,1170
www/data,sl,B2,de_plural,2118,0,12,1097,0,0,0,1009
www/data,sl,B2,level,2118,0,0,0,0,0,0,2118
www/data,sq,B2,de,2118,0,0,0,0,0,0,2118
www/data,sq,B2,de_article,2118,0,0,948,0,0,0,1170
www/data,sq,B2,de_plural,2118,0,12,1097,0,0,0,1009
www/data,sq,B2,level,2118,0,0,0,0,0,0,2118
www/data,sr,B2,de,2118,0,0,0,0,0,0,2118
www/data,sr,B2,de_article,2118,0,0,948,0,0,0,1170
www/data,sr,B2,de_plural,2118,0,12,1097,0,0,0,1009
www/data,sr,B2,level,2118,0,0,0,0,0,0,2118
www/data,sv,B2,de,2118,0,0,0,0,0,0,2118
www/data,sv,B2,de_article,2118,0,0,948,0,0,0,1170
www/data,sv,B2,de_plural,2118,0,12,1096,0,0,0,1010
www/data,sv,B2,level,2118,0,0,0,0,0,0,2118
www/data,tr,B2,de,2118,0,0,0,0,0,0,2118
www/data,tr,B2,de_article,2118,0,0,948,0,0,0,1170
www/data,tr,B2,de_plural,2118,0,12,1097,0,0,0,1009
www/data,tr,B2,level,2118,0,0,0,0,0,0,2118
www/data,uk,B2,de,2118,0,0,0,0,0,0,2118
www/data,uk,B2,de_article,2118,0,0,948,0,0,0,1170
www/data,uk,B2,de_plural,2118,0,12,1097,0,0,0,1009
www/data,uk,B2,level,2118,0,0,0,0,0,0,2118
www/data,lv,C1,de,572,0,0,0,0,0,0,572
www/data,lv,C1,de_article,572,0,0,184,0,0,0,388
www/data,lv,C1,de_plural,572,0,0,219,0,0,0,353
www/data,lv,C1,level,572,0,0,0,0,0,0,572
www/data,bg,C1,de,572,0,0,0,0,0,0,572
www/data,bg,C1,de_article,572,0,0,184,0,0,0,388
www/data,bg,C1,de_plural,572,0,0,219,0,0,0,353
www/data,bg,C1,level,572,0,0,0,0,0,0,572
www/data,bs,C1,de,572,0,0,0,0,0,0,572
www/data,bs,C1,de_article,572,0,0,184,0,0,0,388
www/data,bs,C1,de_plural,572,0,0,219,0,0,0,353
www/data,bs,C1,level,572,0,0,0,0,0,0,572
www/data,cs,C1,de,572,0,0,0,0,0,0,572
www/data,cs,C1,de_article,572,0,0,184,0,0,0,388
www/data,cs,C1,de_plural,572,0,0,219,0,0,0,353
www/data,cs,C1,level,572,0,0,0,0,0,0,572
www/data,da,C1,de,572,0,0,0,0,0,0,572
www/data,da,C1,de_article,572,0,0,184,0,0,0,388
www/data,da,C1,de_plural,572,0,0,219,0,0,0,353
www/data,da,C1,level,572,0,0,0,0,0,0,572
www/data,en,C1,de,572,0,0,0,0,0,0,572
www/data,en,C1,de_article,572,0,0,184,0,0,0,388
www/data,en,C1,de_plural,572,0,0,219,0,0,0,353
www/data,en,C1,level,572,0,0,0,0,0,0,572
www/data,es,C1,de,572,0,0,0,0,0,0,572
www/data,es,C1,de_article,572,0,0,184,0,0,0,388
www/data,es,C1,de_plural,572,0,0,219,0,0,0,353
www/data,es,C1,level,572,0,0,0,0,0,0,572
www/data,et,C1,de,572,0,0,0,0,0,0,572
www/data,et,C1,de_article,572,0,0,184,0,0,0,388
www/data,et,C1,de_plural,572,0,0,219,0,0,0,353
www/data,et,C1,level,572,0,0,0,0,0,0,572
www/data,fi,C1,de,572,0,0,0,0,0,0,572
www/data,fi,C1,de_article,572,0,0,184,0,0,0,388
www/data,fi,C1,de_plural,572,0,0,219,0,0,0,353
www/data,fi,C1,level,572,0,0,0,0,0,0,572
www/data,fr,C1,de,572,0,0,0,0,0,0,572
www/data,fr,C1,de_article,572,0,0,184,0,0,0,388
www/data,fr,C1,de_plural,572,0,0,219,0,0,0,353
www/data,fr,C1,level,572,0,0,0,0,0,0,572
www/data,gr,C1,de,572,0,0,0,0,0,0,572
www/data,gr,C1,de_article,572,0,0,184,0,0,0,388
www/data,gr,C1,de_plural,572,0,0,219,0,0,0,353
www/data,gr,C1,level,572,0,0,0,0,0,0,572
www/data,hr,C1,de,572,0,0,0,0,0,0,572
www/data,hr,C1,de_article,572,0,0,184,0,0,0,388
www/data,hr,C1,de_plural,572,0,0,219,0,0,0,353
www/data,hr,C1,level,572,0,0,0,0,0,0,572
www/data,hu,C1,de,572,0,0,0,0,0,0,572
www/data,hu,C1,de_article,572,0,0,184,0,0,0,388
www/data,hu,C1,de_plural,572,0,0,219,0,0,0,353
www/data,hu,C1,level,572,0,0,0,0,0,0,572
www/data,is,C1,de,572,0,0,0,0,0,0,572
www/data,is,C1,de_article,572,0,0,184,0,0,0,388
www/data,is,C1,de_plural,572,0,0,219,0,0,0,353
www/data,is,C1,level,572,0,0,0,0,0,0,572
www/data,it,C1,de,572,0,0,0,0,0,0,572
www/data,it,C1,de_article,572,0,0,184,0,0,0,388
www/data,it,C1,de_plural,572,0,0,219,0,0,0,353
www/data,it,C1,level,572,0,0,0,0,0,0,572
www/data,lb,C1,de,572,0,0,0,0,0,0,572
www/data,lb,C1,de_article,572,0,0,184,0,0,0,388
www/data,lb,C1,de_plural,572,0,0,219,0,0,0,353
www/data,lb,C1,level,572,0,0,0,0,0,0,572
www/data,lt,C1,de,572,0,0,0,0,0,0,572
www/data,lt,C1,de_article,572,0,0,184,0,0,0,388
www/data,lt,C1,de_plural,572,0,0,219,0,0,0,353
www/data,lt,C1,level,572,0,0,0,0,0,0,572
www/data,mk,C1,de,572,0,0,0,0,0,0,572
www/data,mk,C1,de_article,572,0,0,184,0,0,0,388
www/data,mk,C1,de_plural,572,0,0,219,0,0,0,353
www/data,mk,C1,level,572,0,0,0,0,0,0,572
www/data,nb,C1,de,572,0,0,0,0,0,0,572
www/data,nb,C1,de_article,572,0,0,184,0,0,0,388
www/data,nb,C1,de_plural,572,0,0,219,0,0,0,353
www/data,nb,C1,level,572,0,0,0,0,0,0,572
www/data,nl,C1,de,572,0,0,0,0,0,0,572
www/data,nl,C1,de_article,572,0,0,184,0,0,0,388
www/data,nl,C1,de_plural,572,0,0,219,0,0,0,353
www/data,nl,C1,level,572,0,0,0,0,0,0,572
www/data,nn,C1,de,572,0,0,0,0,0,0,572
www/data,nn,C1,de_article,572,0,0,184,0,0,0,388
www/data,nn,C1,de_plural,572,0,0,219,0,0,0,353
www/data,nn,C1,level,572,0,0,0,0,0,0,572
www/data,pl,C1,de,572,0,0,0,0,0,0,572
www/data,pl,C1,de_article,572,0,0,184,0,0,0,388
www/data,pl,C1,de_plural,572,0,0,219,0,0,0,353
www/data,pl,C1,level,572,0,0,0,0,0,0,572
www/data,pt,C1,de,572,0,0,0,0,0,0,572
www/data,pt,C1,de_article,572,0,0,184,0,0,0,388
www/data,pt,C1,de_plural,572,0,0,219,0,0,0,353
www/data,pt,C1,level,572,0,0,0,0,0,0,572
www/data,ro,C1,de,572,0,0,0,0,0,0,572
www/data,ro,C1,de_article,572,0,0,184,0,0,0,388
www/data,ro,C1,de_plural,572,0,0,219,0,0,0,353
www/data,ro,C1,level,572,0,0,0,0,0,0,572
www/data,ru,C1,de,572,0,0,0,0,0,0,572
www/data,ru,C1,de_article,572,0,0,184,0,0,0,388
www/data,ru,C1,de_plural,572,0,0,219,0,0,0,353
www/data,ru,C1,level,572,0,0,0,0,0,0,572
www/data,sk,C1,de,572,0,0,0,0,0,0,572
www/data,sk,C1,de_article,572,0,0,184,0,0,0,388
www/data,sk,C1,de_plural,572,0,0,219,0,0,0,353
www/data,sk,C1,level,572,0,0,0,0,0,0,572
www/data,sl,C1,de,572,0,0,0,0,0,0,572
www/data,sl,C1,de_article,572,0,0,184,0,0,0,388
www/data,sl,C1,de_plural,572,0,0,219,0,0,0,353
www/data,sl,C1,level,572,0,0,0,0,0,0,572
www/data,sq,C1,de,572,0,0,0,0,0,0,572
www/data,sq,C1,de_article,572,0,0,184,0,0,0,388
www/data,sq,C1,de_plural,572,0,0,219,0,0,0,353
www/data,sq,C1,level,572,0,0,0,0,0,0,572
www/data,sr,C1,de,572,0,0,0,0,0,0,572
www/data,sr,C1,de_article,572,0,0,184,0,0,0,388
www/data,sr,C1,de_plural,572,0,0,219,0,0,0,353
www/data,sr,C1,level,572,0,0,0,0,0,0,572
www/data,sv,C1,de,572,0,0,0,0,0,0,572
www/data,sv,C1,de_article,572,0,0,184,0,0,0,388
www/data,sv,C1,de_plural,572,0,0,219,0,0,0,353
www/data,sv,C1,level,572,0,0,0,0,0,0,572
www/data,tr,C1,de,572,0,0,0,0,0,0,572
www/data,tr,C1,de_article,572,0,0,184,0,0,0,388
www/data,tr,C1,de_plural,572,0,0,219,0,0,0,353
www/data,tr,C1,level,572,0,0,0,0,0,0,572
www/data,uk,C1,de,572,0,0,0,0,0,0,572
www/data,uk,C1,de_article,572,0,0,184,0,0,0,388
www/data,uk,C1,de_plural,572,0,0,219,0,0,0,353
www/data,uk,C1,level,572,0,0,0,0,0,0,572
www/data,lv,C2,de,219,0,0,0,0,0,0,219
www/data,lv,C2,de_article,219,0,0,31,0,0,0,188
www/data,lv,C2,de_plural,219,0,0,39,0,0,0,180
www/data,lv,C2,level,219,0,0,0,0,0,0,219
www/data,bg,C2,de,219,0,0,0,0,0,0,219
www/data,bg,C2,de_article,219,0,0,31,0,0,0,188
www/data,bg,C2,de_plural,219,0,0,39,0,0,0,180
www/data,bg,C2,level,219,0,0,0,0,0,0,219
www/data,bs,C2,de,219,0,0,0,0,0,0,219
www/data,bs,C2,de_article,219,0,0,31,0,0,0,188
www/data,bs,C2,de_plural,219,0,0,39,0,0,0,180
www/data,bs,C2,level,219,0,0,0,0,0,0,219
www/data,cs,C2,de,219,0,0,0,0,0,0,219
www/data,cs,C2,de_article,219,0,0,31,0,0,0,188
www/data,cs,C2,de_plural,219,0,0,39,0,0,0,180
www/data,cs,C2,level,219,0,0,0,0,0,0,219
www/data,da,C2,de,219,0,0,0,0,0,0,219
www/data,da,C2,de_article,219,0,0,31,0,0,0,188
www/data,da,C2,de_plural,219,0,0,39,0,0,0,180
www/data,da,C2,level,219,0,0,0,0,0,0,219
www/data,en,C2,de,219,0,0,0,0,0,0,219
www/data,en,C2,de_article,219,0,0,31,0,0,0,188
www/data,en,C2,de_plural,219,0,0,39,0,0,0,180
www/data,en,C2,level,219,0,0,0,0,0,0,219
www/data,es,C2,de,219,0,0,0,0,0,0,219
www/data,es,C2,de_article,219,0,0,31,0,0,0,188
www/data,es,C2,de_plural,219,0,0,39,0,0,0,180
www/data,es,C2,level,219,0,0,0,0,0,0,219
www/data,et,C2,de,219,0,0,0,0,0,0,219
www/data,et,C2,de_article,219,0,0,31,0,0,0,188
www/data,et,C2,de_plural,219,0,0,39,0,0,0,180
www/data,et,C2,level,219,0,0,0,0,0,0,219
www/data,fi,C2,de,219,0,0,0,0,0,0,219
www/data,fi,C2,de_article,219,0,0,31,0,0,0,188
www/data,fi,C2,de_plural,219,0,0,39,0,0,0,180
www/data,fi,C2,level,219,0,0,0,0,0,0,219
www/data,fr,C2,de,219,0,0,0,0,0,0,219
www/data,fr,C2,de_article,219,0,0,31,0,0,0,188
www/data,fr,C2,de_plural,219,0,0,39,0,0,0,180
www/data,fr,C2,level,219,0,0,0,0,0,0,219
www/data,gr,C2,de,219,0,0,0,0,0,0,219
www/data,gr,C2,de_article,219,0,0,31,0,0,0,188
www/data,gr,C2,de_plural,219,0,0,39,0,0,0,180
www/data,gr,C2,level,219,0,0,0,0,0,0,219
www/data,hr,C2,de,219,0,0,0,0,0,0,219
www/data,hr,C2,de_article,219,0,0,31,0,0,0,188
www/data,hr,C2,de_plural,219,0,0,39,0,0,0,180
www/data,hr,C2,level,219,0,0,0,0,0,0,219
www/data,hu,C2,de,219,0,0,0,0,0,0,219
www/data,hu,C2,de_article,219,0,0,31,0,0,0,188
www/data,hu,C2,de_plural,219,0,0,39,0,0,0,180
www/data,hu,C2,level,219,0,0,0,0,0,0,219
www/data,is,C2,de,219,0,0,0,0,0,0,219
www/data,is,C2,de_article,219,0,0,31,0,0,0,188
www/data,is,C2,de_plural,219,0,0,39,0,0,0,180
www/data,is,C2,level,219,0,0,0,0,0,0,219
www/data,it,C2,de,219,0,0,0,0,0,0,219
www/data,it,C2,de_article,219,0,0,31,0,0,0,188
www/data,it,C2,de_plural,219,0,0,39,0,0,0,180
www/data,it,C2,level,219,0,0,0,0,0,0,219
www/data,lb,C2,de,219,0,0,0,0,0,0,219
www/data,lb,C2,de_article,219,0,0,31,0,0,0,188
www/data,lb,C2,de_plural,219,0,0,39,0,0,0,180
www/data,lb,C2,level,219,0,0,0,0,0,0,219
www/data,lt,C2,de,219,0,0,0,0,0,0,219
www/data,lt,C2,de_article,219,0,0,31,0,0,0,188
www/data,lt,C2,de_plural,219,0,0,39,0,0,0,180
www/data,lt,C2,level,219,0,0,0,0,0,0,219
www/data,mk,C2,de,219,0,0,0,0,0,0,219
www/data,mk,C2,de_article,219,0,0,31,0,0,0,188
www/data,mk,C2,de_plural,219,0,0,39,0,0,0,180
www/data,mk,C2,level,219,0,0,0,0,0,0,219
www/data,nb,C2,de,219,0,0,0,0,0,0,219
www/data,nb,C2,de_article,219,0,0,31,0,0,0,188
www/data,nb,C2,de_plural,219,0,0,39,0,0,0,180
www/data,nb,C2,level,219,0,0,0,0,0,0,219
www/data,nl,C2,de,219,0,0,0,0,0,0,219
www/data,nl,C2,de_article,219,0,0,31,0,0,0,188
www/data,nl,C2,de_plural,219,0,0,39,0,0,0,180
www/data,nl,C2,level,219,0,0,0,0,0,0,219
www/data,nn,C2,de,219,0,0,0,0,0,0,219
www/data,nn,C2,de_article,219,0,0,31,0,0,0,188
www/data,nn,C2,de_plural,219,0,0,39,0,0,0,180
www/data,nn,C2,level,219,0,0,0,0,0,0,219
www/data,pl,C2,de,219,0,0,0,0,0,0,219
www/data,pl,C2,de_article,219,0,0,31,0,0,0,188
www/data,pl,C2,de_plural,219,0,0,39,0,0,0,180
www/data,pl,C2,level,219,0,0,0,0,0,0,219
www/data,pt,C2,de,219,0,0,0,0,0,0,219
www/data,pt,C2,de_article,219,0,0,31,0,0,0,188
www/data,pt,C2,de_plural,219,0,0,39,0,0,0,180
www/data,pt,C2,level,219,0,0,0,0,0,0,219
www/data,ro,C2,de,219,0,0,0,0,0,0,219
www/data,ro,C2,de_article,219,0,0,31,0,0,0,188
www/data,ro,C2,de_plural,219,0,0,39,0,0,0,180
www/data,ro,C2,level,219,0,0,0,0,0,0,219
www/data,ru,C2,de,219,0,0,0,0,0,0,219
www/data,ru,C2,de_article,219,0,0,31,0,0,0,188
www/data,ru,C2,de_plural,219,0,0,39,0,0,0,180
www/data,ru,C2,level,219,0,0,0,0,0,0,219
www/data,sk,C2,de,219,0,0,0,0,0,0,219
www/data,sk,C2,de_article,219,0,0,31,0,0,0,188
www/data,sk,C2,de_plural,219,0,0,39,0,0,0,180
www/data,sk,C2,level,219,0,0,0,0,0,0,219
www/data,sl,C2,de,219,0,0,0,0,0,0,219
www/data,sl,C2,de_article,219,0,0,31,0,0,0,188
www/data,sl,C2,de_plural,219,0,0,39,0,0,0,180
www/data,sl,C2,level,219,0,0,0,0,0,0,219
www/data,sq,C2,de,219,0,0,0,0,0,0,219
www/data,sq,C2,de_article,219,0,0,31,0,0,0,188
www/data,sq,C2,de_plural,219,0,0,39,0,0,0,180
www/data,sq,C2,level,219,0,0,0,0,0,0,219
www/data,sr,C2,de,219,0,0,0,0,0,0,219
www/data,sr,C2,de_article,219,0,0,31,0,0,0,188
www/data,sr,C2,de_plural,219,0,0,39,0,0,0,180
www/data,sr,C2,level,219,0,0,0,0,0,0,219
www/data,sv,C2,de,219,0,0,0,0,0,0,219
www/data,sv,C2,de_article,219,0,0,31,0,0,0,188
www/data,sv,C2,de_plural,219,0,0,39,0,0,0,180
www/data,sv,C2,level,219,0,0,0,0,0,0,219
www/data,tr,C2,de,219,0,0,0,0,0,0,219
www/data,tr,C2,de_article,219,0,0,31,0,0,0,188
www/data,tr,C2,de_plural,219,0,0,39,0,0,0,180
www/data,tr,C2,level,219,0,0,0,0,0,0,219
www/data,uk,C2,de,219,0,0,0,0,0,0,219
www/data,uk,C2,de_article,219,0,0,31,0,0,0,188
www/data,uk,C2,de_plural,219,0,0,39,0,0,0,180
www/data,uk,C2,level,219,0,0,0,0,0,0,219
