tree,lang,dataset,index,field,lv_kind,lang_kind,de
data,et,B2,1443,de_plural,m,p,Pfahlbau
data,fi,B2,1443,de_plural,m,p,Pfahlbau
data,is,B2,1443,de_plural,m,p,Pfahlbau
data,nb,B2,1443,de_plural,m,p,Pfahlbau
data,nn,B2,1443,de_plural,m,p,Pfahlbau
data,sv,B2,1443,de_plural,m,p,Pfahlbau
www/data,et,B2,1443,de_plural,m,p,Pfahlbau
www/data,fi,B2,1443,de_plural,m,p,Pfahlbau
www/data,is,B2,1443,de_plural,m,p,Pfahlbau
www/data,nb,B2,1443,de_plural,m,p,Pfahlbau
www/data,nn,B2,1443,de_plural,m,p,Pfahlbau
www/data,sv,B2,1443,de_plural,m,p,Pfahlbau
