tree,lang,dataset,index,field,de
data,lv,A1,339,de_plural,Knoblauch
data,lv,A2,26,de_plural,Aerobic
data,lv,A2,82,de_plural,Ärger
data,lv,A2,401,de_plural,Eishockey
data,lv,A2,403,de_plural,Eislauf
data,lv,A2,676,de_plural,Hockey
data,lv,A2,814,de_plural,Kleingeld
data,lv,A2,920,de_plural,Mathematik
data,lv,A2,1082,de_plural,Physik
data,lv,A2,1561,de_plural,Wäsche
data,lv,A2,1579,de_plural,Werbung
data,lv,B1,165,de_plural,Arbeitslosigkeit
data,lv,B1,458,de_plural,Blei
data,lv,B1,539,de_plural,Chaos
data,lv,B1,944,de_plural,Freie
data,lv,B1,1009,de_plural,Geduld
data,lv,B1,1116,de_plural,Glanz
data,lv,B1,2269,de_plural,Reinemachen
data,lv,B1,2573,de_plural,Seegang
data,lv,B1,2611,de_plural,Sex
data,lv,B1,2694,de_plural,Sportfunk
data,lv,B1,2803,de_plural,Stroh
data,lv,B1,2856,de_plural,Tau
data,lv,B1,2999,de_plural,Ungeduld
data,lv,B1,3115,de_plural,Verstand
data,lv,B1,3140,de_plural,Vieh
data,lv,B1,3181,de_plural,Wachstum
data,lv,B1,3210,de_plural,Web
data,lv,B1,3239,de_plural,Weltraum
data,lv,B2,329,de_plural,Cholera
data,lv,B2,796,de_plural,Flaum
data,lv,B2,1049,de_plural,Güterversand
data,lv,B2,1144,de_plural,Hochverrat
data,lv,B2,1194,de_plural,Konsum
data,lv,B2,1286,de_plural,Mark
data,lv,B2,1287,de_plural,Marketing
data,lv,B2,1393,de_plural,Oberhand
data,lv,B2,1473,de_plural,Propaganda
data,lv,B2,1556,de_plural,Schadenersatz
data,lv,B2,1590,de_plural,Schmach
data,lv,B2,1765,de_plural,Überfluss
