level,index,de,de_article,cs tulkojums,A verdikts,B verdikts,gala statuss,OWNER,OWNER_NOTE
a2,865,Laune,die,Nálada,MATCH,,CONFIRMED_BILINGUAL,,
a1,185,Film,der,Film,MATCH,,CONFIRMED_BILINGUAL,,
b2,1648,Sinnbild,das,Symbol,MATCH,,CONFIRMED_BILINGUAL,,
b1,1564,Kollektiv,das,Kolektiv,MATCH,,CONFIRMED_BILINGUAL,,
a2,1390,Stirn,die,Čelo,MATCH,,CONFIRMED_BILINGUAL,,
c1,364,gesetzmäßig,,Zákonný • Zákonitý,MATCH,,CONFIRMED_BILINGUAL,,
a2,1331,sondern,,Nýbrž,MATCH,,CONFIRMED_BILINGUAL,,
b2,408,Distel,die,Bodlák,MATCH,,CONFIRMED_BILINGUAL,,
b2,1292,Maschinenbau,der,Strojírenství,MATCH,,CONFIRMED_BILINGUAL,,
b2,2014,Vorwurf,der,Výčitka • Výtka,MATCH,,CONFIRMED_BILINGUAL,,
b2,519,Eidechse,die,Ještěrka,MATCH,,CONFIRMED_BILINGUAL,,
a2,854,Künstler,der,Umělec,MATCH,,CONFIRMED_BILINGUAL,,
a1,584,suchen,,Hledat,MATCH,,CONFIRMED_BILINGUAL,,
b1,943,frech,,Drzý,MATCH,,CONFIRMED_BILINGUAL,,
a1,645,waschen,,Mýt,MATCH,,CONFIRMED_BILINGUAL,,
b2,704,erschießen,,Zastřelit,MATCH,,CONFIRMED_BILINGUAL,,
b1,3042,Veränderung,die,Změna,MATCH,,CONFIRMED_BILINGUAL,,
c1,111,Morgendämmerung,die,Svítání,MATCH,,CONFIRMED_BILINGUAL,,
b1,294,Begleitung,die,Doprovod,MATCH,,CONFIRMED_BILINGUAL,,
b1,2992,unbequem,,Nepohodlný,MATCH,,CONFIRMED_BILINGUAL,,
b1,260,bedauern,,Litovat,MATCH,,CONFIRMED_BILINGUAL,,
a2,364,dünn,,Tenký,MATCH,,CONFIRMED_BILINGUAL,,
a2,625,Hallenbad,das,Krytý bazén,MATCH,,CONFIRMED_BILINGUAL,,
b2,1234,leichtsinnig,,Lehkomyslný,MATCH,,CONFIRMED_BILINGUAL,,
b1,1454,Kamin,der,Krb,MATCH,,CONFIRMED_BILINGUAL,,
a1,608,über,,Nad • O • Přes,MATCH,,CONFIRMED_BILINGUAL,,
b1,689,Einkommen,das,Příjem,MATCH,,CONFIRMED_BILINGUAL,,
b1,332,Beleidigung,die,Urážka,MATCH,,CONFIRMED_BILINGUAL,,
a1,117,Buchstabe,der,Písmeno,MATCH,,CONFIRMED_BILINGUAL,,
b1,1752,Leibgericht,das,Oblíbené jídlo,MATCH,,CONFIRMED_BILINGUAL,,
b1,1393,inwendig,,Uvnitř,MATCH,,CONFIRMED_BILINGUAL,,
a2,951,Mittel,das,Prostředek,MATCH,,CONFIRMED_BILINGUAL,,
a2,1540,Vormittag,der,Dopoledne,MATCH,,CONFIRMED_BILINGUAL,,
b1,2166,Produktion,die,Výroba,MATCH,,CONFIRMED_BILINGUAL,,
b1,565,Dasein,das,Bytí,MATCH,,CONFIRMED_BILINGUAL,,
b1,2038,Organ,das,Orgán,MATCH,,CONFIRMED_BILINGUAL,,
a2,1013,niedrig,,Nízký,MATCH,,CONFIRMED_BILINGUAL,,
b1,2867,täuschen,,Oklamat,MATCH,,CONFIRMED_BILINGUAL,,
a2,184,Badehose,die,Plavky,MATCH,,CONFIRMED_BILINGUAL,,
b1,1103,Gewehr,das,Puška,MATCH,,CONFIRMED_BILINGUAL,,
c1,9,Aktiengesellschaft,die,Akciová společnost,MATCH,,CONFIRMED_BILINGUAL,,
b1,11,Alarm,der,Poplach,MATCH,,CONFIRMED_BILINGUAL,,
a2,1590,Wiese,die,Louka,MATCH,,CONFIRMED_BILINGUAL,,
a2,217,Beginn,der,Začátek,MATCH,,CONFIRMED_BILINGUAL,,
a2,491,filmen,,Filmovat,MATCH,,CONFIRMED_BILINGUAL,,
a2,700,Igel,der,Ježek,MATCH,,CONFIRMED_BILINGUAL,,
a2,874,Lehrbuch,das,Učebnice,MATCH,,CONFIRMED_BILINGUAL,,
b1,2018,offiziell,,Oficiální,MATCH,,CONFIRMED_BILINGUAL,,
a1,186,Filzstift,der,Fix,MATCH,,CONFIRMED_BILINGUAL,,
b1,2774,Stoß,der,Rána,MATCH,,CONFIRMED_BILINGUAL,,
b2,1896,verhasst,,Nenáviděný • Neviděný,PARTIAL_MATCH,SOURCE_UNAVAILABLE,CONFIRMED_BILINGUAL_PARTIAL,,
b2,683,Erlass,der,Nařízení • Příkaz • Dekret • Prominutí,PARTIAL_MATCH,SOURCE_UNAVAILABLE,CONFIRMED_BILINGUAL_PARTIAL,,
b2,687,erleiden,,Utrpět • Vytrpět • Přestát • Utrpět porážku,PARTIAL_MATCH,SOURCE_UNAVAILABLE,CONFIRMED_BILINGUAL_PARTIAL,,
b2,1832,unmenschlich,,Nelidský • Nehumánní,PARTIAL_MATCH,SOURCE_UNAVAILABLE,CONFIRMED_BILINGUAL_PARTIAL,,
b2,317,Bündnis,das,Aliance • Spolek,PARTIAL_MATCH,SOURCE_UNAVAILABLE,CONFIRMED_BILINGUAL_PARTIAL,,
b2,885,Gefallen,das,Zalíbení • Libost,PARTIAL_MATCH,SOURCE_UNAVAILABLE,CONFIRMED_BILINGUAL_PARTIAL,,
c1,222,beratschlagen,,Radit se • Projednávat,PARTIAL_MATCH,SOURCE_UNAVAILABLE,CONFIRMED_BILINGUAL_PARTIAL,,
b2,476,Durchführung,die,Provedení skrz • Splnění • Provedení • Provádění • Realizace,PARTIAL_MATCH,SOURCE_UNAVAILABLE,CONFIRMED_BILINGUAL_PARTIAL,,
a1,172,fahren,,Jet • Jezdit • Vézt / odvézt,PARTIAL_MATCH,SOURCE_UNAVAILABLE,CONFIRMED_BILINGUAL_PARTIAL,,
b2,1505,redigieren,,Redigovat • Editovat,PARTIAL_MATCH,SOURCE_UNAVAILABLE,CONFIRMED_BILINGUAL_PARTIAL,,
b2,1490,raffiniert,,Rafinovaný • Mazaný,PARTIAL_MATCH,SOURCE_UNAVAILABLE,CONFIRMED_BILINGUAL_PARTIAL,,
b2,1671,Spießbürger,der,Maloměšťák • Šosák,PARTIAL_MATCH,SOURCE_UNAVAILABLE,CONFIRMED_BILINGUAL_PARTIAL,,
b2,1015,Gondel,die,Gondola • Lanovka,PARTIAL_MATCH,SOURCE_UNAVAILABLE,CONFIRMED_BILINGUAL_PARTIAL,,
b2,2103,zwanglos,,Volný • Nenucený,PARTIAL_MATCH,SOURCE_UNAVAILABLE,CONFIRMED_BILINGUAL_PARTIAL,,
c1,216,beispielhaft,,Vzorný • Příkladný,PARTIAL_MATCH,SOURCE_UNAVAILABLE,CONFIRMED_BILINGUAL_PARTIAL,,
b2,121,Auszeichnung,die,Vyznamenání • ocenění • čestný odznak,PARTIAL_MATCH,SOURCE_UNAVAILABLE,CONFIRMED_BILINGUAL_PARTIAL,,
b2,856,Fürsorge,die,Péče • Opatrovnictví,PARTIAL_MATCH,SOURCE_UNAVAILABLE,CONFIRMED_BILINGUAL_PARTIAL,,
b2,18,angebracht,,Vhodný • Připevněný,PARTIAL_MATCH,SOURCE_UNAVAILABLE,CONFIRMED_BILINGUAL_PARTIAL,,
b2,61,abschrecken,,Zastrašit • Rychle ochladit,PARTIAL_MATCH,SOURCE_UNAVAILABLE,CONFIRMED_BILINGUAL_PARTIAL,,
b2,634,entlarven,,Odhalit • Demaskovat,PARTIAL_MATCH,SOURCE_UNAVAILABLE,CONFIRMED_BILINGUAL_PARTIAL,,
b2,1613,schwärmen,,Nadchnout se • Horovat • Snít,PARTIAL_MATCH,SOURCE_UNAVAILABLE,CONFIRMED_BILINGUAL_PARTIAL,,
b2,1921,verleumden,,Pomlouvat • Očerňovat,PARTIAL_MATCH,SOURCE_UNAVAILABLE,CONFIRMED_BILINGUAL_PARTIAL,,
a1,12,an,,Na • Na povrchu • Na okraji,PARTIAL_MATCH,SOURCE_UNAVAILABLE,CONFIRMED_BILINGUAL_PARTIAL,,
b2,695,Eröffnung,die,Otevření • Zahájení • Odhalení • Oznámení • Objev,PARTIAL_MATCH,SOURCE_UNAVAILABLE,CONFIRMED_BILINGUAL_PARTIAL,,
b2,2060,Wesen,das,Bytost • Tvor • Podstata • Příroda,PARTIAL_MATCH,SOURCE_UNAVAILABLE,CONFIRMED_BILINGUAL_PARTIAL,,
b2,1482,quellen,,Vytékat • Prýštit • Nasáknout • Promoknout • Nabobtnat,PARTIAL_MATCH,SOURCE_UNAVAILABLE,CONFIRMED_BILINGUAL_PARTIAL,,
c1,366,Gesichtskreis,der,Horizont • Obzor,PARTIAL_MATCH,SOURCE_UNAVAILABLE,CONFIRMED_BILINGUAL_PARTIAL,,
a1,391,malen,,Malovat • Vybarvovat,PARTIAL_MATCH,SOURCE_UNAVAILABLE,CONFIRMED_BILINGUAL_PARTIAL,,
c2,14,beaufsichtigen,,Dohlížet • Dozorovat,PARTIAL_MATCH,SOURCE_UNAVAILABLE,CONFIRMED_BILINGUAL_PARTIAL,,
b2,457,dumpf,,Dutý • Tlumený • Dusný • Dusivý • Těžký • Utlačovaný • Tísnivý,PARTIAL_MATCH,SOURCE_UNAVAILABLE,CONFIRMED_BILINGUAL_PARTIAL,,
b2,638,entnehmen,,Vzít • Odebrat • Vyjmout • Usoudit,PARTIAL_MATCH,SOURCE_UNAVAILABLE,CONFIRMED_BILINGUAL_PARTIAL,,
b2,745,Fabrikat,das,Průmyslový výrobek • Výrobek,PARTIAL_MATCH,SOURCE_UNAVAILABLE,CONFIRMED_BILINGUAL_PARTIAL,,
b2,2022,Wahlkampf,der,Volební boj • Volební kampaň,PARTIAL_MATCH,SOURCE_UNAVAILABLE,CONFIRMED_BILINGUAL_PARTIAL,,
b2,1793,umkreisen,,Obklíčit • Obležet • Vznášet se • Spustit • Kroužit,PARTIAL_MATCH,SOURCE_UNAVAILABLE,CONFIRMED_BILINGUAL_PARTIAL,,
b2,227,Beute,die,Kořist • Zisk • Trofej,PARTIAL_MATCH,SOURCE_UNAVAILABLE,CONFIRMED_BILINGUAL_PARTIAL,,
b2,488,dürr,,Suchý • Vyschlý • Seschlý • Chudý,PARTIAL_MATCH,SOURCE_UNAVAILABLE,CONFIRMED_BILINGUAL_PARTIAL,,
b2,243,Biegung,die,Ohyb • Zakřivení,PARTIAL_MATCH,SOURCE_UNAVAILABLE,CONFIRMED_BILINGUAL_PARTIAL,,
b2,1885,Verfall,der,Zhroucení • Úpadek • Chátrání,PARTIAL_MATCH,SOURCE_UNAVAILABLE,CONFIRMED_BILINGUAL_PARTIAL,,
b2,1515,Reich,das,Říše • Stát,PARTIAL_MATCH,SOURCE_UNAVAILABLE,CONFIRMED_BILINGUAL_PARTIAL,,
b2,1536,rühmen,,Chválit • Vychvalovat • Chlubit se • Honosit se něčím,PARTIAL_MATCH,SOURCE_UNAVAILABLE,CONFIRMED_BILINGUAL_PARTIAL,,
c1,474,Sinnestäuschung,die,Smyslový klam • Smyslová iluze,PARTIAL_MATCH,SOURCE_UNAVAILABLE,CONFIRMED_BILINGUAL_PARTIAL,,
b2,1864,Urkunde,die,Listina • Dokument,PARTIAL_MATCH,SOURCE_UNAVAILABLE,CONFIRMED_BILINGUAL_PARTIAL,,
b2,881,gedenken,,Mít v úmyslu • Pamatovat • Vzpomínat • Připomínat,PARTIAL_MATCH,SOURCE_UNAVAILABLE,CONFIRMED_BILINGUAL_PARTIAL,,
b2,720,Erwägung,die,Zvažování • Úvaha,PARTIAL_MATCH,SOURCE_UNAVAILABLE,CONFIRMED_BILINGUAL_PARTIAL,,
b2,1874,verborgen,,Skrytý • Tajný,PARTIAL_MATCH,SOURCE_UNAVAILABLE,CONFIRMED_BILINGUAL_PARTIAL,,
b2,1428,Parole,die,Heslo • Slogan,PARTIAL_MATCH,SOURCE_UNAVAILABLE,CONFIRMED_BILINGUAL_PARTIAL,,
a1,187,finden,,Najít • Myslet si,PARTIAL_MATCH,SOURCE_UNAVAILABLE,CONFIRMED_BILINGUAL_PARTIAL,,
b2,1643,sickern,,Prosakovat • Vsakovat se,PARTIAL_MATCH,SOURCE_UNAVAILABLE,CONFIRMED_BILINGUAL_PARTIAL,,
b2,1673,Spott,der,Výsměch • Posměch • Zlý vtip,PARTIAL_MATCH,SOURCE_UNAVAILABLE,CONFIRMED_BILINGUAL_PARTIAL,,
c1,234,Besonderheit,die,Zvláštnost • Podivnost,PARTIAL_MATCH,SOURCE_UNAVAILABLE,CONFIRMED_BILINGUAL_PARTIAL,,
b2,850,Funkspruch,der,Radiogram • Rádiová zpráva,NO_MATCH,SOURCE_UNAVAILABLE,NEEDS_SOURCE_REVIEW,,
b1,3283,Zollamt,das,Celní úřad,NO_MATCH,SOURCE_UNAVAILABLE,NEEDS_SOURCE_REVIEW,,
a2,113,auffordern,,Vyzvat,NO_MATCH,SOURCE_UNAVAILABLE,NEEDS_SOURCE_REVIEW,,
b1,3104,verschieben,,Přesunout,NO_MATCH,SOURCE_UNAVAILABLE,NEEDS_SOURCE_REVIEW,,
b1,938,fortlaufen,,Utéci,NO_MATCH,SOURCE_UNAVAILABLE,NEEDS_SOURCE_REVIEW,,
b1,2513,Schranke,die,Bariéra,NO_MATCH,SOURCE_UNAVAILABLE,NEEDS_SOURCE_REVIEW,,
c1,23,ächten,,Ostrakizovat • Společensky ostrakizovat,NO_MATCH,SOURCE_UNAVAILABLE,NEEDS_SOURCE_REVIEW,,
b2,1790,umgestalten,,Transformovat,NO_MATCH,SOURCE_UNAVAILABLE,NEEDS_SOURCE_REVIEW,,
b2,851,Funkstation,die,Vysílací stanice,NO_MATCH,SOURCE_UNAVAILABLE,NEEDS_SOURCE_REVIEW,,
b1,709,einsperren,,Uvěznit,NO_MATCH,SOURCE_UNAVAILABLE,NEEDS_SOURCE_REVIEW,,
b1,82,absichtlich,,Záměrně,NO_MATCH,SOURCE_UNAVAILABLE,NEEDS_SOURCE_REVIEW,,
b2,262,bleihaltig,,Obsahující olovo,NO_MATCH,SOURCE_UNAVAILABLE,NEEDS_SOURCE_REVIEW,,
b1,1455,Kammer,die,Pokoj,NO_MATCH,SOURCE_UNAVAILABLE,NEEDS_SOURCE_REVIEW,,
b1,2206,Radau,der,Hluk,NO_MATCH,SOURCE_UNAVAILABLE,NEEDS_SOURCE_REVIEW,,
b2,1523,sich revanchieren,,Odplatit • Pomstít se,NO_MATCH,SOURCE_UNAVAILABLE,NEEDS_SOURCE_REVIEW,,
b2,470,durchbrennen,,Propálit skrz • Přepálit • Vyhořet • Přepálit se,NO_MATCH,SOURCE_UNAVAILABLE,NEEDS_SOURCE_REVIEW,,
b1,3087,sich verlaufen,,Ztratit se,NO_MATCH,SOURCE_UNAVAILABLE,NEEDS_SOURCE_REVIEW,,
b1,3018,unterbrechen,,Přerušit,NO_MATCH,SOURCE_UNAVAILABLE,NEEDS_SOURCE_REVIEW,,
b2,345,Dämpfer,der,Atenuátor,NO_MATCH,SOURCE_UNAVAILABLE,NEEDS_SOURCE_REVIEW,,
b2,1082,Heilquelle,die,Zdroj uzdravení,NO_MATCH,SOURCE_UNAVAILABLE,NEEDS_SOURCE_REVIEW,,
a2,591,Gewicht,das,Hmotnost,NO_MATCH,SOURCE_UNAVAILABLE,NEEDS_SOURCE_REVIEW,,
b1,1533,Klimaanlage,die,Klimatizační jednotka,NO_MATCH,SOURCE_UNAVAILABLE,NEEDS_SOURCE_REVIEW,,
b1,208,äußerst,,Velmi,NO_MATCH,SOURCE_UNAVAILABLE,NEEDS_SOURCE_REVIEW,,
b1,790,sich erhalten,,Uchovat se,NO_MATCH,SOURCE_UNAVAILABLE,NEEDS_SOURCE_REVIEW,,
a2,702,immens,,Velmi velký,NO_MATCH,SOURCE_UNAVAILABLE,NEEDS_SOURCE_REVIEW,,
b1,1688,Kürzung,die,Snížení,NO_MATCH,SOURCE_UNAVAILABLE,NEEDS_SOURCE_REVIEW,,
b2,1037,großmütig,,Velkorysý • Ušlechtilý,NO_MATCH,SOURCE_UNAVAILABLE,NEEDS_SOURCE_REVIEW,,
a2,555,Gardine,die,Okenní závěs,NO_MATCH,SOURCE_UNAVAILABLE,NEEDS_SOURCE_REVIEW,,
c1,57,Einfamilienhaus,das,Rodinný dům,NO_MATCH,SOURCE_UNAVAILABLE,NEEDS_SOURCE_REVIEW,,
b2,1022,grauen,,Šedivět,NO_MATCH,SOURCE_UNAVAILABLE,NEEDS_SOURCE_REVIEW,,
b2,1680,Spross,der,Bot. výhonek • Dzin • Přen. potomek • Ratolest,NO_MATCH,SOURCE_UNAVAILABLE,NEEDS_SOURCE_REVIEW,,
a2,394,einsteigen,,Nastoupit,NO_MATCH,SOURCE_UNAVAILABLE,NEEDS_SOURCE_REVIEW,,
a2,241,Besteck,das,Příbory,NO_MATCH,SOURCE_UNAVAILABLE,NEEDS_SOURCE_REVIEW,,
b1,1924,Müllkippe,die,Skládka odpadků,NO_MATCH,SOURCE_UNAVAILABLE,NEEDS_SOURCE_REVIEW,,
a2,940,mieten,,Pronajmout si,NO_MATCH,SOURCE_UNAVAILABLE,NEEDS_SOURCE_REVIEW,,
a2,1084,Pille,die,Tableta,NO_MATCH,SOURCE_UNAVAILABLE,NEEDS_SOURCE_REVIEW,,
a1,318,kommen,,Přijít,NO_MATCH,SOURCE_UNAVAILABLE,NEEDS_SOURCE_REVIEW,,
b2,1188,Kommunismus,der,Komunismus,NO_MATCH,SOURCE_UNAVAILABLE,NEEDS_SOURCE_REVIEW,,
b1,2895,Tomatenmark,das,Rajčatový protlak,NO_MATCH,SOURCE_UNAVAILABLE,NEEDS_SOURCE_REVIEW,,
b1,2331,rollen,,Válet se,NO_MATCH,SOURCE_UNAVAILABLE,NEEDS_SOURCE_REVIEW,,
b2,1138,Hochachtung,die,Velká úcta,NO_MATCH,SOURCE_UNAVAILABLE,NEEDS_SOURCE_REVIEW,,
c1,349,Gepäckschein,der,Zavazadlový lístek,NO_MATCH,SOURCE_UNAVAILABLE,NEEDS_SOURCE_REVIEW,,
b2,399,diensthabend,,Ve službě,NO_MATCH,SOURCE_UNAVAILABLE,NEEDS_SOURCE_REVIEW,,
b2,1741,totschlagen,,Utlouct • Ubít,NO_MATCH,SOURCE_UNAVAILABLE,NEEDS_SOURCE_REVIEW,,
b1,1922,Hausmüll,der,Domovní odpad,NO_MATCH,SOURCE_UNAVAILABLE,NEEDS_SOURCE_REVIEW,,
b1,1493,Kelch,der,Pohár,NO_MATCH,SOURCE_UNAVAILABLE,NEEDS_SOURCE_REVIEW,,
c1,521,sich verschließen,,Uzavřít se • Bránit se něčemu,NO_MATCH,SOURCE_UNAVAILABLE,NEEDS_SOURCE_REVIEW,,
c2,121,Friedensverhandlungen,die,Mírové rozhovory,NO_MATCH,SOURCE_UNAVAILABLE,NEEDS_SOURCE_REVIEW,,
a2,888,Lieferung,die,Dodání,NO_MATCH,SOURCE_UNAVAILABLE,NEEDS_SOURCE_REVIEW,,
b2,627,entgegnen,,Odpovědět,NO_MATCH,SOURCE_UNAVAILABLE,NEEDS_SOURCE_REVIEW,,
c2,97,Informationsdefizit,das,Informační deficit,NOT_IN_SOURCE,SOURCE_UNAVAILABLE,NEEDS_SOURCE_REVIEW,,
b1,1699,Lackentferner,der,Odlakovač na nehty,NOT_IN_SOURCE,SOURCE_UNAVAILABLE,NEEDS_SOURCE_REVIEW,,
a2,1038,Öffnungszeit,die,Otevírací doba,NOT_IN_SOURCE,SOURCE_UNAVAILABLE,NEEDS_SOURCE_REVIEW,,
c1,358,Geschäftshaus,das,Obchodní dům,NOT_IN_SOURCE,SOURCE_UNAVAILABLE,NEEDS_SOURCE_REVIEW,,
b2,1255,Lochkarte,die,Děrný štítek,NOT_IN_SOURCE,SOURCE_UNAVAILABLE,NEEDS_SOURCE_REVIEW,,
b2,1651,smart,,Chytrý • Mazaný,NOT_IN_SOURCE,SOURCE_UNAVAILABLE,NEEDS_SOURCE_REVIEW,,
c1,41,Bergwanderung,die,Horská turistika,NOT_IN_SOURCE,SOURCE_UNAVAILABLE,NEEDS_SOURCE_REVIEW,,
b1,1163,Gummischuh,der,Galoše,NOT_IN_SOURCE,SOURCE_UNAVAILABLE,NEEDS_SOURCE_REVIEW,,
b2,1483,querüber,,Naproti,NOT_IN_SOURCE,SOURCE_UNAVAILABLE,NEEDS_SOURCE_REVIEW,,
b1,1320,Hüftumfang,der,Obvod boků,NOT_IN_SOURCE,SOURCE_UNAVAILABLE,NEEDS_SOURCE_REVIEW,,
b2,361,Dealer,der,Nelegální drogový dealer,NOT_IN_SOURCE,SOURCE_UNAVAILABLE,NEEDS_SOURCE_REVIEW,,
b2,1510,Regelverstoß,der,Porušení pravidel,NOT_IN_SOURCE,SOURCE_UNAVAILABLE,NEEDS_SOURCE_REVIEW,,
a2,1198,saurer Rahm,,Zakysaná smetana,NOT_IN_SOURCE,SOURCE_UNAVAILABLE,NEEDS_SOURCE_REVIEW,,
b2,331,Chorleiter,der,Sbormistr,NOT_IN_SOURCE,SOURCE_UNAVAILABLE,NEEDS_SOURCE_REVIEW,,
b2,895,Amtsgeheimnis,das,Úřední tajemství,NOT_IN_SOURCE,SOURCE_UNAVAILABLE,NEEDS_SOURCE_REVIEW,,
b2,1345,mutieren,,Mutovat,NOT_IN_SOURCE,SOURCE_UNAVAILABLE,NEEDS_SOURCE_REVIEW,,
b1,252,Beamte,der,Státní úředník,NOT_IN_SOURCE,SOURCE_UNAVAILABLE,NEEDS_SOURCE_REVIEW,,
b2,2095,zuströmen,,Přitékat • Proudit k,NOT_IN_SOURCE,SOURCE_UNAVAILABLE,NEEDS_SOURCE_REVIEW,,
b2,1127,Hirntumor,der,Mozkový nádor,NOT_IN_SOURCE,SOURCE_UNAVAILABLE,NEEDS_SOURCE_REVIEW,,
c1,131,Rennen mit Hindernissen,das,Překážkový závod,NOT_IN_SOURCE,SOURCE_UNAVAILABLE,NEEDS_SOURCE_REVIEW,,
b2,375,Demission,die,Odstoupení z funkce • Demise,NOT_IN_SOURCE,SOURCE_UNAVAILABLE,NEEDS_SOURCE_REVIEW,,
c2,133,Gelegenheitsarbeiter,der,Příležitostný dělník,NOT_IN_SOURCE,SOURCE_UNAVAILABLE,NEEDS_SOURCE_REVIEW,,
c1,124,Polstergarnitur,die,Sestava čalouněného nábytku,NOT_IN_SOURCE,SOURCE_UNAVAILABLE,NEEDS_SOURCE_REVIEW,,
b2,1367,Nebelschwaden,der,Pás mlhy,NOT_IN_SOURCE,SOURCE_UNAVAILABLE,NEEDS_SOURCE_REVIEW,,
b2,1128,Hirnzelle,die,Mozková buňka,NOT_IN_SOURCE,SOURCE_UNAVAILABLE,NEEDS_SOURCE_REVIEW,,
c1,323,soziale Fürsorge,die,Sociální péče,NOT_IN_SOURCE,SOURCE_UNAVAILABLE,NEEDS_SOURCE_REVIEW,,
c1,447,Produktionsweise,die,Způsob výroby,NOT_IN_SOURCE,SOURCE_UNAVAILABLE,NEEDS_SOURCE_REVIEW,,
b2,1225,Lawinenopfer,das,Oběť laviny,NOT_IN_SOURCE,SOURCE_UNAVAILABLE,NEEDS_SOURCE_REVIEW,,
b1,2393,Sauger,der,Dudlík na lahvičce,NOT_IN_SOURCE,SOURCE_UNAVAILABLE,NEEDS_SOURCE_REVIEW,,
c1,258,Zolldeklaration,die,Celní prohlášení,NOT_IN_SOURCE,SOURCE_UNAVAILABLE,NEEDS_SOURCE_REVIEW,,
b2,1063,Hängsel,das,Šité ramínko na šaty,NOT_IN_SOURCE,SOURCE_UNAVAILABLE,NEEDS_SOURCE_REVIEW,,
b1,2633,Sitten,die,Zvyky,NOT_IN_SOURCE,SOURCE_UNAVAILABLE,NEEDS_SOURCE_REVIEW,,
b2,545,Einfuhrsperre,die,Blokáda dovozu,NOT_IN_SOURCE,SOURCE_UNAVAILABLE,NEEDS_SOURCE_REVIEW,,
b2,125,Blutbank,die,Krevní rezervy,NOT_IN_SOURCE,SOURCE_UNAVAILABLE,NEEDS_SOURCE_REVIEW,,
c1,244,Bildhauerkunst,die,Sochařství,NOT_IN_SOURCE,SOURCE_UNAVAILABLE,NEEDS_SOURCE_REVIEW,,
b2,1414,Organentnahme,die,Odebrání orgánu,NOT_IN_SOURCE,SOURCE_UNAVAILABLE,NEEDS_SOURCE_REVIEW,,
b2,2064,Wettschwimmen,das,Plavecký závod,NOT_IN_SOURCE,SOURCE_UNAVAILABLE,NEEDS_SOURCE_REVIEW,,
c2,0,Unvoreingenommenheit,die,Objektivita • Neutralita,NOT_IN_SOURCE,SOURCE_UNAVAILABLE,NEEDS_SOURCE_REVIEW,,
b1,2884,Textilwaren,die,Textilní zboží,NOT_IN_SOURCE,SOURCE_UNAVAILABLE,NEEDS_SOURCE_REVIEW,,
a2,737,Joghurt / Jogurt,der,Jogurt,NOT_IN_SOURCE,SOURCE_UNAVAILABLE,NEEDS_SOURCE_REVIEW,,
b2,1722,Tagegeld,das,Diety na pracovní cestu • Denní cestovní náhrada,NOT_IN_SOURCE,SOURCE_UNAVAILABLE,NEEDS_SOURCE_REVIEW,,
a2,1541,vorn[e],,Vpředu,NOT_IN_SOURCE,SOURCE_UNAVAILABLE,NEEDS_SOURCE_REVIEW,,
b2,37,Abendblatt,das,Večerní noviny,NOT_IN_SOURCE,SOURCE_UNAVAILABLE,NEEDS_SOURCE_REVIEW,,
a2,1605,zu sein,,Být uzavřen,NOT_IN_SOURCE,SOURCE_UNAVAILABLE,NEEDS_SOURCE_REVIEW,,
b2,1254,Lochband,das,Děrná páska,NOT_IN_SOURCE,SOURCE_UNAVAILABLE,NEEDS_SOURCE_REVIEW,,
b2,751,Fahndungsliste,die,Seznam hledaných osob,NOT_IN_SOURCE,SOURCE_UNAVAILABLE,NEEDS_SOURCE_REVIEW,,
b2,1210,Länderkunde,die,Regionální geografie,NOT_IN_SOURCE,SOURCE_UNAVAILABLE,NEEDS_SOURCE_REVIEW,,
b1,1838,Mars,der,Mars,NOT_IN_SOURCE,SOURCE_UNAVAILABLE,NEEDS_SOURCE_REVIEW,,
b1,1615,Magenkrampf,der,Žaludeční křeč,NOT_IN_SOURCE,SOURCE_UNAVAILABLE,NEEDS_SOURCE_REVIEW,,
b1,2210,Radspur,die,Stopa kola,NOT_IN_SOURCE,SOURCE_UNAVAILABLE,NEEDS_SOURCE_REVIEW,,
